Date,Product,Category,Region,Sales_Representative,Quantity,Unit_Price,Revenue,Cost,Profit
2022-01-01,Desk Lamp LED,Furniture,East,Neha Patel,32,42.28,1352.96,485.12,867.84
2022-01-01,Wireless Mouse,Electronics,Central,Divya Nair,23,32.33,743.59,277.72,465.87
2022-01-01,Webcam HD,Electronics,South,Karthik Iyer,16,76.9,1230.4,461.16,769.24
2022-01-01,Screen Protector,Accessories,Central,Arjun Mehta,4,13.68,54.72,11.88,42.84
2022-01-01,Wireless Mouse,Electronics,West,Divya Nair,14,28.36,397.04,173.01,224.03
2022-01-02,Laptop Air 13,Electronics,East,Neha Patel,3,745.8,2237.4,1686.17,551.23
2022-01-02,Whiteboard Markers,Office Supplies,North,Sneha Joshi,11,16.24,178.64,56.07,122.57
2022-01-02,Laptop Air 13,Electronics,West,Vikram Singh,5,814.2,4071.0,2812.2,1258.8
2022-01-02,Wireless Mouse,Electronics,North,Ananya Reddy,21,29.34,616.14,251.37,364.77
2022-01-02,Printer Paper Ream,Office Supplies,West,Priya Sharma,24,9.07,217.68,81.09,136.59
2022-01-03,Desk Lamp LED,Furniture,East,Sneha Joshi,17,42.24,718.08,248.0,470.08
2022-01-03,Filing Cabinet,Furniture,East,Amit Kumar,13,119.05,1547.65,931.53,616.12
2022-01-03,Laptop Air 13,Electronics,Central,Amit Kumar,2,773.26,1546.52,1046.87,499.65
2022-01-04,Desk Lamp LED,Furniture,North,Divya Nair,40,37.51,1500.4,593.29,907.11
2022-01-04,Filing Cabinet,Furniture,Central,Vikram Singh,17,127.86,2173.62,1226.93,946.69
2022-01-04,Cable Organizer,Accessories,North,Amit Kumar,16,9.3,148.8,47.39,101.41
2022-01-05,Power Bank 20000mAh,Accessories,Central,Karthik Iyer,16,43.37,693.92,266.99,426.93
2022-01-05,Laptop Air 13,Electronics,North,Ananya Reddy,2,787.19,1574.38,1084.24,490.14
2022-01-05,Laptop Air 13,Electronics,North,Arjun Mehta,5,752.84,3764.2,2632.14,1132.06
2022-01-05,Stapler Heavy Duty,Office Supplies,Central,Priya Sharma,9,21.94,197.46,60.6,136.86
2022-01-06,Notebook A4 Pack,Office Supplies,West,Amit Kumar,11,11.94,131.34,42.15,89.19
2022-01-06,Headphones Wireless,Electronics,South,Vikram Singh,16,171.82,2749.12,1199.63,1549.49
2022-01-06,Pen Set Premium,Office Supplies,West,Ananya Reddy,31,26.72,828.32,236.14,592.18
2022-01-07,Bookshelf Oak,Furniture,East,Divya Nair,9,182.22,1639.98,879.26,760.72
2022-01-07,USB-C Hub,Electronics,North,Ananya Reddy,41,49.19,2016.79,887.68,1129.11
2022-01-07,Tablet 10 inch,Electronics,South,Karthik Iyer,3,510.96,1532.88,915.66,617.22
2022-01-07,Whiteboard Markers,Office Supplies,Central,Divya Nair,42,16.49,692.58,202.05,490.53
2022-01-07,Bookshelf Oak,Furniture,North,Priya Sharma,17,189.39,3219.63,1681.55,1538.08
2022-01-07,Tablet 10 inch,Electronics,East,Neha Patel,5,537.43,2687.15,1569.5,1117.65
2022-01-08,Cable Organizer,Accessories,North,Rohan Gupta,34,10.34,351.56,102.45,249.11
2022-01-08,Desk Lamp LED,Furniture,Central,Arjun Mehta,13,40.2,522.6,204.41,318.19
2022-01-08,Wireless Mouse,Electronics,West,Ananya Reddy,23,29.19,671.37,269.7,401.67
2022-01-09,Laptop Pro 15,Electronics,Central,Ananya Reddy,4,882.81,3531.24,2578.11,953.13
2022-01-09,Mechanical Keyboard,Electronics,East,Amit Kumar,11,88.62,974.82,461.17,513.65
2022-01-09,Cable Organizer,Accessories,South,Arjun Mehta,11,10.57,116.27,32.48,83.79
2022-01-09,Laptop Pro 15,Electronics,East,Vikram Singh,2,824.1,1648.2,1358.16,290.04
2022-01-10,Laptop Bag,Accessories,Central,Rohan Gupta,4,60.21,240.84,100.06,140.78
2022-01-11,Pen Set Premium,Office Supplies,North,Arjun Mehta,35,26.16,915.6,280.12,635.48
2022-01-11,Desk Organizer,Office Supplies,West,Ananya Reddy,9,31.76,285.84,126.95,158.89
2022-01-11,Headphones Wireless,Electronics,West,Sneha Joshi,2,150.72,301.44,151.4,150.04
2022-01-11,Monitor 27 inch,Electronics,East,Divya Nair,5,345.09,1725.45,1017.8,707.65
2022-01-11,Laptop Pro 15,Electronics,West,Karthik Iyer,5,917.9,4589.5,3306.0,1283.5
2022-01-11,Desk Lamp LED,Furniture,South,Divya Nair,18,43.47,782.46,282.38,500.08
2022-01-11,Headphones Wireless,Electronics,West,Vikram Singh,3,160.78,482.34,233.76,248.58
2022-01-12,Cable Organizer,Accessories,North,Karthik Iyer,17,9.34,158.78,53.34,105.44
2022-01-12,Desk Lamp LED,Furniture,South,Neha Patel,8,40.29,322.32,117.97,204.35
2022-01-13,Tablet 10 inch,Electronics,West,Ananya Reddy,3,485.38,1456.14,883.98,572.16
2022-01-13,Printer Paper Ream,Office Supplies,Central,Sneha Joshi,4,9.16,36.64,13.68,22.96
2022-01-13,Laptop Air 13,Electronics,North,Vikram Singh,3,730.87,2192.61,1576.19,616.42
2022-01-13,Desk Organizer,Office Supplies,West,Rohan Gupta,46,33.33,1533.18,637.9,895.28
2022-01-13,Phone Stand,Accessories,West,Sneha Joshi,27,18.48,498.96,154.55,344.41
2022-01-14,Pen Set Premium,Office Supplies,South,Neha Patel,5,26.03,130.15,38.04,92.11
2022-01-14,Filing Cabinet,Furniture,North,Priya Sharma,6,117.77,706.62,403.84,302.78
2022-01-14,Stapler Heavy Duty,Office Supplies,South,Karthik Iyer,25,18.39,459.75,175.06,284.69
2022-01-14,USB-C Hub,Electronics,East,Amit Kumar,12,54.18,650.16,258.4,391.76
2022-01-14,Desk Lamp LED,Furniture,East,Sneha Joshi,25,42.02,1050.5,393.6,656.9
2022-01-14,Whiteboard Markers,Office Supplies,East,Priya Sharma,9,16.14,145.26,45.38,99.88
2022-01-15,Headphones Wireless,Electronics,Central,Priya Sharma,10,144.22,1442.2,761.59,680.61
2022-01-15,Notebook A4 Pack,Office Supplies,Central,Amit Kumar,20,14.11,282.2,79.79,202.41
2022-01-15,Phone Stand,Accessories,East,Rohan Gupta,12,18.25,219.0,68.85,150.15
2022-01-15,Filing Cabinet,Furniture,West,Neha Patel,13,125.03,1625.39,941.43,683.96
2022-01-15,Pen Set Premium,Office Supplies,South,Amit Kumar,17,26.61,452.37,132.82,319.55
2022-01-15,Wireless Mouse,Electronics,North,Divya Nair,31,30.85,956.35,358.52,597.83
2022-01-15,Webcam HD,Electronics,Central,Divya Nair,6,67.48,404.88,184.39,220.49
2022-01-15,Headphones Wireless,Electronics,Central,Arjun Mehta,17,171.9,2922.3,1328.15,1594.15
2022-01-16,Bookshelf Oak,Furniture,West,Priya Sharma,3,192.34,577.02,287.7,289.32
2022-01-16,Desk Lamp LED,Furniture,Central,Sneha Joshi,36,36.32,1307.52,539.61,767.91
2022-01-16,Mechanical Keyboard,Electronics,West,Ananya Reddy,6,97.2,583.2,257.86,325.34
2022-01-16,Desk Organizer,Office Supplies,Central,Sneha Joshi,10,37.69,376.9,144.79,232.11
2022-01-16,Laptop Pro 15,Electronics,North,Karthik Iyer,1,926.69,926.69,646.54,280.15
2022-01-16,Desk Lamp LED,Furniture,Central,Priya Sharma,2,40.01,80.02,30.78,49.24
2022-01-17,Notebook A4 Pack,Office Supplies,East,Rohan Gupta,6,14.12,84.72,24.62,60.1
2022-01-17,Monitor 27 inch,Electronics,West,Sneha Joshi,3,338.56,1015.68,655.39,360.29
2022-01-17,Webcam HD,Electronics,Central,Vikram Singh,3,63.41,190.23,87.12,103.11
2022-01-17,Laptop Air 13,Electronics,Central,Neha Patel,3,785.45,2356.35,1671.54,684.81
2022-01-18,Filing Cabinet,Furniture,East,Karthik Iyer,10,122.06,1220.6,717.63,502.97
2022-01-18,Bookshelf Oak,Furniture,South,Rohan Gupta,10,191.27,1912.7,950.09,962.61
2022-01-18,Filing Cabinet,Furniture,North,Vikram Singh,13,130.79,1700.27,922.84,777.43
2022-01-18,Printer Paper Ream,Office Supplies,North,Vikram Singh,5,9.09,45.45,16.87,28.58
2022-01-18,Notebook A4 Pack,Office Supplies,Central,Amit Kumar,37,14.09,521.33,146.37,374.96
2022-01-19,Laptop Pro 15,Electronics,Central,Sneha Joshi,1,859.37,859.37,620.66,238.71
2022-01-19,Standing Desk,Furniture,North,Divya Nair,3,449.49,1348.47,785.24,563.23
2022-01-20,Office Chair Ergonomic,Furniture,North,Rohan Gupta,12,325.27,3903.24,1892.7,2010.54
2022-01-20,Whiteboard Markers,Office Supplies,Central,Rohan Gupta,23,14.86,341.78,109.52,232.26
2022-01-20,Monitor 27 inch,Electronics,North,Vikram Singh,2,367.03,734.06,419.65,314.41
2022-01-21,Desk Organizer,Office Supplies,Central,Neha Patel,5,36.55,182.75,70.55,112.2
2022-01-21,Bookshelf Oak,Furniture,West,Vikram Singh,3,178.93,536.79,299.06,237.73
2022-01-21,Laptop Bag,Accessories,South,Arjun Mehta,3,54.42,163.26,72.81,90.45
2022-01-21,Tablet 10 inch,Electronics,South,Amit Kumar,4,537.57,2150.28,1218.51,931.77
2022-01-21,Standing Desk,Furniture,South,Ananya Reddy,3,491.67,1475.01,780.34,694.67
2022-01-22,Laptop Bag,Accessories,South,Divya Nair,12,55.98,671.76,300.42,371.34
2022-01-22,Laptop Pro 15,Electronics,Central,Vikram Singh,3,861.61,2584.83,1956.84,627.99
2022-01-22,USB-C Hub,Electronics,North,Ananya Reddy,32,47.25,1512.0,675.0,837.0
2022-01-22,Desk Lamp LED,Furniture,West,Vikram Singh,31,43.2,1339.2,460.63,878.57
2022-01-23,Desk Lamp LED,Furniture,East,Neha Patel,11,38.36,421.96,157.23,264.73
2022-01-23,Wireless Mouse,Electronics,West,Neha Patel,28,28.87,808.36,323.57,484.79
2022-01-23,Monitor 27 inch,Electronics,East,Rohan Gupta,5,340.87,1704.35,1021.17,683.18
2022-01-23,Webcam HD,Electronics,Central,Arjun Mehta,11,64.65,711.15,318.94,392.21
2022-01-23,Screen Protector,Accessories,South,Rohan Gupta,10,15.44,154.4,30.44,123.96
2022-01-23,Desk Lamp LED,Furniture,East,Divya Nair,32,40.55,1297.6,487.79,809.81
2022-01-24,Standing Desk,Furniture,East,Neha Patel,1,465.09,465.09,249.13,215.96
2022-01-24,Mechanical Keyboard,Electronics,North,Priya Sharma,2,89.8,179.6,85.42,94.18
2022-01-24,Phone Stand,Accessories,Central,Vikram Singh,2,20.46,40.92,12.05,28.87
2022-01-24,Phone Stand,Accessories,North,Amit Kumar,20,18.49,369.8,121.32,248.48
2022-01-25,Laptop Air 13,Electronics,South,Vikram Singh,2,798.54,1597.08,1066.2,530.88
2022-01-25,Tablet 10 inch,Electronics,North,Karthik Iyer,4,452.06,1808.24,1280.49,527.75
2022-01-25,Mechanical Keyboard,Electronics,Central,Rohan Gupta,11,90.54,995.94,452.91,543.03
2022-01-25,USB-C Hub,Electronics,South,Karthik Iyer,42,46.93,1971.06,951.67,1019.39
2022-01-25,Bookshelf Oak,Furniture,North,Karthik Iyer,8,177.52,1420.16,775.93,644.23
2022-01-26,Mechanical Keyboard,Electronics,North,Karthik Iyer,8,93.7,749.6,351.93,397.67
2022-01-26,Laptop Pro 15,Electronics,East,Karthik Iyer,3,814.97,2444.91,2029.0,415.91
2022-01-26,Phone Stand,Accessories,Central,Arjun Mehta,5,20.42,102.1,29.66,72.44
2022-01-26,Screen Protector,Accessories,East,Ananya Reddy,23,13.84,318.32,67.46,250.86
2022-01-26,Notebook A4 Pack,Office Supplies,North,Arjun Mehta,13,12.2,158.6,50.36,108.24
2022-01-26,Mechanical Keyboard,Electronics,South,Rohan Gupta,12,82.03,984.36,526.88,457.48
2022-01-26,Power Bank 20000mAh,Accessories,South,Vikram Singh,19,39.15,743.85,317.46,426.39
2022-01-27,Laptop Bag,Accessories,South,Sneha Joshi,16,58.61,937.76,399.51,538.25
2022-01-27,Wireless Mouse,Electronics,North,Arjun Mehta,3,30.53,91.59,36.09,55.5
2022-01-27,Headphones Wireless,Electronics,West,Arjun Mehta,12,157.64,1891.68,929.73,961.95
2022-01-28,Monitor 27 inch,Electronics,West,Sneha Joshi,4,375.8,1503.2,879.13,624.07
2022-01-28,Tablet 10 inch,Electronics,West,Karthik Iyer,2,533.14,1066.28,616.49,449.79
2022-01-28,Stapler Heavy Duty,Office Supplies,West,Neha Patel,8,21.05,168.4,57.9,110.5
2022-01-28,Laptop Air 13,Electronics,East,Sneha Joshi,1,803.31,803.31,543.81,259.5
2022-01-28,Filing Cabinet,Furniture,Central,Divya Nair,5,127.46,637.3,353.4,283.9
2022-01-29,Standing Desk,Furniture,Central,Priya Sharma,4,438.16,1752.64,1024.9,727.74
2022-01-29,Laptop Air 13,Electronics,South,Karthik Iyer,2,795.72,1591.44,1097.53,493.91
2022-01-29,Webcam HD,Electronics,West,Arjun Mehta,16,73.59,1177.44,484.5,692.94
2022-01-29,Laptop Pro 15,Electronics,North,Priya Sharma,5,924.98,4624.9,3331.84,1293.06
2022-01-30,Monitor 27 inch,Electronics,North,Rohan Gupta,1,346.92,346.92,203.08,143.84
2022-01-30,Laptop Bag,Accessories,North,Ananya Reddy,4,57.7,230.8,97.24,133.56
2022-01-30,Desk Lamp LED,Furniture,Central,Neha Patel,11,42.58,468.38,169.54,298.84
2022-01-30,Mechanical Keyboard,Electronics,Central,Priya Sharma,12,95.23,1142.76,493.43,649.33
2022-01-30,Laptop Air 13,Electronics,Central,Arjun Mehta,1,774.83,774.83,524.43,250.4
2022-01-31,Filing Cabinet,Furniture,South,Divya Nair,6,117.4,704.4,410.15,294.25
2022-01-31,Standing Desk,Furniture,West,Neha Patel,2,473.19,946.38,478.31,468.07
2022-01-31,Laptop Pro 15,Electronics,West,Rohan Gupta,1,967.9,967.9,654.81,313.09
2022-01-31,Office Chair Ergonomic,Furniture,South,Neha Patel,14,304.63,4264.82,2143.17,2121.65
2022-02-01,Power Bank 20000mAh,Accessories,North,Priya Sharma,41,38.27,1569.07,677.63,891.44
2022-02-01,Monitor 27 inch,Electronics,North,Karthik Iyer,3,368.58,1105.74,643.32,462.42
2022-02-02,Screen Protector,Accessories,South,Arjun Mehta,16,14.93,238.88,46.3,192.58
2022-02-02,Webcam HD,Electronics,West,Vikram Singh,9,75.1,675.9,277.84,398.06
2022-02-02,Headphones Wireless,Electronics,North,Arjun Mehta,8,153.61,1228.88,597.2,631.68
2022-02-02,Mechanical Keyboard,Electronics,Central,Sneha Joshi,9,95.0,855.0,367.83,487.17
2022-02-02,Monitor 27 inch,Electronics,South,Arjun Mehta,5,355.13,1775.65,1006.29,769.36
2022-02-03,Filing Cabinet,Furniture,North,Ananya Reddy,4,136.05,544.2,283.59,260.61
2022-02-03,Laptop Pro 15,Electronics,West,Karthik Iyer,4,983.07,3932.28,2496.02,1436.26
2022-02-03,Monitor 27 inch,Electronics,South,Arjun Mehta,3,370.88,1112.64,658.44,454.2
2022-02-03,Phone Stand,Accessories,Central,Priya Sharma,41,20.37,835.17,242.26,592.91
2022-02-04,Filing Cabinet,Furniture,East,Priya Sharma,8,132.17,1057.36,576.62,480.74
2022-02-04,Whiteboard Markers,Office Supplies,East,Amit Kumar,21,13.54,284.34,108.29,176.05
2022-02-04,Notebook A4 Pack,Office Supplies,North,Amit Kumar,1,13.36,13.36,4.05,9.31
2022-02-04,Phone Stand,Accessories,East,Arjun Mehta,24,20.7,496.8,140.16,356.64
2022-02-04,Tablet 10 inch,Electronics,East,Karthik Iyer,4,506.43,2025.72,1273.28,752.44
2022-02-04,Printer Paper Ream,Office Supplies,West,Vikram Singh,1,9.73,9.73,3.61,6.12
2022-02-04,Whiteboard Markers,Office Supplies,South,Ananya Reddy,35,16.09,563.15,179.03,384.12
2022-02-04,Laptop Bag,Accessories,West,Karthik Iyer,2,55.8,111.6,50.47,61.13
2022-02-04,Power Bank 20000mAh,Accessories,South,Neha Patel,37,39.84,1474.08,575.76,898.32
2022-02-04,Webcam HD,Electronics,East,Priya Sharma,14,73.08,1023.12,409.77,613.35
2022-02-04,Stapler Heavy Duty,Office Supplies,North,Rohan Gupta,25,21.56,539.0,176.75,362.25
2022-02-05,Filing Cabinet,Furniture,Central,Sneha Joshi,3,140.93,422.79,200.75,222.04
2022-02-05,Desk Lamp LED,Furniture,North,Ananya Reddy,31,43.09,1335.79,447.23,888.56
2022-02-06,Laptop Air 13,Electronics,South,Arjun Mehta,5,807.73,4038.65,2662.56,1376.09
2022-02-06,Tablet 10 inch,Electronics,North,Amit Kumar,3,549.31,1647.93,937.52,710.41
2022-02-07,Filing Cabinet,Furniture,East,Ananya Reddy,12,124.85,1498.2,881.66,616.54
2022-02-07,Filing Cabinet,Furniture,East,Ananya Reddy,12,121.11,1453.32,867.55,585.77
2022-02-07,Desk Organizer,Office Supplies,West,Arjun Mehta,28,36.85,1031.8,399.66,632.14
2022-02-07,Standing Desk,Furniture,South,Karthik Iyer,2,464.99,929.98,478.56,451.42
2022-02-07,Cable Organizer,Accessories,South,Divya Nair,40,9.29,371.6,114.98,256.62
2022-02-07,Desk Lamp LED,Furniture,Central,Divya Nair,6,38.73,232.38,93.65,138.73
2022-02-08,Power Bank 20000mAh,Accessories,North,Arjun Mehta,6,42.79,256.74,92.56,164.18
2022-02-08,Desk Lamp LED,Furniture,Central,Neha Patel,28,38.01,1064.28,438.89,625.39
2022-02-09,Power Bank 20000mAh,Accessories,Central,Arjun Mehta,26,37.78,982.28,398.05,584.23
2022-02-09,Screen Protector,Accessories,South,Neha Patel,19,14.37,273.03,56.28,216.75
2022-02-09,USB-C Hub,Electronics,East,Rohan Gupta,33,51.81,1709.73,693.62,1016.11
2022-02-09,Mechanical Keyboard,Electronics,East,Ananya Reddy,14,91.17,1276.38,616.13,660.25
2022-02-09,Bookshelf Oak,Furniture,North,Arjun Mehta,3,180.96,542.88,279.65,263.23
2022-02-09,Printer Paper Ream,Office Supplies,East,Sneha Joshi,23,10.38,238.74,77.37,161.37
2022-02-10,Cable Organizer,Accessories,Central,Karthik Iyer,35,9.0,315.0,103.44,211.56
2022-02-10,Laptop Air 13,Electronics,North,Karthik Iyer,4,732.03,2928.12,2170.21,757.91
2022-02-10,Laptop Air 13,Electronics,North,Ananya Reddy,5,719.69,3598.45,2582.17,1016.28
2022-02-10,Stapler Heavy Duty,Office Supplies,South,Rohan Gupta,25,18.98,474.5,181.97,292.53
2022-02-10,Power Bank 20000mAh,Accessories,North,Arjun Mehta,44,43.08,1895.52,724.27,1171.25
2022-02-11,Notebook A4 Pack,Office Supplies,West,Arjun Mehta,28,14.24,398.72,109.24,289.48
2022-02-11,Screen Protector,Accessories,West,Divya Nair,2,16.45,32.9,5.93,26.97
2022-02-11,Webcam HD,Electronics,West,Rohan Gupta,8,73.81,590.48,239.16,351.32
2022-02-11,Wireless Mouse,Electronics,Central,Priya Sharma,33,31.17,1028.61,406.8,621.81
2022-02-12,Monitor 27 inch,Electronics,East,Priya Sharma,2,362.53,725.06,434.83,290.23
2022-02-12,Pen Set Premium,Office Supplies,East,Vikram Singh,3,24.79,74.37,24.51,49.86
2022-02-12,Screen Protector,Accessories,Central,Ananya Reddy,40,13.81,552.4,119.68,432.72
2022-02-12,Stapler Heavy Duty,Office Supplies,Central,Divya Nair,28,21.34,597.52,198.09,399.43
2022-02-12,Desk Organizer,Office Supplies,East,Vikram Singh,42,37.75,1585.5,558.64,1026.86
2022-02-12,Notebook A4 Pack,Office Supplies,East,Priya Sharma,11,14.06,154.66,46.14,108.52
2022-02-13,Cable Organizer,Accessories,Central,Rohan Gupta,42,10.23,429.66,131.98,297.68
2022-02-13,Filing Cabinet,Furniture,East,Vikram Singh,3,119.93,359.79,203.2,156.59
2022-02-13,Printer Paper Ream,Office Supplies,North,Neha Patel,36,10.03,361.08,120.47,240.61
2022-02-13,Stapler Heavy Duty,Office Supplies,North,Rohan Gupta,13,20.59,267.67,88.56,179.11
2022-02-14,Wireless Mouse,Electronics,South,Sneha Joshi,10,27.54,275.4,124.17,151.23
2022-02-14,Tablet 10 inch,Electronics,West,Divya Nair,2,475.73,951.46,643.39,308.07
2022-02-15,Stapler Heavy Duty,Office Supplies,East,Priya Sharma,42,20.78,872.76,306.88,565.88
2022-02-15,Headphones Wireless,Electronics,East,Priya Sharma,3,169.5,508.5,215.74,292.76
2022-02-16,Cable Organizer,Accessories,West,Rohan Gupta,19,10.26,194.94,54.63,140.31
2022-02-16,Stapler Heavy Duty,Office Supplies,Central,Amit Kumar,32,19.6,627.2,233.57,393.63
2022-02-16,Power Bank 20000mAh,Accessories,West,Neha Patel,11,39.3,432.3,172.55,259.75
2022-02-17,Desk Lamp LED,Furniture,East,Sneha Joshi,14,36.79,515.06,219.85,295.21
2022-02-17,Laptop Bag,Accessories,North,Sneha Joshi,8,57.68,461.44,205.84,255.6
2022-02-17,Screen Protector,Accessories,Central,Neha Patel,10,13.56,135.6,28.76,106.84
2022-02-17,Monitor 27 inch,Electronics,Central,Vikram Singh,4,324.32,1297.28,820.22,477.06
2022-02-17,Pen Set Premium,Office Supplies,South,Neha Patel,10,24.79,247.9,77.16,170.74
2022-02-17,Filing Cabinet,Furniture,South,Priya Sharma,5,135.16,675.8,335.99,339.81
2022-02-18,Office Chair Ergonomic,Furniture,Central,Ananya Reddy,12,320.36,3844.32,1992.42,1851.9
2022-02-18,Stapler Heavy Duty,Office Supplies,East,Vikram Singh,4,20.59,82.36,28.56,53.8
2022-02-18,Power Bank 20000mAh,Accessories,North,Ananya Reddy,8,37.37,298.96,122.31,176.65
2022-02-18,Desk Organizer,Office Supplies,Central,Rohan Gupta,13,34.52,448.76,181.84,266.92
2022-02-19,Printer Paper Ream,Office Supplies,North,Neha Patel,46,10.99,505.54,159.62,345.92
2022-02-19,Power Bank 20000mAh,Accessories,East,Ananya Reddy,2,42.74,85.48,32.44,53.04
2022-02-19,Laptop Air 13,Electronics,West,Amit Kumar,2,721.6,1443.2,1069.12,374.08
2022-02-20,Notebook A4 Pack,Office Supplies,Central,Neha Patel,33,12.62,416.46,129.71,286.75
2022-02-20,Stapler Heavy Duty,Office Supplies,East,Karthik Iyer,8,21.32,170.56,57.61,112.95
2022-02-21,USB-C Hub,Electronics,West,Vikram Singh,10,45.65,456.5,213.1,243.4
2022-02-21,Filing Cabinet,Furniture,Central,Neha Patel,3,123.89,371.67,201.1,170.57
2022-02-22,Phone Stand,Accessories,West,Ananya Reddy,29,18.7,542.3,175.97,366.33
2022-02-22,Standing Desk,Furniture,Central,Arjun Mehta,4,447.68,1790.72,997.33,793.39
2022-02-22,Pen Set Premium,Office Supplies,Central,Neha Patel,16,24.13,386.08,129.28,256.8
2022-02-22,USB-C Hub,Electronics,Central,Ananya Reddy,41,51.32,2104.12,912.73,1191.39
2022-02-23,Bookshelf Oak,Furniture,Central,Neha Patel,1,194.24,194.24,97.65,96.59
2022-02-23,Stapler Heavy Duty,Office Supplies,South,Neha Patel,18,21.49,386.82,125.25,261.57
2022-02-23,Webcam HD,Electronics,West,Amit Kumar,13,64.07,832.91,395.94,436.97
2022-02-24,Pen Set Premium,Office Supplies,North,Karthik Iyer,37,24.36,901.32,292.63,608.69
2022-02-24,Laptop Bag,Accessories,East,Neha Patel,10,61.27,612.7,242.22,370.48
2022-02-24,Monitor 27 inch,Electronics,South,Priya Sharma,4,334.86,1339.44,817.58,521.86
2022-02-24,Tablet 10 inch,Electronics,South,Divya Nair,4,528.4,2113.6,1220.65,892.95
2022-02-24,Filing Cabinet,Furniture,Central,Amit Kumar,12,122.98,1475.76,808.61,667.15
2022-02-24,Phone Stand,Accessories,West,Arjun Mehta,29,19.54,566.66,178.53,388.13
2022-02-24,Webcam HD,Electronics,South,Ananya Reddy,4,75.69,302.76,124.52,178.24
2022-02-24,Whiteboard Markers,Office Supplies,South,Karthik Iyer,40,15.64,625.6,190.01,435.59
2022-02-25,Screen Protector,Accessories,North,Rohan Gupta,28,13.79,386.12,81.0,305.12
2022-02-25,Filing Cabinet,Furniture,South,Divya Nair,10,134.73,1347.3,699.11,648.19
2022-02-25,Office Chair Ergonomic,Furniture,West,Ananya Reddy,5,303.23,1516.15,835.35,680.8
2022-02-26,Mechanical Keyboard,Electronics,East,Vikram Singh,11,98.31,1081.41,451.16,630.25
2022-02-26,USB-C Hub,Electronics,East,Priya Sharma,10,52.78,527.8,213.49,314.31
2022-02-26,Desk Organizer,Office Supplies,Central,Priya Sharma,46,34.78,1599.88,665.56,934.32
2022-02-26,Mechanical Keyboard,Electronics,West,Neha Patel,11,91.82,1010.02,472.69,537.33
2022-02-26,Notebook A4 Pack,Office Supplies,Central,Rohan Gupta,17,13.46,228.82,64.62,164.2
2022-02-27,Whiteboard Markers,Office Supplies,West,Priya Sharma,37,14.03,519.11,180.83,338.28
2022-02-27,Printer Paper Ream,Office Supplies,East,Divya Nair,39,10.06,392.34,136.16,256.18
2022-02-28,Stapler Heavy Duty,Office Supplies,South,Priya Sharma,35,20.62,721.7,250.06,471.64
2022-02-28,Desk Organizer,Office Supplies,South,Arjun Mehta,29,35.72,1035.88,424.36,611.52
2022-03-01,Laptop Bag,Accessories,South,Sneha Joshi,15,59.85,897.75,389.53,508.22
2022-03-01,Monitor 27 inch,Electronics,South,Ananya Reddy,3,379.55,1138.65,628.68,509.97
2022-03-01,Stapler Heavy Duty,Office Supplies,North,Priya Sharma,25,18.21,455.25,173.71,281.54
2022-03-01,Headphones Wireless,Electronics,West,Rohan Gupta,13,154.2,2004.6,947.77,1056.83
2022-03-01,Webcam HD,Electronics,East,Vikram Singh,1,64.77,64.77,29.39,35.38
2022-03-01,Whiteboard Markers,Office Supplies,South,Neha Patel,26,15.19,394.94,132.87,262.07
2022-03-01,Power Bank 20000mAh,Accessories,South,Vikram Singh,1,40.04,40.04,16.66,23.38
2022-03-01,Power Bank 20000mAh,Accessories,West,Amit Kumar,31,38.66,1198.46,508.71,689.75
2022-03-01,Printer Paper Ream,Office Supplies,South,Vikram Singh,20,10.67,213.4,71.12,142.28
2022-03-01,Mechanical Keyboard,Electronics,West,Arjun Mehta,10,83.75,837.5,402.97,434.53
2022-03-02,Bookshelf Oak,Furniture,West,Rohan Gupta,9,164.29,1478.61,873.15,605.46
2022-03-02,Desk Organizer,Office Supplies,East,Neha Patel,10,33.88,338.8,138.5,200.3
2022-03-02,Headphones Wireless,Electronics,North,Ananya Reddy,13,157.27,2044.51,979.85,1064.66
2022-03-02,Mechanical Keyboard,Electronics,West,Arjun Mehta,5,91.99,459.95,219.47,240.48
2022-03-02,Headphones Wireless,Electronics,Central,Karthik Iyer,12,170.2,2042.4,865.49,1176.91
2022-03-03,Laptop Air 13,Electronics,North,Sneha Joshi,2,695.47,1390.94,1129.17,261.77
2022-03-03,Printer Paper Ream,Office Supplies,East,Karthik Iyer,37,10.2,377.4,126.27,251.13
2022-03-03,Bookshelf Oak,Furniture,South,Priya Sharma,7,163.26,1142.82,678.74,464.08
2022-03-03,Mechanical Keyboard,Electronics,South,Neha Patel,13,83.85,1090.05,560.38,529.67
2022-03-04,Wireless Mouse,Electronics,Central,Neha Patel,25,29.51,737.75,295.23,442.52
2022-03-04,Screen Protector,Accessories,West,Divya Nair,30,14.96,448.8,89.76,359.04
2022-03-04,Bookshelf Oak,Furniture,East,Priya Sharma,5,170.48,852.4,493.01,359.39
2022-03-04,Wireless Mouse,Electronics,East,Vikram Singh,38,27.48,1044.24,464.57,579.67
2022-03-04,Stapler Heavy Duty,Office Supplies,Central,Karthik Iyer,20,20.9,418.0,133.56,284.44
2022-03-05,USB-C Hub,Electronics,Central,Sneha Joshi,3,46.25,138.75,64.26,74.49
2022-03-05,Stapler Heavy Duty,Office Supplies,South,Amit Kumar,15,18.54,278.1,103.86,174.24
2022-03-06,Bookshelf Oak,Furniture,North,Amit Kumar,4,172.02,688.08,379.45,308.63
2022-03-06,Webcam HD,Electronics,North,Sneha Joshi,4,64.37,257.48,120.85,136.63
2022-03-06,Monitor 27 inch,Electronics,South,Sneha Joshi,3,323.31,969.93,629.31,340.62
2022-03-06,Stapler Heavy Duty,Office Supplies,East,Ananya Reddy,2,19.01,38.02,13.96,24.06
2022-03-06,Cable Organizer,Accessories,West,Vikram Singh,31,9.36,290.16,96.21,193.95
2022-03-07,Tablet 10 inch,Electronics,South,Amit Kumar,2,451.08,902.16,640.63,261.53
2022-03-07,Printer Paper Ream,Office Supplies,East,Arjun Mehta,32,9.19,294.08,111.36,182.72
2022-03-07,Desk Organizer,Office Supplies,Central,Divya Nair,12,36.41,436.92,167.34,269.58
2022-03-08,Power Bank 20000mAh,Accessories,South,Amit Kumar,24,43.36,1040.64,369.36,671.28
2022-03-08,Laptop Bag,Accessories,East,Karthik Iyer,4,56.67,226.68,99.55,127.13
2022-03-08,USB-C Hub,Electronics,East,Amit Kumar,23,49.28,1133.44,519.08,614.36
2022-03-09,Screen Protector,Accessories,East,Neha Patel,29,14.82,429.78,84.7,345.08
2022-03-09,Mechanical Keyboard,Electronics,West,Priya Sharma,3,87.29,261.87,129.44,132.43
2022-03-09,Office Chair Ergonomic,Furniture,West,Divya Nair,4,273.17,1092.68,656.67,436.01
2022-03-09,Tablet 10 inch,Electronics,South,Neha Patel,2,544.03,1088.06,615.87,472.19
2022-03-10,Notebook A4 Pack,Office Supplies,East,Priya Sharma,9,11.85,106.65,37.09,69.56
2022-03-10,Tablet 10 inch,Electronics,North,Rohan Gupta,5,501.93,2509.65,1533.93,975.72
2022-03-11,Standing Desk,Furniture,East,Divya Nair,4,432.03,1728.12,1046.51,681.61
2022-03-11,Standing Desk,Furniture,North,Karthik Iyer,4,416.8,1667.2,1024.05,643.15
2022-03-11,Whiteboard Markers,Office Supplies,South,Karthik Iyer,36,15.7,565.2,183.28,381.92
2022-03-11,Desk Organizer,Office Supplies,East,Ananya Reddy,7,31.79,222.53,99.26,123.27
2022-03-11,Standing Desk,Furniture,East,Arjun Mehta,1,441.59,441.59,246.33,195.26
2022-03-11,Phone Stand,Accessories,East,Karthik Iyer,35,18.52,648.2,199.59,448.61
2022-03-11,Screen Protector,Accessories,Central,Ananya Reddy,6,14.94,89.64,17.53,72.11
2022-03-11,Cable Organizer,Accessories,North,Neha Patel,15,9.45,141.75,47.12,94.63
2022-03-11,Webcam HD,Electronics,West,Arjun Mehta,5,65.76,328.8,146.0,182.8
2022-03-12,Power Bank 20000mAh,Accessories,South,Karthik Iyer,3,40.31,120.93,49.26,71.67
2022-03-12,Power Bank 20000mAh,Accessories,West,Arjun Mehta,13,43.83,569.79,197.9,371.89
2022-03-12,Phone Stand,Accessories,East,Ananya Reddy,37,21.02,777.74,211.77,565.97
2022-03-12,Phone Stand,Accessories,West,Vikram Singh,11,18.36,201.96,64.05,137.91
2022-03-12,Headphones Wireless,Electronics,South,Vikram Singh,15,149.01,2235.15,1176.43,1058.72
2022-03-13,Whiteboard Markers,Office Supplies,Central,Amit Kumar,37,15.52,574.24,187.23,387.01
2022-03-13,Mechanical Keyboard,Electronics,East,Vikram Singh,5,89.21,446.05,219.08,226.97
2022-03-13,Headphones Wireless,Electronics,Central,Neha Patel,5,160.14,800.7,378.52,422.18
2022-03-14,Desk Organizer,Office Supplies,West,Neha Patel,21,33.23,697.83,306.23,391.6
2022-03-14,Stapler Heavy Duty,Office Supplies,Central,Neha Patel,23,19.72,453.56,157.84,295.72
2022-03-14,Stapler Heavy Duty,Office Supplies,Central,Priya Sharma,38,18.36,697.68,259.34,438.34
2022-03-14,Office Chair Ergonomic,Furniture,South,Sneha Joshi,14,316.0,4424.0,2284.57,2139.43
2022-03-15,Wireless Mouse,Electronics,East,Ananya Reddy,24,32.37,776.88,297.22,479.66
2022-03-15,Stapler Heavy Duty,Office Supplies,East,Vikram Singh,30,19.74,592.2,220.4,371.8
2022-03-15,Laptop Pro 15,Electronics,Central,Priya Sharma,5,881.62,4408.1,3245.09,1163.01
2022-03-16,Notebook A4 Pack,Office Supplies,East,Arjun Mehta,15,11.92,178.8,62.5,116.3
2022-03-16,Webcam HD,Electronics,North,Divya Nair,6,74.78,448.68,173.08,275.6
2022-03-16,Laptop Bag,Accessories,Central,Divya Nair,9,54.8,493.2,235.53,257.67
2022-03-16,Wireless Mouse,Electronics,Central,Amit Kumar,25,31.25,781.25,290.25,491.0
2022-03-17,USB-C Hub,Electronics,North,Divya Nair,39,47.97,1870.83,894.07,976.76
2022-03-17,Stapler Heavy Duty,Office Supplies,West,Sneha Joshi,33,20.35,671.55,233.58,437.97
2022-03-17,Standing Desk,Furniture,West,Divya Nair,2,405.63,811.26,524.21,287.05
2022-03-17,Bookshelf Oak,Furniture,South,Sneha Joshi,9,181.23,1631.07,831.25,799.82
2022-03-17,USB-C Hub,Electronics,North,Priya Sharma,37,51.66,1911.42,799.32,1112.1
2022-03-17,Stapler Heavy Duty,Office Supplies,North,Ananya Reddy,21,19.2,403.2,148.66,254.54
2022-03-17,Notebook A4 Pack,Office Supplies,West,Karthik Iyer,3,14.0,42.0,12.05,29.95
2022-03-17,Filing Cabinet,Furniture,Central,Priya Sharma,8,141.74,1133.92,545.26,588.66
2022-03-18,Monitor 27 inch,Electronics,West,Vikram Singh,1,384.79,384.79,207.84,176.95
2022-03-18,Desk Lamp LED,Furniture,South,Vikram Singh,30,36.62,1098.6,455.67,642.93
2022-03-18,Stapler Heavy Duty,Office Supplies,West,Sneha Joshi,27,18.69,504.63,179.8,324.83
2022-03-18,Laptop Air 13,Electronics,East,Neha Patel,5,694.56,3472.8,2744.51,728.29
2022-03-18,Whiteboard Markers,Office Supplies,West,Ananya Reddy,19,14.02,266.38,92.62,173.76
2022-03-19,Desk Organizer,Office Supplies,South,Ananya Reddy,1,37.73,37.73,14.36,23.37
2022-03-19,Printer Paper Ream,Office Supplies,East,Vikram Singh,9,9.52,85.68,32.73,52.95
2022-03-20,Laptop Pro 15,Electronics,North,Vikram Singh,3,971.95,2915.85,1886.8,1029.05
2022-03-20,Standing Desk,Furniture,West,Priya Sharma,4,489.43,1957.72,1005.49,952.23
2022-03-20,Cable Organizer,Accessories,Central,Neha Patel,18,9.84,177.12,53.06,124.06
2022-03-21,Pen Set Premium,Office Supplies,West,Vikram Singh,34,24.93,847.62,278.77,568.85
2022-03-21,Office Chair Ergonomic,Furniture,Central,Rohan Gupta,7,285.91,2001.37,1123.44,877.93
2022-03-21,Mechanical Keyboard,Electronics,North,Sneha Joshi,2,83.8,167.6,80.64,86.96
2022-03-22,Headphones Wireless,Electronics,South,Arjun Mehta,3,152.25,456.75,217.8,238.95
2022-03-22,Stapler Heavy Duty,Office Supplies,West,Amit Kumar,19,20.16,383.04,132.87,250.17
2022-03-22,Stapler Heavy Duty,Office Supplies,Central,Neha Patel,25,19.37,484.25,180.28,303.97
2022-03-23,Filing Cabinet,Furniture,South,Neha Patel,11,119.66,1316.26,791.57,524.69
2022-03-23,Laptop Air 13,Electronics,West,Amit Kumar,3,769.28,2307.84,1620.17,687.67
2022-03-23,USB-C Hub,Electronics,East,Divya Nair,4,52.73,210.92,89.1,121.82
2022-03-23,Office Chair Ergonomic,Furniture,Central,Rohan Gupta,6,299.39,1796.34,983.46,812.88
2022-03-23,Whiteboard Markers,Office Supplies,West,Rohan Gupta,2,14.18,28.36,10.23,18.13
2022-03-23,Office Chair Ergonomic,Furniture,Central,Ananya Reddy,15,319.24,4788.6,2413.12,2375.48
2022-03-24,Printer Paper Ream,Office Supplies,West,Amit Kumar,7,10.79,75.53,23.29,52.24
2022-03-24,Laptop Pro 15,Electronics,South,Sneha Joshi,3,949.11,2847.33,1900.4,946.93
2022-03-24,Webcam HD,Electronics,East,Ananya Reddy,13,64.84,842.92,376.32,466.6
2022-03-24,Bookshelf Oak,Furniture,Central,Neha Patel,6,173.79,1042.74,592.56,450.18
2022-03-24,USB-C Hub,Electronics,South,Neha Patel,36,45.03,1621.08,808.15,812.93
2022-03-25,Filing Cabinet,Furniture,East,Vikram Singh,11,131.52,1446.72,736.66,710.06
2022-03-25,Office Chair Ergonomic,Furniture,West,Neha Patel,7,270.13,1890.91,1069.35,821.56
2022-03-25,Monitor 27 inch,Electronics,Central,Amit Kumar,2,323.34,646.68,431.98,214.7
2022-03-25,Laptop Air 13,Electronics,North,Divya Nair,5,752.25,3761.25,2749.76,1011.49
2022-03-25,Tablet 10 inch,Electronics,Central,Karthik Iyer,5,535.46,2677.3,1502.69,1174.61
2022-03-25,Pen Set Premium,Office Supplies,North,Sneha Joshi,17,22.86,388.62,134.89,253.73
2022-03-26,Printer Paper Ream,Office Supplies,Central,Neha Patel,21,10.2,214.2,73.51,140.69
2022-03-26,Bookshelf Oak,Furniture,West,Rohan Gupta,11,191.32,2104.52,1050.34,1054.18
2022-03-26,Laptop Pro 15,Electronics,South,Karthik Iyer,1,898.14,898.14,666.68,231.46
2022-03-27,Tablet 10 inch,Electronics,West,Ananya Reddy,4,511.14,2044.56,1270.07,774.49
2022-03-27,Screen Protector,Accessories,West,Vikram Singh,15,13.7,205.5,43.26,162.24
2022-03-27,Mechanical Keyboard,Electronics,Central,Arjun Mehta,8,83.44,667.52,330.72,336.8
2022-03-27,Laptop Air 13,Electronics,Central,Amit Kumar,4,681.44,2725.76,2238.42,487.34
2022-03-27,Pen Set Premium,Office Supplies,Central,Amit Kumar,22,24.63,541.86,180.0,361.86
2022-03-28,Power Bank 20000mAh,Accessories,East,Divya Nair,28,38.19,1069.32,469.51,599.81
2022-03-28,Office Chair Ergonomic,Furniture,Central,Amit Kumar,7,329.02,2303.14,1068.4,1234.74
2022-03-28,USB-C Hub,Electronics,South,Amit Kumar,39,49.94,1947.66,838.94,1108.72
2022-03-28,Headphones Wireless,Electronics,North,Amit Kumar,6,170.43,1022.58,463.39,559.19
2022-03-28,Office Chair Ergonomic,Furniture,Central,Vikram Singh,3,277.33,831.99,498.61,333.38
2022-03-28,Headphones Wireless,Electronics,East,Arjun Mehta,11,145.66,1602.26,865.59,736.67
2022-03-29,Notebook A4 Pack,Office Supplies,North,Neha Patel,34,12.88,437.92,138.42,299.5
2022-03-29,Webcam HD,Electronics,North,Arjun Mehta,13,72.23,938.99,393.63,545.36
2022-03-29,Tablet 10 inch,Electronics,North,Neha Patel,5,450.79,2253.95,1604.72,649.23
2022-03-29,Filing Cabinet,Furniture,North,Ananya Reddy,4,129.79,519.16,277.07,242.09
2022-03-29,Filing Cabinet,Furniture,West,Neha Patel,1,136.31,136.31,70.06,66.25
2022-03-30,Power Bank 20000mAh,Accessories,Central,Rohan Gupta,30,41.14,1234.2,457.5,776.7
2022-03-30,Mechanical Keyboard,Electronics,North,Amit Kumar,3,83.84,251.52,120.07,131.45
2022-03-30,Mechanical Keyboard,Electronics,West,Rohan Gupta,5,98.9,494.5,204.47,290.03
2022-03-30,Headphones Wireless,Electronics,East,Neha Patel,12,147.76,1773.12,936.42,836.7
2022-03-30,Stapler Heavy Duty,Office Supplies,East,Rohan Gupta,34,19.38,658.92,232.93,425.99
2022-03-30,Headphones Wireless,Electronics,East,Sneha Joshi,12,169.65,2035.8,930.93,1104.87
2022-03-30,Tablet 10 inch,Electronics,West,Amit Kumar,3,511.89,1535.67,930.31,605.36
2022-03-30,Monitor 27 inch,Electronics,South,Neha Patel,4,321.04,1284.16,832.76,451.4
2022-03-30,Pen Set Premium,Office Supplies,East,Priya Sharma,3,26.51,79.53,23.51,56.02
2022-03-30,Desk Lamp LED,Furniture,Central,Sneha Joshi,12,43.2,518.4,178.03,340.37
2022-03-31,Bookshelf Oak,Furniture,West,Karthik Iyer,7,197.57,1382.99,684.44,698.55
2022-03-31,Standing Desk,Furniture,South,Arjun Mehta,3,423.05,1269.15,764.74,504.41
2022-03-31,Phone Stand,Accessories,Central,Sneha Joshi,21,21.78,457.38,132.3,325.08
2022-03-31,Headphones Wireless,Electronics,North,Vikram Singh,6,171.49,1028.94,438.79,590.15
2022-03-31,Power Bank 20000mAh,Accessories,East,Neha Patel,29,36.42,1056.18,467.23,588.95
2022-04-01,Laptop Bag,Accessories,North,Rohan Gupta,12,57.37,688.44,299.38,389.06
2022-04-01,Cable Organizer,Accessories,South,Sneha Joshi,33,9.52,314.16,100.78,213.38
2022-04-02,Pen Set Premium,Office Supplies,West,Divya Nair,20,25.32,506.4,166.4,340.0
2022-04-02,Printer Paper Ream,Office Supplies,North,Priya Sharma,30,9.75,292.5,107.58,184.92
2022-04-02,Office Chair Ergonomic,Furniture,North,Neha Patel,3,287.97,863.91,495.97,367.94
2022-04-02,Headphones Wireless,Electronics,West,Arjun Mehta,1,154.06,154.06,78.33,75.73
2022-04-02,Desk Lamp LED,Furniture,South,Divya Nair,2,36.84,73.68,29.13,44.55
2022-04-02,Webcam HD,Electronics,North,Sneha Joshi,3,75.48,226.44,91.91,134.53
2022-04-02,Standing Desk,Furniture,Central,Sneha Joshi,5,477.96,2389.8,1273.25,1116.55
2022-04-02,Filing Cabinet,Furniture,North,Priya Sharma,8,119.03,952.24,570.23,382.01
2022-04-02,Pen Set Premium,Office Supplies,West,Karthik Iyer,17,25.97,441.49,140.9,300.59
2022-04-02,Desk Organizer,Office Supplies,North,Priya Sharma,37,38.21,1413.77,535.84,877.93
2022-04-02,Desk Lamp LED,Furniture,East,Amit Kumar,35,37.66,1318.1,549.77,768.33
2022-04-03,Whiteboard Markers,Office Supplies,North,Amit Kumar,28,14.73,412.44,139.51,272.93
2022-04-03,Notebook A4 Pack,Office Supplies,South,Priya Sharma,19,11.7,222.3,74.03,148.27
2022-04-03,Standing Desk,Furniture,West,Priya Sharma,4,434.49,1737.96,984.02,753.94
2022-04-03,USB-C Hub,Electronics,East,Divya Nair,38,50.97,1936.86,800.13,1136.73
2022-04-03,Desk Lamp LED,Furniture,Central,Arjun Mehta,16,39.8,636.8,231.92,404.88
2022-04-04,Office Chair Ergonomic,Furniture,West,Divya Nair,1,270.45,270.45,156.82,113.63
2022-04-04,Laptop Pro 15,Electronics,South,Vikram Singh,3,874.35,2623.05,1937.85,685.2
2022-04-04,Monitor 27 inch,Electronics,Central,Divya Nair,1,336.04,336.04,207.8,128.24
2022-04-04,Headphones Wireless,Electronics,North,Neha Patel,12,170.05,2040.6,899.55,1141.05
2022-04-04,Desk Organizer,Office Supplies,South,Rohan Gupta,3,35.97,107.91,43.86,64.05
2022-04-04,Cable Organizer,Accessories,Central,Sneha Joshi,11,9.44,103.84,32.62,71.22
2022-04-04,Stapler Heavy Duty,Office Supplies,North,Sneha Joshi,9,18.52,166.68,63.24,103.44
2022-04-04,Power Bank 20000mAh,Accessories,South,Rohan Gupta,15,38.35,575.25,242.39,332.86
2022-04-04,Monitor 27 inch,Electronics,South,Priya Sharma,5,356.63,1783.15,1042.28,740.87
2022-04-05,Office Chair Ergonomic,Furniture,West,Divya Nair,14,316.1,4425.4,2230.01,2195.39
2022-04-05,Mechanical Keyboard,Electronics,West,Arjun Mehta,2,97.72,195.44,81.13,114.31
2022-04-05,Stapler Heavy Duty,Office Supplies,East,Karthik Iyer,10,18.71,187.1,73.22,113.88
2022-04-05,Pen Set Premium,Office Supplies,West,Karthik Iyer,28,23.83,667.24,214.45,452.79
2022-04-05,Mechanical Keyboard,Electronics,West,Arjun Mehta,15,91.77,1376.55,608.33,768.22
2022-04-05,Office Chair Ergonomic,Furniture,East,Arjun Mehta,7,299.44,2096.08,1115.55,980.53
2022-04-05,Laptop Air 13,Electronics,North,Sneha Joshi,1,744.76,744.76,565.16,179.6
2022-04-06,Phone Stand,Accessories,Central,Priya Sharma,29,19.82,574.78,175.55,399.23
2022-04-06,Standing Desk,Furniture,West,Priya Sharma,1,445.74,445.74,252.54,193.2
2022-04-06,Power Bank 20000mAh,Accessories,North,Karthik Iyer,9,43.71,393.39,140.78,252.61
2022-04-06,USB-C Hub,Electronics,South,Vikram Singh,2,50.74,101.48,42.91,58.57
2022-04-07,USB-C Hub,Electronics,East,Rohan Gupta,30,54.55,1636.5,667.83,968.67
2022-04-07,Mechanical Keyboard,Electronics,West,Rohan Gupta,14,90.5,1267.0,610.94,656.06
2022-04-07,Filing Cabinet,Furniture,East,Vikram Singh,9,139.39,1254.51,656.75,597.76
2022-04-07,Filing Cabinet,Furniture,West,Vikram Singh,11,117.71,1294.81,805.49,489.32
2022-04-07,Cable Organizer,Accessories,South,Rohan Gupta,35,10.28,359.8,106.48,253.32
2022-04-07,Office Chair Ergonomic,Furniture,South,Divya Nair,9,271.73,2445.57,1384.9,1060.67
2022-04-08,Desk Lamp LED,Furniture,East,Amit Kumar,18,39.93,718.74,261.89,456.85
2022-04-08,Standing Desk,Furniture,North,Divya Nair,2,429.57,859.14,509.24,349.9
2022-04-08,Printer Paper Ream,Office Supplies,South,Priya Sharma,29,9.59,278.11,105.22,172.89
2022-04-08,Filing Cabinet,Furniture,South,Rohan Gupta,8,120.32,962.56,545.4,417.16
2022-04-08,Laptop Pro 15,Electronics,South,Karthik Iyer,1,989.27,989.27,626.25,363.02
2022-04-08,Standing Desk,Furniture,East,Vikram Singh,5,479.89,2399.45,1210.12,1189.33
2022-04-08,Phone Stand,Accessories,North,Rohan Gupta,27,18.04,487.08,160.72,326.36
2022-04-09,Monitor 27 inch,Electronics,East,Karthik Iyer,2,339.15,678.3,430.13,248.17
2022-04-09,Desk Lamp LED,Furniture,North,Rohan Gupta,22,41.49,912.78,339.62,573.16
2022-04-09,Wireless Mouse,Electronics,West,Amit Kumar,4,30.66,122.64,46.94,75.7
2022-04-09,USB-C Hub,Electronics,East,Rohan Gupta,37,49.73,1840.01,829.15,1010.86
2022-04-10,Cable Organizer,Accessories,West,Neha Patel,16,9.74,155.84,46.74,109.1
2022-04-10,Notebook A4 Pack,Office Supplies,East,Karthik Iyer,30,12.32,369.6,119.43,250.17
2022-04-10,Webcam HD,Electronics,West,Ananya Reddy,7,65.04,455.28,219.35,235.93
2022-04-11,Tablet 10 inch,Electronics,West,Rohan Gupta,2,510.7,1021.4,610.84,410.56
2022-04-11,Mechanical Keyboard,Electronics,West,Vikram Singh,3,93.09,279.27,127.4,151.87
2022-04-11,Laptop Air 13,Electronics,East,Karthik Iyer,2,796.87,1593.74,1076.06,517.68
2022-04-11,Laptop Pro 15,Electronics,East,Neha Patel,4,872.15,3488.6,2558.79,929.81
2022-04-11,Stapler Heavy Duty,Office Supplies,East,Ananya Reddy,1,21.03,21.03,7.17,13.86
2022-04-12,Wireless Mouse,Electronics,North,Rohan Gupta,3,32.62,97.86,34.96,62.9
2022-04-12,Wireless Mouse,Electronics,East,Divya Nair,30,27.8,834.0,355.89,478.11
2022-04-13,Bookshelf Oak,Furniture,West,Rohan Gupta,3,162.51,487.53,293.28,194.25
2022-04-13,Notebook A4 Pack,Office Supplies,East,Sneha Joshi,40,12.56,502.4,153.28,349.12
2022-04-13,USB-C Hub,Electronics,North,Sneha Joshi,29,53.88,1562.52,610.21,952.31
2022-04-13,Webcam HD,Electronics,North,Divya Nair,11,63.16,694.76,343.93,350.83
2022-04-13,Headphones Wireless,Electronics,East,Arjun Mehta,10,146.1,1461.0,764.93,696.07
2022-04-13,Tablet 10 inch,Electronics,South,Neha Patel,3,489.13,1467.39,917.45,549.94
2022-04-14,Standing Desk,Furniture,South,Neha Patel,2,416.74,833.48,496.95,336.53
2022-04-14,Stapler Heavy Duty,Office Supplies,North,Sneha Joshi,8,19.72,157.76,54.71,103.05
2022-04-14,Pen Set Premium,Office Supplies,North,Neha Patel,37,25.12,929.44,310.36,619.08
2022-04-15,Wireless Mouse,Electronics,West,Rohan Gupta,3,27.01,81.03,36.98,44.05
2022-04-15,Pen Set Premium,Office Supplies,West,Karthik Iyer,11,24.36,267.96,84.6,183.36
2022-04-15,Power Bank 20000mAh,Accessories,Central,Rohan Gupta,7,40.64,284.48,109.59,174.89
2022-04-15,Stapler Heavy Duty,Office Supplies,Central,Sneha Joshi,26,19.22,499.72,181.08,318.64
2022-04-15,Desk Lamp LED,Furniture,South,Priya Sharma,31,36.7,1137.7,484.1,653.6
2022-04-16,Headphones Wireless,Electronics,West,Vikram Singh,11,156.48,1721.28,843.82,877.46
2022-04-16,Printer Paper Ream,Office Supplies,Central,Ananya Reddy,7,9.77,68.39,24.1,44.29
2022-04-16,Tablet 10 inch,Electronics,Central,Rohan Gupta,3,493.57,1480.71,974.61,506.1
2022-04-17,Desk Lamp LED,Furniture,West,Karthik Iyer,7,40.93,286.51,104.07,182.44
2022-04-17,Mechanical Keyboard,Electronics,West,Rohan Gupta,15,94.89,1423.35,656.52,766.83
2022-04-17,Notebook A4 Pack,Office Supplies,South,Arjun Mehta,26,12.72,330.72,103.31,227.41
2022-04-17,Mechanical Keyboard,Electronics,South,Vikram Singh,5,92.18,460.9,215.54,245.36
2022-04-17,Filing Cabinet,Furniture,West,Sneha Joshi,8,119.43,955.44,566.67,388.77
2022-04-18,Monitor 27 inch,Electronics,South,Amit Kumar,1,381.77,381.77,200.95,180.82
2022-04-18,Laptop Bag,Accessories,East,Arjun Mehta,9,63.15,568.35,234.84,333.51
2022-04-18,Laptop Bag,Accessories,West,Amit Kumar,9,64.18,577.62,225.2,352.42
2022-04-18,Headphones Wireless,Electronics,East,Karthik Iyer,4,149.91,599.64,299.32,300.32
2022-04-18,Office Chair Ergonomic,Furniture,West,Arjun Mehta,6,306.85,1841.1,928.27,912.83
2022-04-18,Mechanical Keyboard,Electronics,Central,Karthik Iyer,4,89.8,359.2,161.75,197.45
2022-04-18,Laptop Bag,Accessories,West,Neha Patel,11,57.29,630.19,287.02,343.17
2022-04-18,Office Chair Ergonomic,Furniture,West,Neha Patel,4,299.15,1196.6,643.71,552.89
2022-04-19,Power Bank 20000mAh,Accessories,East,Neha Patel,39,39.34,1534.26,621.37,912.89
2022-04-19,Printer Paper Ream,Office Supplies,Central,Sneha Joshi,32,10.17,325.44,107.12,218.32
2022-04-19,Bookshelf Oak,Furniture,North,Ananya Reddy,15,194.45,2916.75,1382.68,1534.07
2022-04-19,Desk Organizer,Office Supplies,South,Sneha Joshi,8,36.01,288.08,108.37,179.71
2022-04-19,Laptop Pro 15,Electronics,Central,Divya Nair,3,835.65,2506.95,1892.99,613.96
2022-04-20,Mechanical Keyboard,Electronics,East,Neha Patel,4,88.36,353.44,168.91,184.53
2022-04-20,Phone Stand,Accessories,Central,Divya Nair,40,18.28,731.2,249.35,481.85
2022-04-20,Laptop Pro 15,Electronics,West,Vikram Singh,2,831.31,1662.62,1254.78,407.84
2022-04-20,Webcam HD,Electronics,Central,Rohan Gupta,4,73.29,293.16,124.61,168.55
2022-04-20,Laptop Bag,Accessories,North,Amit Kumar,3,56.01,168.03,76.9,91.13
2022-04-20,Power Bank 20000mAh,Accessories,Central,Sneha Joshi,15,42.55,638.25,231.73,406.52
2022-04-20,Printer Paper Ream,Office Supplies,West,Arjun Mehta,5,9.88,49.4,18.29,31.11
2022-04-20,Webcam HD,Electronics,South,Vikram Singh,4,66.74,266.96,119.85,147.11
2022-04-21,Desk Lamp LED,Furniture,Central,Arjun Mehta,21,40.31,846.51,303.96,542.55
2022-04-21,Filing Cabinet,Furniture,West,Divya Nair,8,124.26,994.08,543.4,450.68
2022-04-21,Stapler Heavy Duty,Office Supplies,West,Neha Patel,20,21.45,429.0,137.84,291.16
2022-04-21,Bookshelf Oak,Furniture,East,Divya Nair,9,173.66,1562.94,875.12,687.82
2022-04-21,Laptop Bag,Accessories,South,Karthik Iyer,11,64.69,711.59,281.8,429.79
2022-04-22,Office Chair Ergonomic,Furniture,Central,Vikram Singh,14,319.94,4479.16,2192.44,2286.72
2022-04-22,Bookshelf Oak,Furniture,Central,Neha Patel,2,189.92,379.84,192.27,187.57
2022-04-23,Desk Lamp LED,Furniture,South,Priya Sharma,1,41.65,41.65,15.3,26.35
2022-04-23,Whiteboard Markers,Office Supplies,East,Arjun Mehta,8,14.64,117.12,39.86,77.26
2022-04-23,Desk Lamp LED,Furniture,Central,Karthik Iyer,5,36.81,184.05,71.67,112.38
2022-04-23,Pen Set Premium,Office Supplies,Central,Arjun Mehta,36,24.85,894.6,285.06,609.54
2022-04-23,Bookshelf Oak,Furniture,West,Arjun Mehta,4,189.34,757.36,382.79,374.57
2022-04-23,Laptop Bag,Accessories,East,Ananya Reddy,11,61.78,679.58,281.02,398.56
2022-04-24,Mechanical Keyboard,Electronics,Central,Vikram Singh,5,83.95,419.75,206.28,213.47
2022-04-24,Printer Paper Ream,Office Supplies,South,Amit Kumar,27,9.9,267.3,90.32,176.98
2022-04-24,Standing Desk,Furniture,West,Sneha Joshi,3,414.4,1243.2,730.22,512.98
2022-04-24,Whiteboard Markers,Office Supplies,South,Neha Patel,22,15.98,351.56,104.84,246.72
2022-04-24,Desk Lamp LED,Furniture,Central,Divya Nair,38,37.43,1422.34,577.21,845.13
2022-04-24,Headphones Wireless,Electronics,East,Sneha Joshi,1,175.34,175.34,75.64,99.7
2022-04-24,Bookshelf Oak,Furniture,East,Sneha Joshi,12,185.76,2229.12,1165.62,1063.5
2022-04-25,Phone Stand,Accessories,North,Vikram Singh,6,19.99,119.94,35.76,84.18
2022-04-25,Cable Organizer,Accessories,South,Divya Nair,25,9.7,242.5,77.54,164.96
2022-04-25,Laptop Bag,Accessories,East,Karthik Iyer,3,62.58,187.74,74.46,113.28
2022-04-25,Printer Paper Ream,Office Supplies,North,Ananya Reddy,7,10.71,74.97,23.95,51.02
2022-04-25,Filing Cabinet,Furniture,West,Amit Kumar,15,126.57,1898.55,1085.83,812.72
2022-04-25,Printer Paper Ream,Office Supplies,Central,Karthik Iyer,15,10.31,154.65,52.28,102.37
2022-04-25,Headphones Wireless,Electronics,East,Ananya Reddy,2,166.96,333.92,148.42,185.5
2022-04-25,Laptop Pro 15,Electronics,South,Vikram Singh,2,816.71,1633.42,1264.18,369.24
2022-04-25,Standing Desk,Furniture,East,Neha Patel,3,452.76,1358.28,765.43,592.85
2022-04-26,Screen Protector,Accessories,South,Sneha Joshi,8,16.33,130.64,23.05,107.59
2022-04-26,Bookshelf Oak,Furniture,South,Arjun Mehta,11,174.95,1924.45,1069.26,855.19
2022-04-26,Tablet 10 inch,Electronics,South,Neha Patel,5,525.05,2625.25,1506.3,1118.95
2022-04-27,Notebook A4 Pack,Office Supplies,South,Vikram Singh,4,12.91,51.64,16.55,35.09
2022-04-27,Headphones Wireless,Electronics,East,Priya Sharma,3,152.11,456.33,234.74,221.59
2022-04-27,Screen Protector,Accessories,Central,Ananya Reddy,5,16.38,81.9,14.63,67.27
2022-04-27,Power Bank 20000mAh,Accessories,East,Vikram Singh,33,43.54,1436.82,503.18,933.64
2022-04-28,Wireless Mouse,Electronics,West,Ananya Reddy,33,31.8,1049.4,403.1,646.3
2022-04-28,Monitor 27 inch,Electronics,East,Sneha Joshi,5,361.58,1807.9,1098.3,709.6
2022-04-28,Screen Protector,Accessories,East,Sneha Joshi,26,14.01,364.26,76.75,287.51
2022-04-29,Phone Stand,Accessories,West,Karthik Iyer,16,18.96,303.36,91.53,211.83
2022-04-29,Wireless Mouse,Electronics,East,Divya Nair,5,31.84,159.2,62.23,96.97
2022-04-29,Desk Organizer,Office Supplies,Central,Rohan Gupta,24,35.06,841.44,339.65,501.79
2022-04-29,Notebook A4 Pack,Office Supplies,East,Divya Nair,15,12.42,186.3,57.26,129.04
2022-04-30,Headphones Wireless,Electronics,Central,Arjun Mehta,12,154.03,1848.36,859.51,988.85
2022-04-30,Stapler Heavy Duty,Office Supplies,Central,Ananya Reddy,38,21.99,835.62,278.61,557.01
2022-04-30,Mechanical Keyboard,Electronics,Central,Amit Kumar,2,89.7,179.4,85.58,93.82
2022-04-30,Webcam HD,Electronics,East,Amit Kumar,7,65.38,457.66,214.92,242.74
2022-04-30,Screen Protector,Accessories,Central,Sneha Joshi,1,13.89,13.89,2.89,11.0
2022-05-01,Webcam HD,Electronics,West,Karthik Iyer,5,69.17,345.85,149.39,196.46
2022-05-01,Stapler Heavy Duty,Office Supplies,South,Vikram Singh,2,20.23,40.46,14.18,26.28
2022-05-02,Mechanical Keyboard,Electronics,North,Ananya Reddy,5,90.67,453.35,208.7,244.65
2022-05-02,Notebook A4 Pack,Office Supplies,Central,Ananya Reddy,5,12.81,64.05,19.98,44.07
2022-05-03,Webcam HD,Electronics,East,Sneha Joshi,14,71.81,1005.34,417.89,587.45
2022-05-03,Whiteboard Markers,Office Supplies,South,Ananya Reddy,30,13.93,417.9,144.76,273.14
2022-05-03,Standing Desk,Furniture,Central,Karthik Iyer,4,406.69,1626.76,988.26,638.5
2022-05-03,Desk Lamp LED,Furniture,West,Arjun Mehta,24,39.19,940.56,375.39,565.17
2022-05-03,Laptop Pro 15,Electronics,North,Ananya Reddy,5,939.51,4697.55,3179.86,1517.69
2022-05-03,Laptop Pro 15,Electronics,Central,Neha Patel,5,876.82,4384.1,3233.22,1150.88
2022-05-03,Power Bank 20000mAh,Accessories,West,Amit Kumar,19,37.62,714.78,292.16,422.62
2022-05-03,Screen Protector,Accessories,South,Vikram Singh,10,14.94,149.4,28.82,120.58
2022-05-03,Mechanical Keyboard,Electronics,Central,Sneha Joshi,4,82.53,330.12,163.06,167.06
2022-05-03,Webcam HD,Electronics,East,Neha Patel,2,68.95,137.9,61.17,76.73
2022-05-03,Mechanical Keyboard,Electronics,North,Vikram Singh,8,84.03,672.24,326.16,346.08
2022-05-03,Webcam HD,Electronics,North,Vikram Singh,8,71.82,574.56,246.36,328.2
2022-05-03,Cable Organizer,Accessories,South,Arjun Mehta,17,10.59,180.03,49.61,130.42
2022-05-04,Wireless Mouse,Electronics,West,Arjun Mehta,19,29.44,559.36,234.13,325.23
2022-05-04,Stapler Heavy Duty,Office Supplies,North,Amit Kumar,8,21.75,174.0,56.56,117.44
2022-05-04,Monitor 27 inch,Electronics,West,Neha Patel,2,316.79,633.58,405.13,228.45
2022-05-05,Cable Organizer,Accessories,North,Neha Patel,2,9.55,19.1,5.88,13.22
2022-05-05,Mechanical Keyboard,Electronics,West,Neha Patel,14,81.67,1143.38,603.21,540.17
2022-05-06,Whiteboard Markers,Office Supplies,West,Arjun Mehta,20,13.82,276.4,98.64,177.76
2022-05-06,Tablet 10 inch,Electronics,West,Divya Nair,2,456.67,913.34,628.45,284.89
2022-05-06,Phone Stand,Accessories,South,Divya Nair,10,18.87,188.7,58.33,130.37
2022-05-06,Standing Desk,Furniture,South,Priya Sharma,3,441.5,1324.5,779.52,544.98
2022-05-06,Monitor 27 inch,Electronics,East,Vikram Singh,5,340.93,1704.65,1028.98,675.67
2022-05-06,Pen Set Premium,Office Supplies,South,Vikram Singh,16,24.66,394.56,125.55,269.01
2022-05-06,Power Bank 20000mAh,Accessories,West,Sneha Joshi,24,42.48,1019.52,375.08,644.44
2022-05-06,Standing Desk,Furniture,East,Amit Kumar,1,449.43,449.43,259.72,189.71
2022-05-06,Tablet 10 inch,Electronics,South,Amit Kumar,2,539.35,1078.7,631.6,447.1
2022-05-06,USB-C Hub,Electronics,East,Amit Kumar,20,46.89,937.8,459.71,478.09
2022-05-07,Printer Paper Ream,Office Supplies,North,Ananya Reddy,6,10.0,60.0,20.31,39.69
2022-05-07,Office Chair Ergonomic,Furniture,Central,Amit Kumar,13,316.27,4111.51,2143.96,1967.55
2022-05-07,Power Bank 20000mAh,Accessories,South,Amit Kumar,19,43.42,824.98,308.56,516.42
2022-05-07,Phone Stand,Accessories,North,Ananya Reddy,10,21.24,212.4,62.59,149.81
2022-05-07,Laptop Pro 15,Electronics,North,Arjun Mehta,2,937.56,1875.12,1319.24,555.88
2022-05-07,Whiteboard Markers,Office Supplies,South,Vikram Singh,29,14.81,429.49,142.53,286.96
2022-05-08,Screen Protector,Accessories,South,Amit Kumar,14,15.17,212.38,44.09,168.29
2022-05-08,Office Chair Ergonomic,Furniture,West,Priya Sharma,13,304.53,3958.89,2113.95,1844.94
2022-05-08,Wireless Mouse,Electronics,West,Sneha Joshi,39,28.29,1103.31,448.06,655.25
2022-05-08,Headphones Wireless,Electronics,West,Ananya Reddy,6,165.64,993.84,445.52,548.32
2022-05-08,Tablet 10 inch,Electronics,East,Rohan Gupta,4,518.51,2074.04,1267.37,806.67
2022-05-09,Headphones Wireless,Electronics,North,Amit Kumar,3,155.7,467.1,218.18,248.92
2022-05-09,Laptop Pro 15,Electronics,East,Ananya Reddy,5,928.48,4642.4,3102.33,1540.07
2022-05-09,Screen Protector,Accessories,East,Amit Kumar,2,14.08,28.16,6.16,22.0
2022-05-09,Desk Organizer,Office Supplies,Central,Divya Nair,14,35.19,492.66,191.75,300.91
2022-05-10,Webcam HD,Electronics,West,Ananya Reddy,13,74.69,970.97,399.28,571.69
2022-05-10,Office Chair Ergonomic,Furniture,North,Vikram Singh,12,280.01,3360.12,1903.81,1456.31
2022-05-10,Laptop Pro 15,Electronics,West,Ananya Reddy,4,854.29,3417.16,2715.59,701.57
2022-05-10,Wireless Mouse,Electronics,East,Priya Sharma,14,32.98,461.72,161.5,300.22
2022-05-10,Whiteboard Markers,Office Supplies,West,Ananya Reddy,2,14.71,29.42,10.4,19.02
2022-05-10,Desk Organizer,Office Supplies,North,Priya Sharma,9,37.53,337.77,128.65,209.12
2022-05-10,Webcam HD,Electronics,East,Arjun Mehta,7,75.52,528.64,217.35,311.29
2022-05-11,Stapler Heavy Duty,Office Supplies,Central,Arjun Mehta,2,21.07,42.14,14.03,28.11
2022-05-11,Standing Desk,Furniture,West,Sneha Joshi,1,449.52,449.52,260.97,188.55
2022-05-11,Tablet 10 inch,Electronics,East,Divya Nair,4,508.78,2035.12,1256.71,778.41
2022-05-11,Laptop Pro 15,Electronics,Central,Amit Kumar,1,847.71,847.71,673.91,173.8
2022-05-11,Whiteboard Markers,Office Supplies,West,Divya Nair,3,14.65,43.95,14.26,29.69
2022-05-12,Notebook A4 Pack,Office Supplies,Central,Neha Patel,34,12.55,426.7,136.94,289.76
2022-05-12,Monitor 27 inch,Electronics,South,Ananya Reddy,5,317.8,1589.0,1097.86,491.14
2022-05-12,Tablet 10 inch,Electronics,West,Arjun Mehta,5,479.48,2397.4,1556.94,840.46
2022-05-13,Desk Lamp LED,Furniture,East,Divya Nair,12,43.47,521.64,183.86,337.78
2022-05-13,Printer Paper Ream,Office Supplies,North,Vikram Singh,36,9.67,348.12,124.56,223.56
2022-05-13,Whiteboard Markers,Office Supplies,West,Arjun Mehta,34,15.86,539.24,166.22,373.02
2022-05-13,Bookshelf Oak,Furniture,East,Amit Kumar,9,163.17,1468.53,839.27,629.26
2022-05-13,Pen Set Premium,Office Supplies,Central,Divya Nair,14,25.46,356.44,111.84,244.6
2022-05-14,Laptop Air 13,Electronics,East,Rohan Gupta,4,784.16,3136.64,2180.82,955.82
2022-05-14,USB-C Hub,Electronics,East,Divya Nair,15,53.8,807.0,337.55,469.45
2022-05-14,Printer Paper Ream,Office Supplies,Central,Rohan Gupta,11,10.28,113.08,39.27,73.81
2022-05-14,Desk Lamp LED,Furniture,South,Neha Patel,26,37.08,964.08,394.08,570.0
2022-05-14,Webcam HD,Electronics,West,Arjun Mehta,6,67.35,404.1,182.45,221.65
2022-05-14,Standing Desk,Furniture,West,Neha Patel,3,416.43,1249.29,758.0,491.29
2022-05-14,USB-C Hub,Electronics,North,Neha Patel,28,45.05,1261.4,592.74,668.66
2022-05-15,Bookshelf Oak,Furniture,South,Ananya Reddy,3,170.61,511.83,294.05,217.78
2022-05-15,Bookshelf Oak,Furniture,South,Arjun Mehta,5,183.97,919.85,475.09,444.76
2022-05-15,Laptop Air 13,Electronics,North,Karthik Iyer,3,818.6,2455.8,1639.77,816.03
2022-05-15,Laptop Pro 15,Electronics,West,Vikram Singh,5,949.47,4747.35,3174.67,1572.68
2022-05-15,Phone Stand,Accessories,West,Vikram Singh,7,19.99,139.93,40.08,99.85
2022-05-16,Laptop Bag,Accessories,East,Divya Nair,6,54.52,327.12,155.78,171.34
2022-05-16,Notebook A4 Pack,Office Supplies,East,Divya Nair,14,13.06,182.84,53.78,129.06
2022-05-16,Monitor 27 inch,Electronics,North,Rohan Gupta,4,370.08,1480.32,816.4,663.92
2022-05-16,Standing Desk,Furniture,West,Karthik Iyer,2,438.27,876.54,487.31,389.23
2022-05-17,Tablet 10 inch,Electronics,East,Divya Nair,4,506.55,2026.2,1285.67,740.53
2022-05-17,Pen Set Premium,Office Supplies,Central,Rohan Gupta,23,24.18,556.14,193.17,362.97
2022-05-17,Webcam HD,Electronics,South,Divya Nair,8,65.68,525.44,238.29,287.15
2022-05-17,Desk Lamp LED,Furniture,North,Divya Nair,36,37.41,1346.76,522.07,824.69
2022-05-18,Printer Paper Ream,Office Supplies,West,Karthik Iyer,5,10.13,50.65,16.85,33.8
2022-05-18,Filing Cabinet,Furniture,East,Priya Sharma,9,126.68,1140.12,631.1,509.02
2022-05-18,Desk Lamp LED,Furniture,South,Arjun Mehta,19,41.84,794.96,286.82,508.14
2022-05-18,Webcam HD,Electronics,North,Amit Kumar,7,68.26,477.82,205.97,271.85
2022-05-18,Wireless Mouse,Electronics,North,Divya Nair,1,27.3,27.3,11.96,15.34
2022-05-18,Bookshelf Oak,Furniture,West,Ananya Reddy,9,166.19,1495.71,867.55,628.16
2022-05-18,Printer Paper Ream,Office Supplies,East,Arjun Mehta,11,10.9,119.9,39.4,80.5
2022-05-19,Filing Cabinet,Furniture,East,Priya Sharma,12,117.02,1404.24,830.42,573.82
2022-05-19,Office Chair Ergonomic,Furniture,West,Divya Nair,6,296.28,1777.68,925.7,851.98
2022-05-19,Mechanical Keyboard,Electronics,North,Sneha Joshi,10,89.73,897.3,418.63,478.67
2022-05-19,Phone Stand,Accessories,East,Rohan Gupta,10,19.8,198.0,59.93,138.07
2022-05-19,Standing Desk,Furniture,South,Rohan Gupta,5,439.67,2198.35,1297.15,901.2
2022-05-20,Stapler Heavy Duty,Office Supplies,North,Vikram Singh,25,20.41,510.25,171.97,338.28
2022-05-20,Headphones Wireless,Electronics,North,Priya Sharma,8,166.96,1335.68,627.46,708.22
2022-05-20,USB-C Hub,Electronics,Central,Amit Kumar,25,49.28,1232.0,554.58,677.42
2022-05-20,Laptop Air 13,Electronics,East,Karthik Iyer,4,694.73,2778.92,2152.76,626.16
2022-05-20,Screen Protector,Accessories,South,Karthik Iyer,9,15.65,140.85,27.4,113.45
2022-05-21,Office Chair Ergonomic,Furniture,East,Rohan Gupta,3,296.28,888.84,482.07,406.77
2022-05-21,Notebook A4 Pack,Office Supplies,South,Vikram Singh,14,12.5,175.0,57.78,117.22
2022-05-21,Standing Desk,Furniture,West,Vikram Singh,3,490.62,1471.86,755.79,716.07
2022-05-21,Screen Protector,Accessories,West,Priya Sharma,3,16.17,48.51,9.11,39.4
2022-05-21,Stapler Heavy Duty,Office Supplies,North,Sneha Joshi,17,19.22,326.74,117.89,208.85
2022-05-21,Filing Cabinet,Furniture,South,Ananya Reddy,13,123.21,1601.73,902.07,699.66
2022-05-21,Filing Cabinet,Furniture,North,Vikram Singh,1,134.02,134.02,68.35,65.67
2022-05-21,Cable Organizer,Accessories,Central,Divya Nair,40,9.93,397.2,117.55,279.65
2022-05-21,Tablet 10 inch,Electronics,West,Priya Sharma,3,519.19,1557.57,963.32,594.25
2022-05-21,Monitor 27 inch,Electronics,East,Ananya Reddy,4,321.62,1286.48,843.53,442.95
2022-05-21,Power Bank 20000mAh,Accessories,Central,Amit Kumar,33,36.73,1212.09,550.84,661.25
2022-05-22,Pen Set Premium,Office Supplies,West,Vikram Singh,20,23.7,474.0,162.54,311.46
2022-05-22,Standing Desk,Furniture,West,Priya Sharma,3,483.63,1450.89,746.36,704.53
2022-05-22,Filing Cabinet,Furniture,North,Ananya Reddy,8,137.99,1103.92,547.25,556.67
2022-05-22,Stapler Heavy Duty,Office Supplies,North,Arjun Mehta,14,20.75,290.5,101.94,188.56
2022-05-23,Standing Desk,Furniture,West,Ananya Reddy,5,429.04,2145.2,1187.82,957.38
2022-05-23,Whiteboard Markers,Office Supplies,South,Vikram Singh,35,15.91,556.85,168.1,388.75
2022-05-23,Phone Stand,Accessories,South,Ananya Reddy,23,20.25,465.75,135.06,330.69
2022-05-23,Printer Paper Ream,Office Supplies,North,Neha Patel,26,10.61,275.86,86.68,189.18
2022-05-24,Cable Organizer,Accessories,West,Amit Kumar,27,10.3,278.1,82.89,195.21
2022-05-24,Monitor 27 inch,Electronics,North,Ananya Reddy,2,361.66,723.32,424.03,299.29
2022-05-24,Tablet 10 inch,Electronics,South,Vikram Singh,1,527.2,527.2,310.94,216.26
2022-05-25,Desk Organizer,Office Supplies,Central,Karthik Iyer,6,34.28,205.68,81.3,124.38
2022-05-25,Desk Organizer,Office Supplies,West,Rohan Gupta,20,35.24,704.8,270.5,434.3
2022-05-25,Laptop Air 13,Electronics,East,Ananya Reddy,1,698.05,698.05,554.83,143.22
2022-05-25,Tablet 10 inch,Electronics,Central,Amit Kumar,2,538.94,1077.88,589.56,488.32
2022-05-26,Pen Set Premium,Office Supplies,North,Priya Sharma,25,27.15,678.75,193.25,485.5
2022-05-26,Screen Protector,Accessories,West,Rohan Gupta,8,14.8,118.4,22.8,95.6
2022-05-26,Filing Cabinet,Furniture,East,Priya Sharma,12,141.71,1700.52,852.59,847.93
2022-05-27,Wireless Mouse,Electronics,East,Sneha Joshi,8,29.52,236.16,94.63,141.53
2022-05-27,Tablet 10 inch,Electronics,East,Neha Patel,4,499.67,1998.68,1255.37,743.31
2022-05-28,Bookshelf Oak,Furniture,South,Amit Kumar,8,168.84,1350.72,737.77,612.95
2022-05-29,Whiteboard Markers,Office Supplies,East,Ananya Reddy,8,15.9,127.2,41.83,85.37
2022-05-29,Mechanical Keyboard,Electronics,Central,Sneha Joshi,12,83.43,1001.16,516.0,485.16
2022-05-29,Desk Organizer,Office Supplies,North,Vikram Singh,40,33.73,1349.2,568.84,780.36
2022-05-29,Power Bank 20000mAh,Accessories,Central,Vikram Singh,37,43.35,1603.95,608.77,995.18
2022-05-30,Mechanical Keyboard,Electronics,Central,Arjun Mehta,1,86.98,86.98,40.89,46.09
2022-05-30,Printer Paper Ream,Office Supplies,East,Divya Nair,2,10.84,21.68,6.87,14.81
2022-05-30,Cable Organizer,Accessories,West,Rohan Gupta,30,9.89,296.7,93.42,203.28
2022-05-30,Screen Protector,Accessories,South,Sneha Joshi,14,15.2,212.8,42.47,170.33
2022-05-30,Webcam HD,Electronics,North,Amit Kumar,8,74.31,594.48,230.36,364.12
2022-05-30,Laptop Pro 15,Electronics,East,Priya Sharma,5,861.78,4308.9,3369.18,939.72
2022-05-31,Stapler Heavy Duty,Office Supplies,North,Neha Patel,27,19.49,526.23,185.48,340.75
2022-05-31,Office Chair Ergonomic,Furniture,West,Rohan Gupta,6,290.25,1741.5,919.37,822.13
2022-05-31,Tablet 10 inch,Electronics,Central,Ananya Reddy,2,507.65,1015.3,615.12,400.18
2022-05-31,Stapler Heavy Duty,Office Supplies,Central,Neha Patel,25,19.14,478.5,174.99,303.51
2022-06-01,Headphones Wireless,Electronics,North,Vikram Singh,2,169.95,339.9,156.74,183.16
2022-06-01,Printer Paper Ream,Office Supplies,East,Divya Nair,17,10.27,174.59,59.05,115.54
2022-06-02,Bookshelf Oak,Furniture,South,Amit Kumar,5,171.93,859.65,481.2,378.45
2022-06-02,Notebook A4 Pack,Office Supplies,East,Priya Sharma,4,13.28,53.12,16.34,36.78
2022-06-02,Cable Organizer,Accessories,South,Rohan Gupta,31,9.7,300.7,97.29,203.41
2022-06-02,Standing Desk,Furniture,Central,Divya Nair,1,412.82,412.82,259.1,153.72
2022-06-02,Standing Desk,Furniture,North,Vikram Singh,1,487.13,487.13,241.64,245.49
2022-06-02,Cable Organizer,Accessories,East,Neha Patel,25,10.11,252.75,73.34,179.41
2022-06-02,Monitor 27 inch,Electronics,Central,Priya Sharma,1,383.5,383.5,208.07,175.43
2022-06-03,Pen Set Premium,Office Supplies,Central,Arjun Mehta,22,22.82,502.04,168.69,333.35
2022-06-03,Printer Paper Ream,Office Supplies,East,Sneha Joshi,23,10.2,234.6,84.27,150.33
2022-06-03,Cable Organizer,Accessories,Central,Neha Patel,23,9.94,228.62,69.07,159.55
2022-06-03,Standing Desk,Furniture,North,Amit Kumar,3,451.07,1353.21,732.39,620.82
2022-06-04,USB-C Hub,Electronics,South,Karthik Iyer,30,48.65,1459.5,679.19,780.31
2022-06-04,Phone Stand,Accessories,North,Karthik Iyer,28,20.99,587.72,171.27,416.45
2022-06-04,Laptop Pro 15,Electronics,Central,Arjun Mehta,4,914.19,3656.76,2669.99,986.77
2022-06-04,Desk Organizer,Office Supplies,South,Rohan Gupta,14,31.82,445.48,205.73,239.75
2022-06-04,Headphones Wireless,Electronics,North,Amit Kumar,11,147.59,1623.49,796.8,826.69
2022-06-04,Cable Organizer,Accessories,North,Arjun Mehta,22,10.28,226.16,68.89,157.27
2022-06-05,Webcam HD,Electronics,North,Priya Sharma,10,71.36,713.6,311.31,402.29
2022-06-05,Standing Desk,Furniture,Central,Amit Kumar,3,406.46,1219.38,777.64,441.74
2022-06-05,Laptop Air 13,Electronics,Central,Arjun Mehta,1,729.89,729.89,524.8,205.09
2022-06-05,Cable Organizer,Accessories,North,Vikram Singh,5,10.39,51.95,14.39,37.56
2022-06-06,Laptop Air 13,Electronics,South,Sneha Joshi,1,717.38,717.38,529.96,187.42
2022-06-06,USB-C Hub,Electronics,South,Rohan Gupta,28,51.21,1433.88,587.82,846.06
2022-06-06,Monitor 27 inch,Electronics,North,Vikram Singh,1,321.01,321.01,200.49,120.52
2022-06-06,Office Chair Ergonomic,Furniture,East,Divya Nair,5,277.06,1385.3,813.28,572.02
2022-06-06,Standing Desk,Furniture,Central,Sneha Joshi,3,436.04,1308.12,774.48,533.64
2022-06-06,Wireless Mouse,Electronics,East,Sneha Joshi,19,27.18,516.42,230.0,286.42
2022-06-07,Phone Stand,Accessories,East,Amit Kumar,17,19.72,335.24,102.41,232.83
2022-06-07,Webcam HD,Electronics,West,Ananya Reddy,3,67.72,203.16,86.99,116.17
2022-06-07,Headphones Wireless,Electronics,North,Neha Patel,11,168.99,1858.89,805.17,1053.72
2022-06-07,Power Bank 20000mAh,Accessories,South,Rohan Gupta,31,41.13,1275.03,491.08,783.95
2022-06-07,Cable Organizer,Accessories,West,Amit Kumar,6,10.44,62.64,18.25,44.39
2022-06-07,Pen Set Premium,Office Supplies,West,Ananya Reddy,11,26.47,291.17,89.72,201.45
2022-06-07,Laptop Pro 15,Electronics,Central,Vikram Singh,1,829.56,829.56,653.23,176.33
2022-06-07,Laptop Bag,Accessories,Central,Ananya Reddy,10,54.48,544.8,259.76,285.04
2022-06-08,Desk Organizer,Office Supplies,Central,Divya Nair,2,37.39,74.78,28.7,46.08
2022-06-08,Tablet 10 inch,Electronics,Central,Rohan Gupta,1,456.06,456.06,305.12,150.94
2022-06-08,Cable Organizer,Accessories,East,Sneha Joshi,5,9.69,48.45,14.26,34.19
2022-06-09,Filing Cabinet,Furniture,Central,Ananya Reddy,1,123.22,123.22,67.64,55.58
2022-06-09,Cable Organizer,Accessories,West,Vikram Singh,12,9.53,114.36,35.74,78.62
2022-06-10,Whiteboard Markers,Office Supplies,East,Arjun Mehta,5,14.8,74.0,25.85,48.15
2022-06-10,Cable Organizer,Accessories,North,Ananya Reddy,19,10.75,204.25,56.63,147.62
2022-06-10,Pen Set Premium,Office Supplies,North,Priya Sharma,1,26.36,26.36,8.21,18.15
2022-06-10,Standing Desk,Furniture,North,Neha Patel,1,451.4,451.4,240.27,211.13
2022-06-11,Printer Paper Ream,Office Supplies,East,Priya Sharma,29,10.44,302.76,98.36,204.4
2022-06-11,Office Chair Ergonomic,Furniture,North,Arjun Mehta,8,319.85,2558.8,1269.31,1289.49
2022-06-11,Headphones Wireless,Electronics,West,Arjun Mehta,10,167.48,1674.8,786.26,888.54
2022-06-11,Office Chair Ergonomic,Furniture,North,Rohan Gupta,4,320.48,1281.92,643.21,638.71
2022-06-11,Headphones Wireless,Electronics,Central,Neha Patel,1,152.35,152.35,73.95,78.4
2022-06-11,Wireless Mouse,Electronics,North,Neha Patel,17,30.5,518.5,209.17,309.33
2022-06-12,Pen Set Premium,Office Supplies,South,Amit Kumar,34,26.53,902.02,277.02,625.0
2022-06-12,Tablet 10 inch,Electronics,Central,Arjun Mehta,1,538.21,538.21,303.12,235.09
2022-06-12,Pen Set Premium,Office Supplies,North,Neha Patel,31,23.8,737.8,243.12,494.68
2022-06-12,Monitor 27 inch,Electronics,South,Rohan Gupta,1,376.46,376.46,211.58,164.88
2022-06-12,Laptop Air 13,Electronics,Central,Priya Sharma,1,691.14,691.14,537.24,153.9
2022-06-12,USB-C Hub,Electronics,North,Vikram Singh,9,52.3,470.7,201.09,269.61
2022-06-12,Printer Paper Ream,Office Supplies,West,Ananya Reddy,11,10.63,116.93,37.25,79.68
2022-06-13,Desk Lamp LED,Furniture,North,Karthik Iyer,6,38.2,229.2,88.58,140.62
2022-06-13,USB-C Hub,Electronics,North,Ananya Reddy,32,47.57,1522.24,705.05,817.19
2022-06-13,Cable Organizer,Accessories,Central,Divya Nair,29,9.79,283.91,91.04,192.87
2022-06-13,Laptop Air 13,Electronics,West,Rohan Gupta,4,820.58,3282.32,2194.05,1088.27
2022-06-13,Whiteboard Markers,Office Supplies,North,Vikram Singh,30,15.53,465.9,145.14,320.76
2022-06-13,Standing Desk,Furniture,Central,Amit Kumar,2,417.68,835.36,476.83,358.53
2022-06-14,Printer Paper Ream,Office Supplies,East,Neha Patel,10,10.1,101.0,36.64,64.36
2022-06-14,Notebook A4 Pack,Office Supplies,South,Rohan Gupta,4,11.98,47.92,15.64,32.28
2022-06-14,Whiteboard Markers,Office Supplies,South,Karthik Iyer,9,15.98,143.82,43.89,99.93
2022-06-14,Monitor 27 inch,Electronics,South,Neha Patel,3,321.3,963.9,613.92,349.98
2022-06-14,Phone Stand,Accessories,North,Rohan Gupta,28,19.7,551.6,160.54,391.06
2022-06-14,Tablet 10 inch,Electronics,East,Rohan Gupta,2,475.94,951.88,611.53,340.35
2022-06-15,Bookshelf Oak,Furniture,Central,Vikram Singh,1,166.53,166.53,96.18,70.35
2022-06-15,Filing Cabinet,Furniture,South,Arjun Mehta,4,124.12,496.48,267.43,229.05
2022-06-15,Standing Desk,Furniture,West,Priya Sharma,3,421.48,1264.44,737.7,526.74
2022-06-16,Printer Paper Ream,Office Supplies,West,Sneha Joshi,15,10.18,152.7,49.91,102.79
2022-06-16,Mechanical Keyboard,Electronics,West,Priya Sharma,5,83.28,416.4,199.79,216.61
2022-06-16,Office Chair Ergonomic,Furniture,South,Divya Nair,6,326.9,1961.4,975.64,985.76
2022-06-17,Filing Cabinet,Furniture,South,Arjun Mehta,5,141.19,705.95,361.87,344.08
2022-06-18,Desk Organizer,Office Supplies,West,Ananya Reddy,22,33.29,732.38,305.35,427.03
2022-06-18,Printer Paper Ream,Office Supplies,East,Amit Kumar,32,9.03,288.96,109.07,179.89
2022-06-18,Standing Desk,Furniture,East,Neha Patel,1,462.19,462.19,240.54,221.65
2022-06-19,Cable Organizer,Accessories,West,Neha Patel,34,9.3,316.2,102.11,214.09
2022-06-19,Mechanical Keyboard,Electronics,North,Priya Sharma,11,94.26,1036.86,445.83,591.03
2022-06-19,Printer Paper Ream,Office Supplies,West,Amit Kumar,23,9.66,222.18,83.98,138.2
2022-06-20,Mechanical Keyboard,Electronics,East,Divya Nair,2,82.51,165.02,87.63,77.39
2022-06-20,Cable Organizer,Accessories,East,Divya Nair,29,9.3,269.7,88.97,180.73
2022-06-20,Filing Cabinet,Furniture,Central,Sneha Joshi,1,133.16,133.16,70.63,62.53
2022-06-20,Mechanical Keyboard,Electronics,West,Amit Kumar,5,82.7,413.5,220.21,193.29
2022-06-20,Cable Organizer,Accessories,West,Neha Patel,16,9.45,151.2,47.45,103.75
2022-06-21,Desk Lamp LED,Furniture,North,Amit Kumar,11,43.78,481.58,159.31,322.27
2022-06-21,Desk Lamp LED,Furniture,Central,Amit Kumar,22,38.05,837.1,313.68,523.42
2022-06-21,Cable Organizer,Accessories,Central,Amit Kumar,27,10.51,283.77,79.6,204.17
2022-06-21,Filing Cabinet,Furniture,West,Rohan Gupta,8,138.56,1108.48,540.33,568.15
2022-06-21,Phone Stand,Accessories,West,Ananya Reddy,22,18.67,410.74,135.72,275.02
2022-06-22,Office Chair Ergonomic,Furniture,Central,Divya Nair,8,313.26,2506.08,1252.47,1253.61
2022-06-22,Laptop Air 13,Electronics,Central,Ananya Reddy,3,783.75,2351.25,1658.89,692.36
2022-06-22,Headphones Wireless,Electronics,Central,Karthik Iyer,5,155.56,777.8,367.62,410.18
2022-06-22,Headphones Wireless,Electronics,South,Neha Patel,5,168.41,842.05,376.45,465.6
2022-06-22,Bookshelf Oak,Furniture,North,Priya Sharma,4,170.23,680.92,379.29,301.63
2022-06-22,Stapler Heavy Duty,Office Supplies,South,Sneha Joshi,9,19.81,178.29,63.6,114.69
2022-06-23,Screen Protector,Accessories,North,Rohan Gupta,6,14.5,87.0,17.14,69.86
2022-06-23,Laptop Air 13,Electronics,Central,Vikram Singh,1,739.28,739.28,531.08,208.2
2022-06-23,Laptop Bag,Accessories,Central,Divya Nair,9,58.55,526.95,218.71,308.24
2022-06-24,Office Chair Ergonomic,Furniture,North,Amit Kumar,11,294.96,3244.56,1776.92,1467.64
2022-06-24,Standing Desk,Furniture,East,Karthik Iyer,2,461.64,923.28,487.27,436.01
2022-06-24,Webcam HD,Electronics,South,Sneha Joshi,11,70.87,779.57,328.16,451.41
2022-06-24,Tablet 10 inch,Electronics,North,Ananya Reddy,3,496.17,1488.51,884.18,604.33
2022-06-24,Whiteboard Markers,Office Supplies,South,Rohan Gupta,13,14.8,192.4,65.75,126.65
2022-06-24,Wireless Mouse,Electronics,North,Sneha Joshi,11,32.91,362.01,138.11,223.9
2022-06-24,Monitor 27 inch,Electronics,North,Amit Kumar,4,374.16,1496.64,879.94,616.7
2022-06-25,Laptop Bag,Accessories,East,Amit Kumar,5,65.64,328.2,126.12,202.08
2022-06-25,Screen Protector,Accessories,South,Vikram Singh,17,15.4,261.8,50.72,211.08
2022-06-26,Tablet 10 inch,Electronics,South,Karthik Iyer,4,530.31,2121.24,1200.91,920.33
2022-06-26,Stapler Heavy Duty,Office Supplies,North,Neha Patel,7,21.12,147.84,47.03,100.81
2022-06-26,Phone Stand,Accessories,West,Neha Patel,21,20.39,428.19,125.57,302.62
2022-06-27,Standing Desk,Furniture,West,Ananya Reddy,3,441.48,1324.44,727.52,596.92
2022-06-27,Desk Organizer,Office Supplies,West,Neha Patel,7,35.12,245.84,93.45,152.39
2022-06-27,Stapler Heavy Duty,Office Supplies,East,Amit Kumar,5,18.32,91.6,35.78,55.82
2022-06-27,Stapler Heavy Duty,Office Supplies,South,Arjun Mehta,11,18.48,203.28,76.06,127.22
2022-06-27,Bookshelf Oak,Furniture,West,Rohan Gupta,8,188.57,1508.56,749.08,759.48
2022-06-28,Whiteboard Markers,Office Supplies,West,Neha Patel,27,14.44,389.88,136.42,253.46
2022-06-28,Laptop Air 13,Electronics,North,Amit Kumar,2,694.42,1388.84,1043.84,345.0
2022-06-29,Laptop Bag,Accessories,East,Ananya Reddy,10,54.77,547.7,251.05,296.65
2022-06-29,Standing Desk,Furniture,West,Vikram Singh,3,422.94,1268.82,778.85,489.97
2022-06-29,Wireless Mouse,Electronics,North,Vikram Singh,14,30.34,424.76,169.26,255.5
2022-06-29,Mechanical Keyboard,Electronics,North,Ananya Reddy,10,91.65,916.5,406.9,509.6
2022-06-30,Monitor 27 inch,Electronics,South,Amit Kumar,3,354.24,1062.72,643.39,419.33
2022-06-30,Desk Organizer,Office Supplies,Central,Priya Sharma,8,37.99,303.92,113.65,190.27
2022-06-30,Wireless Mouse,Electronics,East,Sneha Joshi,11,30.9,339.9,128.15,211.75
2022-06-30,Mechanical Keyboard,Electronics,South,Sneha Joshi,8,95.34,762.72,326.71,436.01
2022-06-30,USB-C Hub,Electronics,North,Karthik Iyer,12,46.05,552.6,259.59,293.01
2022-06-30,Laptop Air 13,Electronics,East,Ananya Reddy,4,704.53,2818.12,2068.91,749.21
2022-07-01,Headphones Wireless,Electronics,West,Priya Sharma,5,157.66,788.3,374.79,413.51
2022-07-01,Desk Lamp LED,Furniture,South,Rohan Gupta,11,42.28,465.08,167.73,297.35
2022-07-01,Desk Organizer,Office Supplies,East,Neha Patel,1,37.13,37.13,13.44,23.69
2022-07-01,USB-C Hub,Electronics,South,Neha Patel,9,45.75,411.75,200.51,211.24
2022-07-01,Laptop Pro 15,Electronics,South,Sneha Joshi,3,818.08,2454.24,2009.32,444.92
2022-07-02,Headphones Wireless,Electronics,North,Divya Nair,7,156.92,1098.44,505.45,592.99
2022-07-02,Mechanical Keyboard,Electronics,Central,Ananya Reddy,11,83.56,919.16,473.49,445.67
2022-07-02,Bookshelf Oak,Furniture,East,Divya Nair,7,188.62,1320.34,687.36,632.98
2022-07-02,Mechanical Keyboard,Electronics,North,Karthik Iyer,5,82.87,414.35,218.68,195.67
2022-07-02,Laptop Bag,Accessories,South,Ananya Reddy,5,65.62,328.1,130.69,197.41
2022-07-03,Phone Stand,Accessories,Central,Neha Patel,29,20.94,607.26,180.1,427.16
2022-07-03,Stapler Heavy Duty,Office Supplies,West,Rohan Gupta,29,21.43,621.47,208.67,412.8
2022-07-04,Tablet 10 inch,Electronics,East,Neha Patel,1,548.0,548.0,324.49,223.51
2022-07-04,Whiteboard Markers,Office Supplies,South,Karthik Iyer,14,14.96,209.44,67.93,141.51
2022-07-04,Stapler Heavy Duty,Office Supplies,South,Karthik Iyer,28,18.16,508.48,186.46,322.02
2022-07-04,Pen Set Premium,Office Supplies,West,Priya Sharma,17,24.61,418.37,133.92,284.45
2022-07-04,Printer Paper Ream,Office Supplies,Central,Amit Kumar,8,9.58,76.64,27.01,49.63
2022-07-05,Monitor 27 inch,Electronics,North,Vikram Singh,2,356.37,712.74,439.56,273.18
2022-07-05,Whiteboard Markers,Office Supplies,East,Sneha Joshi,14,15.02,210.28,73.11,137.17
2022-07-05,Notebook A4 Pack,Office Supplies,East,Priya Sharma,30,12.59,377.7,122.87,254.83
2022-07-06,USB-C Hub,Electronics,West,Divya Nair,23,45.87,1055.01,494.01,561.0
2022-07-06,Headphones Wireless,Electronics,Central,Rohan Gupta,11,159.55,1755.05,791.64,963.41
2022-07-06,Headphones Wireless,Electronics,North,Vikram Singh,12,145.71,1748.52,921.33,827.19
2022-07-06,Power Bank 20000mAh,Accessories,South,Neha Patel,9,43.33,389.97,139.79,250.18
2022-07-07,Laptop Pro 15,Electronics,West,Arjun Mehta,1,870.67,870.67,629.99,240.68
2022-07-07,Cable Organizer,Accessories,North,Vikram Singh,28,10.77,301.56,85.46,216.1
2022-07-07,Wireless Mouse,Electronics,West,Neha Patel,8,30.79,246.32,95.65,150.67
2022-07-08,Bookshelf Oak,Furniture,South,Karthik Iyer,5,175.34,876.7,467.04,409.66
2022-07-08,Laptop Air 13,Electronics,Central,Rohan Gupta,3,765.79,2297.37,1557.76,739.61
2022-07-08,Phone Stand,Accessories,East,Rohan Gupta,22,21.77,478.94,138.09,340.85
2022-07-08,Desk Lamp LED,Furniture,Central,Rohan Gupta,30,36.27,1088.1,455.31,632.79
2022-07-08,Tablet 10 inch,Electronics,North,Amit Kumar,3,479.05,1437.15,913.36,523.79
2022-07-09,Tablet 10 inch,Electronics,Central,Arjun Mehta,2,457.92,915.84,646.78,269.06
2022-07-09,Desk Lamp LED,Furniture,East,Sneha Joshi,16,41.67,666.72,235.67,431.05
2022-07-09,Headphones Wireless,Electronics,Central,Ananya Reddy,9,174.2,1567.8,642.71,925.09
2022-07-10,Power Bank 20000mAh,Accessories,West,Ananya Reddy,4,42.35,169.4,63.35,106.05
2022-07-10,Tablet 10 inch,Electronics,West,Rohan Gupta,3,472.01,1416.03,887.59,528.44
2022-07-10,Tablet 10 inch,Electronics,North,Vikram Singh,3,454.83,1364.49,897.54,466.95
2022-07-10,Headphones Wireless,Electronics,South,Sneha Joshi,5,163.9,819.5,386.13,433.37
2022-07-10,Mechanical Keyboard,Electronics,East,Divya Nair,6,90.46,542.76,251.16,291.6
2022-07-10,Standing Desk,Furniture,South,Vikram Singh,1,461.83,461.83,249.08,212.75
2022-07-11,Cable Organizer,Accessories,South,Rohan Gupta,12,10.6,127.2,34.73,92.47
2022-07-11,Monitor 27 inch,Electronics,South,Karthik Iyer,4,320.95,1283.8,848.04,435.76
2022-07-11,Headphones Wireless,Electronics,South,Ananya Reddy,1,170.39,170.39,78.52,91.87
2022-07-11,Monitor 27 inch,Electronics,North,Priya Sharma,4,345.2,1380.8,867.84,512.96
2022-07-12,USB-C Hub,Electronics,East,Sneha Joshi,11,48.07,528.77,242.17,286.6
2022-07-12,Desk Lamp LED,Furniture,South,Ananya Reddy,12,43.07,516.84,173.51,343.33
2022-07-13,Headphones Wireless,Electronics,South,Karthik Iyer,6,175.99,1055.94,459.12,596.82
2022-07-13,USB-C Hub,Electronics,South,Sneha Joshi,23,53.92,1240.16,498.18,741.98
2022-07-13,Printer Paper Ream,Office Supplies,East,Amit Kumar,10,9.38,93.8,33.63,60.17
2022-07-13,Tablet 10 inch,Electronics,Central,Ananya Reddy,4,532.42,2129.68,1230.16,899.52
2022-07-14,Bookshelf Oak,Furniture,West,Ananya Reddy,9,171.17,1540.53,893.78,646.75
2022-07-14,Laptop Pro 15,Electronics,South,Sneha Joshi,1,833.88,833.88,632.2,201.68
2022-07-14,Whiteboard Markers,Office Supplies,South,Arjun Mehta,28,15.9,445.2,140.03,305.17
2022-07-14,Wireless Mouse,Electronics,West,Ananya Reddy,32,29.09,930.88,378.68,552.2
2022-07-15,Monitor 27 inch,Electronics,South,Sneha Joshi,2,380.5,761.0,399.29,361.71
2022-07-15,USB-C Hub,Electronics,West,Arjun Mehta,15,53.66,804.9,317.69,487.21
2022-07-15,Tablet 10 inch,Electronics,East,Amit Kumar,4,471.92,1887.68,1273.52,614.16
2022-07-15,Phone Stand,Accessories,West,Divya Nair,6,18.33,109.98,34.42,75.56
2022-07-15,Laptop Air 13,Electronics,Central,Vikram Singh,2,807.17,1614.34,1103.87,510.47
2022-07-15,Bookshelf Oak,Furniture,West,Rohan Gupta,4,187.85,751.4,384.53,366.87
2022-07-16,Stapler Heavy Duty,Office Supplies,Central,Neha Patel,16,18.12,289.92,115.94,173.98
2022-07-16,Whiteboard Markers,Office Supplies,North,Ananya Reddy,5,15.48,77.4,25.14,52.26
2022-07-16,Laptop Pro 15,Electronics,West,Priya Sharma,2,980.49,1960.98,1277.15,683.83
2022-07-17,Mechanical Keyboard,Electronics,Central,Neha Patel,8,97.21,777.68,325.41,452.27
2022-07-17,Stapler Heavy Duty,Office Supplies,West,Divya Nair,11,18.49,203.39,77.11,126.28
2022-07-18,Laptop Air 13,Electronics,East,Karthik Iyer,4,737.71,2950.84,2259.94,690.9
2022-07-18,Laptop Bag,Accessories,North,Amit Kumar,11,64.33,707.63,270.36,437.27
2022-07-18,Office Chair Ergonomic,Furniture,South,Priya Sharma,6,271.47,1628.82,960.56,668.26
2022-07-19,Power Bank 20000mAh,Accessories,East,Sneha Joshi,5,37.18,185.9,76.24,109.66
2022-07-19,Monitor 27 inch,Electronics,West,Karthik Iyer,3,322.39,967.17,654.65,312.52
2022-07-20,Laptop Air 13,Electronics,Central,Arjun Mehta,1,813.94,813.94,558.83,255.11
2022-07-20,Headphones Wireless,Electronics,Central,Neha Patel,5,162.14,810.7,359.08,451.62
2022-07-20,Power Bank 20000mAh,Accessories,South,Amit Kumar,21,36.06,757.26,328.59,428.67
2022-07-20,Laptop Bag,Accessories,West,Sneha Joshi,5,55.12,275.6,130.27,145.33
2022-07-21,Notebook A4 Pack,Office Supplies,Central,Karthik Iyer,22,12.76,280.72,89.2,191.52
2022-07-21,USB-C Hub,Electronics,East,Karthik Iyer,3,50.47,151.41,63.84,87.57
2022-07-21,USB-C Hub,Electronics,South,Divya Nair,20,52.64,1052.8,439.9,612.9
2022-07-21,Bookshelf Oak,Furniture,East,Rohan Gupta,2,175.54,351.08,198.34,152.74
2022-07-21,Whiteboard Markers,Office Supplies,West,Sneha Joshi,22,16.1,354.2,105.88,248.32
2022-07-21,Webcam HD,Electronics,East,Neha Patel,9,66.48,598.32,257.86,340.46
2022-07-22,Standing Desk,Furniture,Central,Rohan Gupta,3,406.82,1220.46,755.04,465.42
2022-07-22,Phone Stand,Accessories,South,Vikram Singh,15,20.17,302.55,89.69,212.86
2022-07-22,Printer Paper Ream,Office Supplies,South,Arjun Mehta,21,9.8,205.8,76.02,129.78
2022-07-22,Power Bank 20000mAh,Accessories,Central,Karthik Iyer,22,43.62,959.64,354.93,604.71
2022-07-22,Laptop Bag,Accessories,East,Sneha Joshi,7,56.04,392.28,167.29,224.99
2022-07-23,Cable Organizer,Accessories,South,Neha Patel,14,10.31,144.34,40.56,103.78
2022-07-23,USB-C Hub,Electronics,East,Ananya Reddy,7,46.22,323.54,149.41,174.13
2022-07-23,Desk Organizer,Office Supplies,South,Rohan Gupta,8,32.77,262.16,115.01,147.15
2022-07-23,Wireless Mouse,Electronics,North,Priya Sharma,1,30.69,30.69,11.89,18.8
2022-07-23,Laptop Pro 15,Electronics,Central,Karthik Iyer,3,865.54,2596.62,1873.41,723.21
2022-07-24,Wireless Mouse,Electronics,Central,Neha Patel,28,28.58,800.24,350.56,449.68
2022-07-24,Headphones Wireless,Electronics,West,Ananya Reddy,9,152.8,1375.2,667.29,707.91
2022-07-24,Desk Organizer,Office Supplies,Central,Neha Patel,33,34.9,1151.7,465.2,686.5
2022-07-24,Whiteboard Markers,Office Supplies,Central,Rohan Gupta,17,14.61,248.37,81.22,167.15
2022-07-24,Laptop Air 13,Electronics,Central,Karthik Iyer,2,767.08,1534.16,1058.73,475.43
2022-07-24,Filing Cabinet,Furniture,South,Arjun Mehta,3,125.46,376.38,212.76,163.62
2022-07-25,Printer Paper Ream,Office Supplies,North,Amit Kumar,25,9.02,225.5,84.39,141.11
2022-07-25,Printer Paper Ream,Office Supplies,South,Rohan Gupta,1,9.08,9.08,3.6,5.48
2022-07-25,Office Chair Ergonomic,Furniture,South,Rohan Gupta,7,318.97,2232.79,1166.73,1066.06
2022-07-25,Desk Lamp LED,Furniture,North,Divya Nair,29,42.37,1228.73,424.79,803.94
2022-07-25,Stapler Heavy Duty,Office Supplies,South,Amit Kumar,8,18.02,144.16,55.48,88.68
2022-07-26,Pen Set Premium,Office Supplies,South,Rohan Gupta,27,24.31,656.37,211.77,444.6
2022-07-26,Power Bank 20000mAh,Accessories,West,Ananya Reddy,32,36.59,1170.88,501.92,668.96
2022-07-26,Wireless Mouse,Electronics,East,Sneha Joshi,2,32.12,64.24,23.52,40.72
2022-07-27,Whiteboard Markers,Office Supplies,Central,Amit Kumar,2,15.48,30.96,10.38,20.58
2022-07-27,Standing Desk,Furniture,South,Sneha Joshi,2,428.76,857.52,477.5,380.02
2022-07-27,Office Chair Ergonomic,Furniture,Central,Vikram Singh,4,304.08,1216.32,636.54,579.78
2022-07-27,Laptop Pro 15,Electronics,South,Karthik Iyer,1,870.9,870.9,631.17,239.73
2022-07-27,Phone Stand,Accessories,West,Arjun Mehta,9,19.27,173.43,54.4,119.03
2022-07-27,Notebook A4 Pack,Office Supplies,Central,Priya Sharma,18,14.1,253.8,73.79,180.01
2022-07-27,Standing Desk,Furniture,South,Amit Kumar,1,475.1,475.1,251.34,223.76
2022-07-27,Notebook A4 Pack,Office Supplies,East,Neha Patel,22,14.18,311.96,89.0,222.96
2022-07-27,Notebook A4 Pack,Office Supplies,Central,Vikram Singh,16,13.16,210.56,64.58,145.98
2022-07-27,Stapler Heavy Duty,Office Supplies,South,Ananya Reddy,25,20.42,510.5,168.32,342.18
2022-07-27,Printer Paper Ream,Office Supplies,West,Divya Nair,33,10.75,354.75,115.5,239.25
2022-07-28,Desk Organizer,Office Supplies,North,Amit Kumar,5,32.66,163.3,67.33,95.97
2022-07-28,Laptop Pro 15,Electronics,West,Priya Sharma,3,848.02,2544.06,2008.65,535.41
2022-07-28,Headphones Wireless,Electronics,Central,Vikram Singh,10,154.08,1540.8,783.6,757.2
2022-07-28,Desk Lamp LED,Furniture,West,Arjun Mehta,11,43.01,473.11,158.01,315.1
2022-07-29,USB-C Hub,Electronics,West,Priya Sharma,6,47.4,284.4,137.2,147.2
2022-07-29,Whiteboard Markers,Office Supplies,South,Neha Patel,5,15.75,78.75,26.18,52.57
2022-07-29,Standing Desk,Furniture,East,Rohan Gupta,3,415.44,1246.32,769.12,477.2
2022-07-29,Filing Cabinet,Furniture,South,Rohan Gupta,7,122.89,860.23,494.95,365.28
2022-07-29,Power Bank 20000mAh,Accessories,Central,Karthik Iyer,23,43.21,993.83,358.96,634.87
2022-07-29,Monitor 27 inch,Electronics,East,Priya Sharma,2,351.3,702.6,429.94,272.66
2022-07-29,Laptop Bag,Accessories,East,Karthik Iyer,1,63.86,63.86,25.01,38.85
2022-07-30,Laptop Bag,Accessories,East,Divya Nair,3,60.84,182.52,72.41,110.11
2022-07-30,Printer Paper Ream,Office Supplies,Central,Rohan Gupta,27,9.94,268.38,93.08,175.3
2022-07-31,Bookshelf Oak,Furniture,East,Rohan Gupta,2,175.77,351.54,195.95,155.59
2022-07-31,Bookshelf Oak,Furniture,Central,Ananya Reddy,12,173.61,2083.32,1097.24,986.08
2022-07-31,Power Bank 20000mAh,Accessories,North,Sneha Joshi,16,36.46,583.36,248.99,334.37
2022-07-31,USB-C Hub,Electronics,Central,Rohan Gupta,18,49.47,890.46,413.9,476.56
2022-07-31,Headphones Wireless,Electronics,Central,Neha Patel,1,168.25,168.25,74.68,93.57
2022-08-01,Cable Organizer,Accessories,West,Amit Kumar,39,10.66,415.74,115.55,300.19
2022-08-01,Whiteboard Markers,Office Supplies,West,Neha Patel,11,14.06,154.66,55.76,98.9
2022-08-01,Phone Stand,Accessories,North,Sneha Joshi,14,20.9,292.6,80.86,211.74
2022-08-02,Laptop Bag,Accessories,Central,Vikram Singh,1,63.91,63.91,25.26,38.65
2022-08-02,Bookshelf Oak,Furniture,Central,Sneha Joshi,10,175.99,1759.9,949.77,810.13
2022-08-02,Laptop Bag,Accessories,North,Arjun Mehta,9,61.74,555.66,230.19,325.47
2022-08-02,Pen Set Premium,Office Supplies,West,Neha Patel,16,23.84,381.44,122.36,259.08
2022-08-03,Whiteboard Markers,Office Supplies,Central,Priya Sharma,19,13.83,262.77,91.26,171.51
2022-08-04,Whiteboard Markers,Office Supplies,East,Karthik Iyer,29,13.99,405.71,140.76,264.95
2022-08-04,Office Chair Ergonomic,Furniture,South,Rohan Gupta,3,313.79,941.37,470.45,470.92
2022-08-04,USB-C Hub,Electronics,North,Neha Patel,35,51.97,1818.95,769.35,1049.6
2022-08-04,Laptop Pro 15,Electronics,Central,Amit Kumar,4,839.15,3356.6,2532.59,824.01
2022-08-05,Wireless Mouse,Electronics,East,Neha Patel,22,29.12,640.64,259.19,381.45
2022-08-05,Pen Set Premium,Office Supplies,West,Vikram Singh,13,25.88,336.44,102.35,234.09
2022-08-06,Bookshelf Oak,Furniture,South,Sneha Joshi,2,171.62,343.24,185.21,158.03
2022-08-06,Office Chair Ergonomic,Furniture,West,Vikram Singh,14,311.63,4362.82,2296.74,2066.08
2022-08-06,Desk Organizer,Office Supplies,South,Ananya Reddy,26,32.67,849.42,377.94,471.48
2022-08-06,Stapler Heavy Duty,Office Supplies,Central,Ananya Reddy,2,20.9,41.8,13.32,28.48
2022-08-06,Laptop Air 13,Electronics,North,Arjun Mehta,3,696.88,2090.64,1617.86,472.78
2022-08-07,Notebook A4 Pack,Office Supplies,North,Amit Kumar,30,12.51,375.3,123.79,251.51
2022-08-07,Wireless Mouse,Electronics,South,Divya Nair,1,31.53,31.53,11.77,19.76
2022-08-07,Power Bank 20000mAh,Accessories,South,Neha Patel,37,41.88,1549.56,580.08,969.48
2022-08-07,Laptop Air 13,Electronics,East,Vikram Singh,3,797.34,2392.02,1700.88,691.14
2022-08-07,Notebook A4 Pack,Office Supplies,East,Divya Nair,35,11.76,411.6,137.06,274.54
2022-08-07,Pen Set Premium,Office Supplies,South,Arjun Mehta,19,23.28,442.32,157.82,284.5
2022-08-07,Office Chair Ergonomic,Furniture,North,Amit Kumar,8,319.08,2552.64,1336.5,1216.14
2022-08-07,Stapler Heavy Duty,Office Supplies,North,Priya Sharma,18,20.18,363.24,124.86,238.38
2022-08-07,Printer Paper Ream,Office Supplies,North,Karthik Iyer,38,9.09,345.42,137.61,207.81
2022-08-07,Headphones Wireless,Electronics,West,Sneha Joshi,10,175.39,1753.9,785.66,968.24
2022-08-08,USB-C Hub,Electronics,West,Neha Patel,21,54.81,1151.01,475.33,675.68
2022-08-08,Bookshelf Oak,Furniture,Central,Priya Sharma,13,172.87,2247.31,1230.18,1017.13
2022-08-08,Printer Paper Ream,Office Supplies,West,Karthik Iyer,10,9.05,90.5,34.85,55.65
2022-08-08,Office Chair Ergonomic,Furniture,North,Vikram Singh,6,273.89,1643.34,966.9,676.44
2022-08-08,Office Chair Ergonomic,Furniture,East,Rohan Gupta,13,284.65,3700.45,2175.2,1525.25
2022-08-08,Bookshelf Oak,Furniture,East,Rohan Gupta,14,167.7,2347.8,1380.35,967.45
2022-08-09,Bookshelf Oak,Furniture,East,Amit Kumar,11,168.81,1856.91,1014.39,842.52
2022-08-09,Standing Desk,Furniture,West,Rohan Gupta,2,468.56,937.12,497.67,439.45
2022-08-09,Webcam HD,Electronics,South,Arjun Mehta,4,63.3,253.2,116.37,136.83
2022-08-09,Monitor 27 inch,Electronics,East,Arjun Mehta,2,365.89,731.78,407.02,324.76
2022-08-10,Filing Cabinet,Furniture,Central,Ananya Reddy,2,136.82,273.64,141.04,132.6
2022-08-10,Standing Desk,Furniture,Central,Sneha Joshi,5,420.74,2103.7,1301.29,802.41
2022-08-10,Stapler Heavy Duty,Office Supplies,West,Karthik Iyer,21,18.47,387.87,142.31,245.56
2022-08-10,Bookshelf Oak,Furniture,North,Sneha Joshi,2,169.03,338.06,181.31,156.75
2022-08-10,Office Chair Ergonomic,Furniture,South,Sneha Joshi,12,294.45,3533.4,1824.08,1709.32
2022-08-10,Filing Cabinet,Furniture,South,Vikram Singh,1,121.2,121.2,68.5,52.7
2022-08-11,Tablet 10 inch,Electronics,West,Ananya Reddy,3,493.63,1480.89,975.03,505.86
2022-08-11,Laptop Pro 15,Electronics,South,Amit Kumar,5,933.18,4665.9,3356.12,1309.78
2022-08-11,Bookshelf Oak,Furniture,Central,Sneha Joshi,11,194.2,2136.2,1002.49,1133.71
2022-08-11,Stapler Heavy Duty,Office Supplies,West,Karthik Iyer,36,20.57,740.52,242.99,497.53
2022-08-11,Printer Paper Ream,Office Supplies,Central,Priya Sharma,30,9.01,270.3,108.67,161.63
2022-08-11,Whiteboard Markers,Office Supplies,East,Amit Kumar,37,14.94,552.78,181.32,371.46
2022-08-11,Monitor 27 inch,Electronics,North,Divya Nair,1,359.23,359.23,206.51,152.72
2022-08-12,Office Chair Ergonomic,Furniture,South,Neha Patel,9,296.91,2672.19,1428.75,1243.44
2022-08-12,Screen Protector,Accessories,West,Arjun Mehta,17,14.24,242.08,51.41,190.67
2022-08-12,Phone Stand,Accessories,North,Priya Sharma,38,21.33,810.54,237.14,573.4
2022-08-13,Laptop Air 13,Electronics,North,Divya Nair,3,800.29,2400.87,1624.09,776.78
2022-08-13,Wireless Mouse,Electronics,West,Ananya Reddy,37,30.6,1132.2,430.51,701.69
2022-08-13,Stapler Heavy Duty,Office Supplies,North,Vikram Singh,12,18.56,222.72,83.93,138.79
2022-08-13,Webcam HD,Electronics,East,Karthik Iyer,10,66.77,667.7,285.4,382.3
2022-08-13,Mechanical Keyboard,Electronics,East,Rohan Gupta,8,89.18,713.44,326.88,386.56
2022-08-13,Power Bank 20000mAh,Accessories,East,Divya Nair,16,41.31,660.96,262.93,398.03
2022-08-13,Pen Set Premium,Office Supplies,East,Ananya Reddy,39,25.1,978.9,300.99,677.91
2022-08-14,Webcam HD,Electronics,North,Sneha Joshi,6,68.85,413.1,178.43,234.67
2022-08-14,Printer Paper Ream,Office Supplies,Central,Neha Patel,12,9.39,112.68,43.05,69.63
2022-08-14,Screen Protector,Accessories,South,Vikram Singh,39,15.75,614.25,111.93,502.32
2022-08-14,Laptop Bag,Accessories,Central,Ananya Reddy,2,58.69,117.38,52.38,65.0
2022-08-15,Webcam HD,Electronics,East,Arjun Mehta,3,68.51,205.53,92.2,113.33
2022-08-15,Wireless Mouse,Electronics,West,Karthik Iyer,7,31.09,217.63,81.26,136.37
2022-08-16,Screen Protector,Accessories,South,Rohan Gupta,19,14.89,282.91,59.49,223.42
2022-08-16,Headphones Wireless,Electronics,West,Rohan Gupta,11,144.95,1594.45,811.64,782.81
2022-08-16,Mechanical Keyboard,Electronics,Central,Rohan Gupta,3,96.71,290.13,123.57,166.56
2022-08-16,USB-C Hub,Electronics,Central,Priya Sharma,29,54.07,1568.03,627.12,940.91
2022-08-16,Cable Organizer,Accessories,South,Priya Sharma,36,10.12,364.32,112.61,251.71
2022-08-16,USB-C Hub,Electronics,East,Amit Kumar,19,52.87,1004.53,417.1,587.43
2022-08-17,Laptop Bag,Accessories,North,Karthik Iyer,9,60.4,543.6,227.67,315.93
2022-08-18,Wireless Mouse,Electronics,South,Amit Kumar,3,32.0,96.0,36.3,59.7
2022-08-18,Headphones Wireless,Electronics,Central,Priya Sharma,9,165.24,1487.16,680.43,806.73
2022-08-18,Wireless Mouse,Electronics,West,Divya Nair,29,27.91,809.39,357.06,452.33
2022-08-18,Headphones Wireless,Electronics,South,Vikram Singh,1,155.32,155.32,77.37,77.95
2022-08-18,USB-C Hub,Electronics,Central,Priya Sharma,29,45.62,1322.98,656.66,666.32
2022-08-18,Screen Protector,Accessories,Central,Priya Sharma,10,16.45,164.5,29.54,134.96
2022-08-19,Power Bank 20000mAh,Accessories,West,Arjun Mehta,9,41.41,372.69,138.48,234.21
2022-08-19,Headphones Wireless,Electronics,North,Neha Patel,12,147.54,1770.48,917.66,852.82
2022-08-19,Pen Set Premium,Office Supplies,West,Neha Patel,19,26.68,506.92,152.29,354.63
2022-08-19,Power Bank 20000mAh,Accessories,Central,Karthik Iyer,8,37.36,298.88,127.64,171.24
2022-08-20,Laptop Air 13,Electronics,West,Divya Nair,1,711.09,711.09,516.63,194.46
2022-08-20,USB-C Hub,Electronics,North,Vikram Singh,7,49.15,344.05,155.4,188.65
2022-08-20,Bookshelf Oak,Furniture,Central,Karthik Iyer,8,186.57,1492.56,795.21,697.35
2022-08-20,Printer Paper Ream,Office Supplies,South,Divya Nair,18,10.55,189.9,62.58,127.32
2022-08-20,Pen Set Premium,Office Supplies,Central,Arjun Mehta,36,26.03,937.08,286.72,650.36
2022-08-20,Stapler Heavy Duty,Office Supplies,Central,Karthik Iyer,20,19.19,383.8,138.98,244.82
2022-08-20,Filing Cabinet,Furniture,South,Sneha Joshi,5,118.01,590.05,360.27,229.78
2022-08-20,Desk Lamp LED,Furniture,South,Ananya Reddy,33,42.56,1404.48,472.46,932.02
2022-08-21,Notebook A4 Pack,Office Supplies,East,Amit Kumar,19,11.76,223.44,76.13,147.31
2022-08-21,Laptop Bag,Accessories,South,Sneha Joshi,2,63.06,126.12,48.18,77.94
2022-08-21,Cable Organizer,Accessories,West,Vikram Singh,12,9.78,117.36,37.48,79.88
2022-08-21,Webcam HD,Electronics,South,Divya Nair,4,68.17,272.68,125.65,147.03
2022-08-21,Desk Organizer,Office Supplies,North,Priya Sharma,7,32.83,229.81,98.17,131.64
2022-08-22,Standing Desk,Furniture,West,Amit Kumar,3,458.72,1376.16,758.35,617.81
2022-08-22,Laptop Bag,Accessories,East,Ananya Reddy,7,62.68,438.76,177.03,261.73
2022-08-22,Pen Set Premium,Office Supplies,West,Priya Sharma,8,26.58,212.64,66.71,145.93
2022-08-22,Power Bank 20000mAh,Accessories,West,Vikram Singh,12,42.73,512.76,183.27,329.49
2022-08-22,Tablet 10 inch,Electronics,West,Arjun Mehta,1,521.14,521.14,322.74,198.4
2022-08-22,Bookshelf Oak,Furniture,West,Amit Kumar,10,164.68,1646.8,906.06,740.74
2022-08-22,Pen Set Premium,Office Supplies,Central,Sneha Joshi,35,26.16,915.6,268.48,647.12
2022-08-22,Monitor 27 inch,Electronics,South,Vikram Singh,1,341.62,341.62,213.81,127.81
2022-08-23,Cable Organizer,Accessories,South,Rohan Gupta,7,10.15,71.05,21.9,49.15
2022-08-23,Monitor 27 inch,Electronics,Central,Arjun Mehta,5,347.28,1736.4,1055.21,681.19
2022-08-23,Laptop Pro 15,Electronics,Central,Amit Kumar,5,828.42,4142.1,3263.82,878.28
2022-08-23,Laptop Pro 15,Electronics,Central,Rohan Gupta,3,938.25,2814.75,2040.67,774.08
2022-08-23,Wireless Mouse,Electronics,East,Arjun Mehta,7,27.25,190.75,83.13,107.62
2022-08-23,Desk Lamp LED,Furniture,Central,Ananya Reddy,19,43.17,820.23,286.69,533.54
2022-08-24,Tablet 10 inch,Electronics,South,Sneha Joshi,4,499.84,1999.36,1207.3,792.06
2022-08-24,Notebook A4 Pack,Office Supplies,South,Neha Patel,27,14.08,380.16,111.27,268.89
2022-08-24,Monitor 27 inch,Electronics,South,Divya Nair,2,349.14,698.28,422.24,276.04
2022-08-25,Notebook A4 Pack,Office Supplies,Central,Neha Patel,17,11.81,200.77,67.57,133.2
2022-08-25,Office Chair Ergonomic,Furniture,Central,Arjun Mehta,1,321.51,321.51,152.2,169.31
2022-08-25,Cable Organizer,Accessories,East,Amit Kumar,31,10.16,314.96,97.12,217.84
2022-08-25,Whiteboard Markers,Office Supplies,South,Sneha Joshi,9,14.89,134.01,44.2,89.81
2022-08-25,Pen Set Premium,Office Supplies,North,Divya Nair,33,27.12,894.96,276.6,618.36
2022-08-26,Headphones Wireless,Electronics,East,Vikram Singh,14,154.02,2156.28,1037.42,1118.86
2022-08-26,Laptop Pro 15,Electronics,East,Divya Nair,3,868.41,2605.23,2037.05,568.18
2022-08-26,Bookshelf Oak,Furniture,East,Priya Sharma,4,162.19,648.76,373.92,274.84
2022-08-26,Wireless Mouse,Electronics,East,Neha Patel,15,27.27,409.05,175.64,233.41
2022-08-26,Phone Stand,Accessories,North,Rohan Gupta,11,20.27,222.97,68.71,154.26
2022-08-27,Wireless Mouse,Electronics,West,Karthik Iyer,29,28.31,820.99,335.34,485.65
2022-08-28,Monitor 27 inch,Electronics,East,Vikram Singh,5,342.18,1710.9,1060.12,650.78
2022-08-28,Cable Organizer,Accessories,East,Ananya Reddy,3,9.53,28.59,8.63,19.96
2022-08-28,Bookshelf Oak,Furniture,East,Amit Kumar,15,176.21,2643.15,1447.36,1195.79
2022-08-28,Laptop Pro 15,Electronics,South,Neha Patel,2,970.0,1940.0,1237.12,702.88
2022-08-28,Power Bank 20000mAh,Accessories,South,Divya Nair,39,42.03,1639.17,622.7,1016.47
2022-08-28,Headphones Wireless,Electronics,East,Ananya Reddy,6,167.65,1005.9,445.95,559.95
2022-08-29,Desk Lamp LED,Furniture,Central,Neha Patel,26,40.43,1051.18,382.58,668.6
2022-08-30,Filing Cabinet,Furniture,East,Ananya Reddy,5,124.63,623.15,333.48,289.67
2022-08-30,Printer Paper Ream,Office Supplies,West,Arjun Mehta,29,9.34,270.86,98.62,172.24
2022-08-30,Desk Organizer,Office Supplies,West,Priya Sharma,20,37.28,745.6,269.67,475.93
2022-08-30,Printer Paper Ream,Office Supplies,Central,Amit Kumar,16,10.57,169.12,57.6,111.52
2022-08-31,Laptop Bag,Accessories,South,Karthik Iyer,13,57.95,753.35,312.43,440.92
2022-08-31,Monitor 27 inch,Electronics,East,Vikram Singh,1,368.57,368.57,217.98,150.59
2022-08-31,Laptop Pro 15,Electronics,West,Neha Patel,4,910.31,3641.24,2492.97,1148.27
2022-09-01,Notebook A4 Pack,Office Supplies,West,Ananya Reddy,25,12.84,321.0,95.36,225.64
2022-09-01,Printer Paper Ream,Office Supplies,West,Arjun Mehta,26,10.71,278.46,90.97,187.49
2022-09-01,Tablet 10 inch,Electronics,West,Vikram Singh,2,479.61,959.22,600.18,359.04
2022-09-01,Notebook A4 Pack,Office Supplies,North,Arjun Mehta,38,14.17,538.46,157.33,381.13
2022-09-01,Phone Stand,Accessories,Central,Arjun Mehta,25,18.66,466.5,143.13,323.37
2022-09-01,Filing Cabinet,Furniture,North,Ananya Reddy,14,117.46,1644.44,990.76,653.68
2022-09-02,USB-C Hub,Electronics,West,Karthik Iyer,38,54.76,2080.88,856.18,1224.7
2022-09-02,Laptop Pro 15,Electronics,West,Vikram Singh,5,905.12,4525.6,3369.35,1156.25
2022-09-02,Desk Organizer,Office Supplies,South,Amit Kumar,23,32.38,744.74,313.2,431.54
2022-09-03,Wireless Mouse,Electronics,South,Rohan Gupta,39,27.23,1061.97,483.72,578.25
2022-09-03,Notebook A4 Pack,Office Supplies,South,Arjun Mehta,3,13.2,39.6,12.23,27.37
2022-09-03,Cable Organizer,Accessories,North,Divya Nair,5,10.05,50.25,15.35,34.9
2022-09-03,Laptop Bag,Accessories,South,Vikram Singh,12,54.47,653.64,314.94,338.7
2022-09-04,Cable Organizer,Accessories,West,Vikram Singh,11,10.93,120.23,34.02,86.21
2022-09-04,Cable Organizer,Accessories,South,Divya Nair,1,10.26,10.26,3.04,7.22
2022-09-04,Desk Organizer,Office Supplies,West,Ananya Reddy,12,31.67,380.04,165.74,214.3
2022-09-04,Desk Lamp LED,Furniture,East,Priya Sharma,23,41.45,953.35,348.11,605.24
2022-09-04,Standing Desk,Furniture,Central,Sneha Joshi,2,413.4,826.8,521.18,305.62
2022-09-04,Standing Desk,Furniture,South,Rohan Gupta,4,453.72,1814.88,974.06,840.82
2022-09-04,Pen Set Premium,Office Supplies,West,Divya Nair,36,26.24,944.64,276.54,668.1
2022-09-04,Printer Paper Ream,Office Supplies,East,Amit Kumar,33,10.46,345.18,112.42,232.76
2022-09-04,Desk Organizer,Office Supplies,South,Vikram Singh,12,34.43,413.16,174.52,238.64
2022-09-04,Webcam HD,Electronics,East,Karthik Iyer,4,74.97,299.88,122.75,177.13
2022-09-05,Office Chair Ergonomic,Furniture,South,Priya Sharma,6,271.25,1627.5,965.18,662.32
2022-09-05,Desk Organizer,Office Supplies,East,Neha Patel,29,33.65,975.85,396.46,579.39
2022-09-06,Whiteboard Markers,Office Supplies,North,Divya Nair,31,15.47,479.57,155.32,324.25
2022-09-06,Notebook A4 Pack,Office Supplies,South,Ananya Reddy,2,12.71,25.42,8.25,17.17
2022-09-07,Notebook A4 Pack,Office Supplies,East,Divya Nair,7,13.87,97.09,27.03,70.06
2022-09-07,Webcam HD,Electronics,Central,Arjun Mehta,9,63.31,569.79,270.32,299.47
2022-09-07,Phone Stand,Accessories,Central,Ananya Reddy,10,18.05,180.5,60.96,119.54
2022-09-07,Office Chair Ergonomic,Furniture,North,Arjun Mehta,8,300.78,2406.24,1285.92,1120.32
2022-09-07,Laptop Pro 15,Electronics,Central,Neha Patel,3,924.9,2774.7,1881.48,893.22
2022-09-08,Pen Set Premium,Office Supplies,East,Karthik Iyer,4,27.33,109.32,32.32,77.0
2022-09-08,Laptop Bag,Accessories,North,Priya Sharma,5,65.25,326.25,121.32,204.93
2022-09-08,Notebook A4 Pack,Office Supplies,South,Vikram Singh,7,11.92,83.44,28.59,54.85
2022-09-08,Filing Cabinet,Furniture,Central,Ananya Reddy,9,124.36,1119.24,603.69,515.55
2022-09-08,Bookshelf Oak,Furniture,South,Ananya Reddy,6,167.74,1006.44,555.44,451.0
2022-09-09,USB-C Hub,Electronics,North,Sneha Joshi,12,53.98,647.76,262.55,385.21
2022-09-09,USB-C Hub,Electronics,Central,Rohan Gupta,28,47.1,1318.8,616.3,702.5
2022-09-09,Mechanical Keyboard,Electronics,South,Rohan Gupta,5,97.09,485.45,201.45,284.0
2022-09-09,Office Chair Ergonomic,Furniture,West,Vikram Singh,13,286.16,3720.08,2023.39,1696.69
2022-09-09,Laptop Air 13,Electronics,South,Rohan Gupta,3,720.44,2161.32,1695.97,465.35
2022-09-10,Laptop Bag,Accessories,South,Amit Kumar,11,62.69,689.59,263.74,425.85
2022-09-10,Standing Desk,Furniture,Central,Sneha Joshi,2,449.54,899.08,510.21,388.87
2022-09-10,Monitor 27 inch,Electronics,Central,Rohan Gupta,5,372.48,1862.4,1048.91,813.49
2022-09-10,Notebook A4 Pack,Office Supplies,North,Sneha Joshi,14,12.68,177.52,55.7,121.82
2022-09-10,Filing Cabinet,Furniture,East,Karthik Iyer,7,134.14,938.98,498.84,440.14
2022-09-10,Desk Organizer,Office Supplies,South,Neha Patel,21,36.48,766.08,293.85,472.23
2022-09-10,Monitor 27 inch,Electronics,East,Vikram Singh,5,362.92,1814.6,1022.51,792.09
2022-09-11,USB-C Hub,Electronics,West,Rohan Gupta,14,51.03,714.42,297.35,417.07
2022-09-11,Laptop Pro 15,Electronics,Central,Priya Sharma,2,975.83,1951.66,1310.22,641.44
2022-09-12,Notebook A4 Pack,Office Supplies,Central,Karthik Iyer,1,11.86,11.86,4.12,7.74
2022-09-12,Whiteboard Markers,Office Supplies,Central,Sneha Joshi,1,15.55,15.55,5.03,10.52
2022-09-12,Cable Organizer,Accessories,East,Priya Sharma,37,9.07,335.59,108.49,227.1
2022-09-13,Printer Paper Ream,Office Supplies,East,Divya Nair,1,9.9,9.9,3.67,6.23
2022-09-13,Whiteboard Markers,Office Supplies,East,Ananya Reddy,35,14.01,490.35,183.35,307.0
2022-09-13,Desk Organizer,Office Supplies,Central,Sneha Joshi,10,31.98,319.8,146.71,173.09
2022-09-13,Whiteboard Markers,Office Supplies,South,Karthik Iyer,6,16.11,96.66,28.71,67.95
2022-09-13,Monitor 27 inch,Electronics,East,Karthik Iyer,1,363.16,363.16,207.21,155.95
2022-09-14,Desk Lamp LED,Furniture,West,Divya Nair,27,43.68,1179.36,410.12,769.24
2022-09-15,Laptop Air 13,Electronics,South,Arjun Mehta,1,720.26,720.26,543.6,176.66
2022-09-16,Laptop Air 13,Electronics,West,Priya Sharma,4,705.28,2821.12,2229.67,591.45
2022-09-16,Whiteboard Markers,Office Supplies,Central,Rohan Gupta,14,13.77,192.78,70.36,122.42
2022-09-16,USB-C Hub,Electronics,East,Amit Kumar,1,52.66,52.66,21.42,31.24
2022-09-16,Whiteboard Markers,Office Supplies,North,Divya Nair,26,16.02,416.52,131.66,284.86
2022-09-16,Laptop Air 13,Electronics,South,Karthik Iyer,1,750.96,750.96,550.73,200.23
2022-09-16,Laptop Pro 15,Electronics,West,Priya Sharma,1,954.2,954.2,672.22,281.98
2022-09-17,Power Bank 20000mAh,Accessories,West,Amit Kumar,8,41.95,335.6,127.7,207.9
2022-09-17,Printer Paper Ream,Office Supplies,East,Ananya Reddy,12,9.4,112.8,42.87,69.93
2022-09-17,Notebook A4 Pack,Office Supplies,North,Sneha Joshi,21,12.82,269.22,85.59,183.63
2022-09-17,Monitor 27 inch,Electronics,Central,Ananya Reddy,4,379.58,1518.32,799.9,718.42
2022-09-18,Desk Organizer,Office Supplies,East,Priya Sharma,21,37.58,789.18,306.6,482.58
2022-09-18,Printer Paper Ream,Office Supplies,South,Sneha Joshi,12,10.07,120.84,40.27,80.57
2022-09-18,Laptop Pro 15,Electronics,South,Amit Kumar,4,838.58,3354.32,2707.93,646.39
2022-09-19,Phone Stand,Accessories,South,Vikram Singh,10,18.23,182.3,57.53,124.77
2022-09-19,Webcam HD,Electronics,East,Neha Patel,5,70.55,352.75,150.15,202.6
2022-09-20,Power Bank 20000mAh,Accessories,East,Amit Kumar,12,43.56,522.72,199.67,323.05
2022-09-20,Whiteboard Markers,Office Supplies,South,Vikram Singh,31,15.78,489.18,148.2,340.98
2022-09-20,Tablet 10 inch,Electronics,West,Neha Patel,5,516.89,2584.45,1555.14,1029.31
2022-09-20,USB-C Hub,Electronics,South,Rohan Gupta,40,50.87,2034.8,839.49,1195.31
2022-09-21,Cable Organizer,Accessories,South,Ananya Reddy,5,10.84,54.2,15.58,38.62
2022-09-21,Webcam HD,Electronics,West,Amit Kumar,11,70.63,776.93,329.44,447.49
2022-09-21,Headphones Wireless,Electronics,South,Amit Kumar,7,153.23,1072.61,532.19,540.42
2022-09-21,Monitor 27 inch,Electronics,North,Rohan Gupta,3,326.47,979.41,652.97,326.44
2022-09-22,Tablet 10 inch,Electronics,East,Amit Kumar,4,519.62,2078.48,1277.94,800.54
2022-09-23,Bookshelf Oak,Furniture,Central,Divya Nair,4,179.77,719.08,389.49,329.59
2022-09-23,Webcam HD,Electronics,Central,Divya Nair,11,76.82,845.02,321.79,523.23
2022-09-23,Mechanical Keyboard,Electronics,North,Divya Nair,6,88.67,532.02,255.93,276.09
2022-09-24,Desk Organizer,Office Supplies,East,Vikram Singh,8,36.12,288.96,106.69,182.27
2022-09-24,Bookshelf Oak,Furniture,North,Neha Patel,9,173.64,1562.76,872.59,690.17
2022-09-24,Webcam HD,Electronics,South,Divya Nair,10,63.17,631.7,309.34,322.36
2022-09-25,Office Chair Ergonomic,Furniture,East,Rohan Gupta,14,288.89,4044.46,2307.38,1737.08
2022-09-25,Cable Organizer,Accessories,South,Sneha Joshi,36,9.39,338.04,106.87,231.17
2022-09-25,Whiteboard Markers,Office Supplies,North,Karthik Iyer,22,16.15,355.3,108.98,246.32
2022-09-25,Standing Desk,Furniture,East,Divya Nair,3,410.47,1231.41,738.68,492.73
2022-09-26,USB-C Hub,Electronics,North,Amit Kumar,35,47.35,1657.25,794.54,862.71
2022-09-26,Webcam HD,Electronics,East,Priya Sharma,6,70.05,420.3,171.49,248.81
2022-09-26,Desk Organizer,Office Supplies,West,Karthik Iyer,1,32.19,32.19,13.61,18.58
2022-09-26,Desk Organizer,Office Supplies,Central,Vikram Singh,3,34.83,104.49,42.63,61.86
2022-09-27,Monitor 27 inch,Electronics,North,Divya Nair,5,333.67,1668.35,1057.04,611.31
2022-09-27,Bookshelf Oak,Furniture,West,Ananya Reddy,11,167.22,1839.42,1069.7,769.72
2022-09-27,Tablet 10 inch,Electronics,Central,Arjun Mehta,4,498.38,1993.52,1260.49,733.03
2022-09-27,Filing Cabinet,Furniture,South,Rohan Gupta,12,135.22,1622.64,839.36,783.28
2022-09-27,Office Chair Ergonomic,Furniture,South,Priya Sharma,14,289.66,4055.24,2267.03,1788.21
2022-09-28,Stapler Heavy Duty,Office Supplies,North,Neha Patel,25,18.35,458.75,180.35,278.4
2022-09-28,Notebook A4 Pack,Office Supplies,Central,Karthik Iyer,24,13.11,314.64,92.86,221.78
2022-09-28,Desk Lamp LED,Furniture,South,Rohan Gupta,15,39.86,597.9,235.59,362.31
2022-09-28,Webcam HD,Electronics,Central,Neha Patel,10,69.28,692.8,300.64,392.16
2022-09-28,Filing Cabinet,Furniture,East,Arjun Mehta,8,131.48,1051.84,586.37,465.47
2022-09-28,Laptop Pro 15,Electronics,Central,Vikram Singh,3,823.24,2469.72,1877.99,591.73
2022-09-29,Office Chair Ergonomic,Furniture,South,Ananya Reddy,14,284.84,3987.76,2316.96,1670.8
2022-09-29,Tablet 10 inch,Electronics,East,Rohan Gupta,3,451.41,1354.23,893.87,460.36
2022-09-29,Whiteboard Markers,Office Supplies,East,Arjun Mehta,14,14.17,198.38,70.6,127.78
2022-09-29,Bookshelf Oak,Furniture,East,Vikram Singh,4,174.4,697.6,397.52,300.08
2022-09-29,Stapler Heavy Duty,Office Supplies,North,Vikram Singh,23,20.46,470.58,159.86,310.72
2022-09-30,Phone Stand,Accessories,South,Priya Sharma,34,20.24,688.16,206.25,481.91
2022-10-01,Printer Paper Ream,Office Supplies,Central,Amit Kumar,54,9.62,519.48,193.82,325.66
2022-10-01,Phone Stand,Accessories,North,Divya Nair,43,18.01,774.43,245.35,529.08
2022-10-01,Notebook A4 Pack,Office Supplies,East,Rohan Gupta,39,13.24,516.36,156.53,359.83
2022-10-01,Notebook A4 Pack,Office Supplies,South,Sneha Joshi,28,13.09,366.52,113.96,252.56
2022-10-01,Desk Lamp LED,Furniture,East,Ananya Reddy,51,36.69,1871.19,739.39,1131.8
2022-10-01,Webcam HD,Electronics,North,Vikram Singh,5,71.48,357.4,155.68,201.72
2022-10-01,Bookshelf Oak,Furniture,South,Vikram Singh,19,176.2,3347.8,1859.85,1487.95
2022-10-02,Standing Desk,Furniture,East,Karthik Iyer,4,409.06,1636.24,955.12,681.12
2022-10-02,Tablet 10 inch,Electronics,Central,Neha Patel,7,485.9,3401.3,2089.38,1311.92
2022-10-02,Standing Desk,Furniture,East,Ananya Reddy,7,453.59,3175.13,1682.09,1493.04
2022-10-02,Wireless Mouse,Electronics,East,Sneha Joshi,50,31.07,1553.5,626.81,926.69
2022-10-03,Standing Desk,Furniture,North,Priya Sharma,7,418.98,2932.86,1711.81,1221.05
2022-10-03,Power Bank 20000mAh,Accessories,South,Divya Nair,46,36.66,1686.36,765.12,921.24
2022-10-03,Pen Set Premium,Office Supplies,West,Arjun Mehta,23,27.08,622.84,191.21,431.63
2022-10-03,Tablet 10 inch,Electronics,East,Sneha Joshi,2,525.83,1051.66,620.37,431.29
2022-10-03,Whiteboard Markers,Office Supplies,East,Karthik Iyer,7,14.76,103.32,35.18,68.14
2022-10-04,Laptop Air 13,Electronics,Central,Vikram Singh,7,806.36,5644.52,3893.0,1751.52
2022-10-04,Webcam HD,Electronics,West,Vikram Singh,4,76.57,306.28,115.46,190.82
2022-10-04,Printer Paper Ream,Office Supplies,West,Sneha Joshi,43,10.58,454.94,145.72,309.22
2022-10-04,Phone Stand,Accessories,South,Sneha Joshi,44,20.4,897.6,271.53,626.07
2022-10-05,Filing Cabinet,Furniture,South,Arjun Mehta,7,126.38,884.66,496.68,387.98
2022-10-05,Notebook A4 Pack,Office Supplies,South,Divya Nair,4,12.54,50.16,16.19,33.97
2022-10-05,Desk Lamp LED,Furniture,North,Ananya Reddy,56,43.75,2450.0,852.51,1597.49
2022-10-05,Laptop Air 13,Electronics,West,Vikram Singh,2,692.24,1384.48,1056.72,327.76
2022-10-05,Mechanical Keyboard,Electronics,North,Arjun Mehta,11,95.02,1045.22,470.28,574.94
2022-10-06,Power Bank 20000mAh,Accessories,East,Arjun Mehta,7,38.0,266.0,112.62,153.38
2022-10-06,Desk Lamp LED,Furniture,Central,Divya Nair,23,37.42,860.66,337.87,522.79
2022-10-06,Laptop Pro 15,Electronics,West,Karthik Iyer,2,835.88,1671.76,1357.93,313.83
2022-10-06,USB-C Hub,Electronics,North,Karthik Iyer,19,52.5,997.5,419.1,578.4
2022-10-06,Phone Stand,Accessories,East,Rohan Gupta,37,20.84,771.08,211.81,559.27
2022-10-06,Office Chair Ergonomic,Furniture,North,Rohan Gupta,21,291.43,6120.03,3319.33,2800.7
2022-10-07,Desk Lamp LED,Furniture,North,Sneha Joshi,56,39.61,2218.16,856.84,1361.32
2022-10-07,Mechanical Keyboard,Electronics,West,Sneha Joshi,9,84.07,756.63,372.09,384.54
2022-10-07,Stapler Heavy Duty,Office Supplies,West,Amit Kumar,49,20.78,1018.22,339.76,678.46
2022-10-07,Office Chair Ergonomic,Furniture,East,Divya Nair,2,285.93,571.86,316.31,255.55
2022-10-07,Phone Stand,Accessories,South,Vikram Singh,29,19.2,556.8,165.44,391.36
2022-10-07,Notebook A4 Pack,Office Supplies,South,Priya Sharma,4,12.94,51.76,15.67,36.09
2022-10-07,Stapler Heavy Duty,Office Supplies,South,Divya Nair,56,19.89,1113.84,376.77,737.07
2022-10-08,Phone Stand,Accessories,North,Arjun Mehta,28,21.14,591.92,160.16,431.76
2022-10-08,Whiteboard Markers,Office Supplies,South,Rohan Gupta,50,14.12,706.0,246.81,459.19
2022-10-08,Standing Desk,Furniture,North,Ananya Reddy,1,471.97,471.97,243.06,228.91
2022-10-08,Bookshelf Oak,Furniture,South,Sneha Joshi,18,169.68,3054.24,1738.05,1316.19
2022-10-08,Desk Lamp LED,Furniture,East,Ananya Reddy,19,36.8,699.2,290.74,408.46
2022-10-08,Desk Lamp LED,Furniture,Central,Rohan Gupta,46,36.52,1679.92,657.13,1022.79
2022-10-08,Pen Set Premium,Office Supplies,Central,Divya Nair,4,23.89,95.56,31.9,63.66
2022-10-08,Laptop Bag,Accessories,West,Amit Kumar,2,58.18,116.36,52.42,63.94
2022-10-08,Notebook A4 Pack,Office Supplies,East,Rohan Gupta,9,13.06,117.54,37.36,80.18
2022-10-09,Wireless Mouse,Electronics,West,Amit Kumar,56,32.23,1804.88,684.53,1120.35
2022-10-09,Mechanical Keyboard,Electronics,North,Vikram Singh,2,91.26,182.52,85.38,97.14
2022-10-09,Whiteboard Markers,Office Supplies,Central,Divya Nair,9,14.58,131.22,43.18,88.04
2022-10-09,Phone Stand,Accessories,South,Priya Sharma,40,20.99,839.6,234.94,604.66
2022-10-09,Webcam HD,Electronics,North,Ananya Reddy,9,74.59,671.31,270.91,400.4
2022-10-10,Stapler Heavy Duty,Office Supplies,East,Karthik Iyer,54,18.73,1011.42,361.92,649.5
2022-10-10,Filing Cabinet,Furniture,Central,Arjun Mehta,19,141.06,2680.14,1373.94,1306.2
2022-10-10,Monitor 27 inch,Electronics,East,Priya Sharma,1,335.24,335.24,202.72,132.52
2022-10-10,Bookshelf Oak,Furniture,Central,Ananya Reddy,2,174.75,349.5,193.36,156.14
2022-10-11,Standing Desk,Furniture,North,Sneha Joshi,4,454.9,1819.6,960.26,859.34
2022-10-11,Phone Stand,Accessories,South,Karthik Iyer,37,20.19,747.03,222.86,524.17
2022-10-11,Headphones Wireless,Electronics,Central,Amit Kumar,5,148.17,740.85,357.3,383.55
2022-10-11,Screen Protector,Accessories,West,Arjun Mehta,4,13.66,54.64,11.72,42.92
2022-10-11,Filing Cabinet,Furniture,Central,Vikram Singh,5,140.21,701.05,347.59,353.46
2022-10-11,Wireless Mouse,Electronics,South,Divya Nair,11,28.8,316.8,136.87,179.93
2022-10-11,Cable Organizer,Accessories,East,Vikram Singh,36,10.58,380.88,104.12,276.76
2022-10-11,Pen Set Premium,Office Supplies,East,Karthik Iyer,25,25.68,642.0,209.01,432.99
2022-10-12,Cable Organizer,Accessories,West,Sneha Joshi,56,9.0,504.0,160.93,343.07
2022-10-12,Office Chair Ergonomic,Furniture,West,Arjun Mehta,8,303.23,2425.84,1263.22,1162.62
2022-10-12,USB-C Hub,Electronics,East,Divya Nair,54,54.13,2923.02,1196.78,1726.24
2022-10-12,Laptop Pro 15,Electronics,Central,Priya Sharma,7,860.29,6022.03,4640.67,1381.36
2022-10-13,Screen Protector,Accessories,Central,Priya Sharma,46,13.95,641.7,133.0,508.7
2022-10-13,Whiteboard Markers,Office Supplies,West,Neha Patel,4,14.33,57.32,20.82,36.5
2022-10-13,Wireless Mouse,Electronics,South,Amit Kumar,49,29.28,1434.72,592.94,841.78
2022-10-14,Power Bank 20000mAh,Accessories,Central,Sneha Joshi,16,43.32,693.12,257.08,436.04
2022-10-14,Filing Cabinet,Furniture,West,Arjun Mehta,8,139.96,1119.68,571.72,547.96
2022-10-14,Phone Stand,Accessories,East,Karthik Iyer,22,18.56,408.32,137.29,271.03
2022-10-14,Office Chair Ergonomic,Furniture,North,Amit Kumar,4,307.48,1229.92,612.57,617.35
2022-10-14,Webcam HD,Electronics,South,Sneha Joshi,7,73.77,516.39,212.41,303.98
2022-10-14,Standing Desk,Furniture,West,Divya Nair,2,438.68,877.36,512.06,365.3
2022-10-14,Bookshelf Oak,Furniture,Central,Rohan Gupta,14,192.28,2691.92,1265.84,1426.08
2022-10-14,Office Chair Ergonomic,Furniture,South,Amit Kumar,4,280.85,1123.4,643.59,479.81
2022-10-14,Tablet 10 inch,Electronics,West,Karthik Iyer,2,540.47,1080.94,631.79,449.15
2022-10-14,Screen Protector,Accessories,North,Karthik Iyer,47,13.87,651.89,146.76,505.13
2022-10-15,Screen Protector,Accessories,West,Priya Sharma,23,15.32,352.36,66.84,285.52
2022-10-15,Tablet 10 inch,Electronics,East,Neha Patel,7,501.21,3508.47,2089.12,1419.35
2022-10-15,Mechanical Keyboard,Electronics,West,Karthik Iyer,9,95.5,859.5,389.27,470.23
2022-10-15,Pen Set Premium,Office Supplies,Central,Sneha Joshi,36,24.02,864.72,289.29,575.43
2022-10-15,Whiteboard Markers,Office Supplies,West,Neha Patel,1,13.83,13.83,5.24,8.59
2022-10-15,Wireless Mouse,Electronics,East,Sneha Joshi,33,32.77,1081.41,404.68,676.73
2022-10-15,Bookshelf Oak,Furniture,Central,Karthik Iyer,15,196.45,2946.75,1486.54,1460.21
2022-10-16,Notebook A4 Pack,Office Supplies,Central,Divya Nair,51,13.31,678.81,197.05,481.76
2022-10-16,Standing Desk,Furniture,South,Neha Patel,4,451.1,1804.4,1026.68,777.72
2022-10-17,Cable Organizer,Accessories,West,Vikram Singh,33,10.1,333.3,98.39,234.91
2022-10-17,Screen Protector,Accessories,West,Divya Nair,26,15.67,407.42,78.17,329.25
2022-10-17,Desk Organizer,Office Supplies,North,Divya Nair,11,37.59,413.49,157.23,256.26
2022-10-18,Cable Organizer,Accessories,North,Amit Kumar,33,10.91,360.03,97.75,262.28
2022-10-18,Laptop Air 13,Electronics,South,Sneha Joshi,5,817.95,4089.75,2570.75,1519.0
2022-10-18,Printer Paper Ream,Office Supplies,West,Amit Kumar,15,10.82,162.3,50.27,112.03
2022-10-18,Cable Organizer,Accessories,South,Priya Sharma,29,10.81,313.49,87.97,225.52
2022-10-18,Pen Set Premium,Office Supplies,North,Amit Kumar,25,26.74,668.5,196.59,471.91
2022-10-19,Wireless Mouse,Electronics,North,Vikram Singh,28,30.56,855.68,346.89,508.79
2022-10-19,Screen Protector,Accessories,Central,Divya Nair,39,14.51,565.89,117.58,448.31
2022-10-19,Office Chair Ergonomic,Furniture,East,Rohan Gupta,8,295.57,2364.56,1253.37,1111.19
2022-10-19,Pen Set Premium,Office Supplies,Central,Arjun Mehta,16,27.22,435.52,123.95,311.57
2022-10-19,USB-C Hub,Electronics,South,Rohan Gupta,12,49.19,590.28,269.33,320.95
2022-10-20,USB-C Hub,Electronics,Central,Karthik Iyer,5,54.36,271.8,107.86,163.94
2022-10-20,Pen Set Premium,Office Supplies,Central,Sneha Joshi,44,25.97,1142.68,343.22,799.46
2022-10-20,Office Chair Ergonomic,Furniture,North,Priya Sharma,16,294.22,4707.52,2659.05,2048.47
2022-10-20,Stapler Heavy Duty,Office Supplies,West,Neha Patel,39,18.53,722.67,282.75,439.92
2022-10-20,Office Chair Ergonomic,Furniture,North,Rohan Gupta,18,316.77,5701.86,2945.36,2756.5
2022-10-20,Laptop Bag,Accessories,North,Karthik Iyer,18,55.51,999.18,447.63,551.55
2022-10-20,USB-C Hub,Electronics,West,Sneha Joshi,21,51.76,1086.96,443.52,643.44
2022-10-20,Power Bank 20000mAh,Accessories,North,Rohan Gupta,7,42.84,299.88,113.71,186.17
2022-10-21,Desk Organizer,Office Supplies,South,Priya Sharma,25,38.46,961.5,356.89,604.61
2022-10-21,Notebook A4 Pack,Office Supplies,North,Karthik Iyer,33,11.83,390.39,126.8,263.59
2022-10-22,Power Bank 20000mAh,Accessories,West,Karthik Iyer,12,36.67,440.04,194.73,245.31
2022-10-22,Phone Stand,Accessories,North,Divya Nair,9,18.43,165.87,56.31,109.56
2022-10-22,Stapler Heavy Duty,Office Supplies,South,Neha Patel,36,21.13,760.68,255.68,505.0
2022-10-22,Wireless Mouse,Electronics,South,Vikram Singh,21,30.76,645.96,247.66,398.3
2022-10-22,Printer Paper Ream,Office Supplies,West,Arjun Mehta,29,9.79,283.91,100.49,183.42
2022-10-22,Webcam HD,Electronics,South,Amit Kumar,9,75.76,681.84,283.45,398.39
2022-10-22,Cable Organizer,Accessories,South,Neha Patel,40,10.28,411.2,124.57,286.63
2022-10-22,Printer Paper Ream,Office Supplies,East,Priya Sharma,1,9.01,9.01,3.66,5.35
2022-10-22,Printer Paper Ream,Office Supplies,North,Amit Kumar,21,9.26,194.46,70.89,123.57
2022-10-22,Printer Paper Ream,Office Supplies,East,Rohan Gupta,25,9.27,231.75,83.17,148.58
2022-10-23,Power Bank 20000mAh,Accessories,Central,Vikram Singh,35,42.73,1495.55,548.61,946.94
2022-10-23,Power Bank 20000mAh,Accessories,Central,Ananya Reddy,1,39.86,39.86,16.25,23.61
2022-10-24,Filing Cabinet,Furniture,West,Ananya Reddy,19,125.0,2375.0,1349.34,1025.66
2022-10-24,Bookshelf Oak,Furniture,East,Arjun Mehta,4,194.26,777.04,396.49,380.55
2022-10-24,Office Chair Ergonomic,Furniture,East,Rohan Gupta,19,317.18,6026.42,3162.33,2864.09
2022-10-24,Cable Organizer,Accessories,North,Priya Sharma,56,9.39,525.84,171.31,354.53
2022-10-25,Phone Stand,Accessories,Central,Vikram Singh,29,18.26,529.54,174.57,354.97
2022-10-25,Tablet 10 inch,Electronics,South,Sneha Joshi,5,527.03,2635.15,1509.38,1125.77
2022-10-25,Notebook A4 Pack,Office Supplies,West,Priya Sharma,9,12.56,113.04,35.19,77.85
2022-10-25,Whiteboard Markers,Office Supplies,South,Sneha Joshi,40,15.74,629.6,193.64,435.96
2022-10-25,Printer Paper Ream,Office Supplies,Central,Priya Sharma,9,10.79,97.11,30.21,66.9
2022-10-25,Phone Stand,Accessories,West,Neha Patel,54,19.7,1063.8,324.95,738.85
2022-10-26,Cable Organizer,Accessories,North,Ananya Reddy,25,9.78,244.5,74.73,169.77
2022-10-26,Cable Organizer,Accessories,South,Amit Kumar,29,10.13,293.77,91.18,202.59
2022-10-26,USB-C Hub,Electronics,South,Ananya Reddy,25,53.11,1327.75,539.42,788.33
2022-10-26,Office Chair Ergonomic,Furniture,South,Rohan Gupta,9,303.6,2732.4,1387.78,1344.62
2022-10-27,Laptop Air 13,Electronics,East,Karthik Iyer,1,756.47,756.47,522.81,233.66
2022-10-27,Office Chair Ergonomic,Furniture,West,Amit Kumar,12,275.77,3309.24,1838.5,1470.74
2022-10-27,Headphones Wireless,Electronics,South,Rohan Gupta,15,161.87,2428.05,1126.27,1301.78
2022-10-28,Office Chair Ergonomic,Furniture,North,Neha Patel,19,323.15,6139.85,3127.1,3012.75
2022-10-28,Headphones Wireless,Electronics,Central,Vikram Singh,9,161.69,1455.21,701.56,753.65
2022-10-29,Standing Desk,Furniture,South,Divya Nair,7,490.65,3434.55,1809.77,1624.78
2022-10-29,Printer Paper Ream,Office Supplies,South,Amit Kumar,26,10.24,266.24,92.5,173.74
2022-10-29,Desk Lamp LED,Furniture,South,Karthik Iyer,1,38.97,38.97,15.02,23.95
2022-10-29,Notebook A4 Pack,Office Supplies,Central,Ananya Reddy,49,13.45,659.05,194.71,464.34
2022-10-29,Office Chair Ergonomic,Furniture,West,Neha Patel,15,281.25,4218.75,2417.62,1801.13
2022-10-29,Screen Protector,Accessories,West,Sneha Joshi,32,15.06,481.92,98.49,383.43
2022-10-30,Tablet 10 inch,Electronics,East,Ananya Reddy,1,458.69,458.69,311.75,146.94
2022-10-30,Notebook A4 Pack,Office Supplies,West,Vikram Singh,5,11.94,59.7,20.95,38.75
2022-10-30,Notebook A4 Pack,Office Supplies,West,Sneha Joshi,7,11.99,83.93,27.8,56.13
2022-10-30,Printer Paper Ream,Office Supplies,West,Amit Kumar,15,10.18,152.7,53.86,98.84
2022-10-30,Tablet 10 inch,Electronics,Central,Amit Kumar,5,478.71,2393.55,1553.44,840.11
2022-10-30,Office Chair Ergonomic,Furniture,West,Sneha Joshi,11,277.91,3057.01,1747.68,1309.33
2022-10-31,Pen Set Premium,Office Supplies,South,Arjun Mehta,28,24.31,680.68,233.7,446.98
2022-10-31,Stapler Heavy Duty,Office Supplies,South,Neha Patel,47,21.8,1024.6,313.3,711.3
2022-10-31,Mechanical Keyboard,Electronics,East,Priya Sharma,5,96.62,483.1,203.29,279.81
2022-10-31,Cable Organizer,Accessories,Central,Karthik Iyer,40,10.33,413.2,120.26,292.94
2022-10-31,Whiteboard Markers,Office Supplies,East,Arjun Mehta,21,16.13,338.73,105.67,233.06
2022-10-31,Laptop Pro 15,Electronics,East,Ananya Reddy,1,968.15,968.15,666.99,301.16
2022-10-31,Standing Desk,Furniture,South,Neha Patel,4,418.61,1674.44,1032.78,641.66
2022-11-01,Bookshelf Oak,Furniture,South,Arjun Mehta,15,190.63,2859.45,1478.13,1381.32
2022-11-02,Desk Lamp LED,Furniture,West,Vikram Singh,49,39.78,1949.22,760.68,1188.54
2022-11-02,Notebook A4 Pack,Office Supplies,South,Neha Patel,19,12.92,245.48,76.12,169.36
2022-11-02,Power Bank 20000mAh,Accessories,North,Rohan Gupta,30,41.49,1244.7,483.8,760.9
2022-11-02,Monitor 27 inch,Electronics,South,Neha Patel,2,343.56,687.12,407.85,279.27
2022-11-02,Headphones Wireless,Electronics,West,Arjun Mehta,19,152.59,2899.21,1446.01,1453.2
2022-11-02,Phone Stand,Accessories,West,Sneha Joshi,9,18.69,168.21,56.1,112.11
2022-11-03,Mechanical Keyboard,Electronics,South,Ananya Reddy,7,93.79,656.53,307.19,349.34
2022-11-04,Monitor 27 inch,Electronics,South,Vikram Singh,1,344.36,344.36,206.0,138.36
2022-11-04,Webcam HD,Electronics,North,Neha Patel,18,74.57,1342.26,538.06,804.2
2022-11-04,Tablet 10 inch,Electronics,Central,Karthik Iyer,7,499.71,3497.97,2244.98,1252.99
2022-11-04,Office Chair Ergonomic,Furniture,East,Rohan Gupta,8,284.64,2277.12,1341.85,935.27
2022-11-04,Mechanical Keyboard,Electronics,North,Priya Sharma,19,90.43,1718.17,763.77,954.4
2022-11-04,Monitor 27 inch,Electronics,West,Karthik Iyer,7,331.72,2322.04,1419.61,902.43
2022-11-05,USB-C Hub,Electronics,South,Ananya Reddy,37,54.86,2029.82,845.98,1183.84
2022-11-05,Webcam HD,Electronics,East,Priya Sharma,8,71.71,573.68,235.57,338.11
2022-11-05,Headphones Wireless,Electronics,North,Neha Patel,2,157.42,314.84,142.71,172.13
2022-11-06,Desk Organizer,Office Supplies,West,Arjun Mehta,18,32.53,585.54,245.19,340.35
2022-11-06,Filing Cabinet,Furniture,East,Vikram Singh,14,138.67,1941.38,994.55,946.83
2022-11-07,Notebook A4 Pack,Office Supplies,South,Arjun Mehta,22,14.09,309.98,88.86,221.12
2022-11-07,Pen Set Premium,Office Supplies,Central,Divya Nair,23,27.44,631.12,178.68,452.44
2022-11-07,Mechanical Keyboard,Electronics,South,Vikram Singh,2,96.59,193.18,87.56,105.62
2022-11-07,Monitor 27 inch,Electronics,South,Sneha Joshi,7,318.95,2232.65,1500.64,732.01
2022-11-07,Laptop Pro 15,Electronics,North,Amit Kumar,4,900.6,3602.4,2539.79,1062.61
2022-11-07,Pen Set Premium,Office Supplies,North,Arjun Mehta,46,22.65,1041.9,364.37,677.53
2022-11-07,Phone Stand,Accessories,East,Karthik Iyer,8,20.67,165.36,47.17,118.19
2022-11-08,Phone Stand,Accessories,East,Priya Sharma,16,20.58,329.28,94.46,234.82
2022-11-08,Desk Organizer,Office Supplies,Central,Karthik Iyer,18,33.44,601.92,263.57,338.35
2022-11-08,Webcam HD,Electronics,South,Neha Patel,9,63.53,571.77,267.39,304.38
2022-11-08,Office Chair Ergonomic,Furniture,North,Karthik Iyer,18,314.77,5665.86,2769.89,2895.97
2022-11-09,Screen Protector,Accessories,South,Priya Sharma,37,14.71,544.27,111.47,432.8
2022-11-09,Headphones Wireless,Electronics,West,Priya Sharma,18,144.47,2600.46,1385.95,1214.51
2022-11-09,Webcam HD,Electronics,East,Priya Sharma,21,66.03,1386.63,619.14,767.49
2022-11-09,Office Chair Ergonomic,Furniture,East,Arjun Mehta,5,294.03,1470.15,839.24,630.91
2022-11-09,Desk Lamp LED,Furniture,West,Rohan Gupta,2,41.06,82.12,30.12,52.0
2022-11-09,Notebook A4 Pack,Office Supplies,West,Divya Nair,11,14.08,154.88,45.27,109.61
2022-11-09,Phone Stand,Accessories,West,Divya Nair,1,21.38,21.38,6.26,15.12
2022-11-10,Screen Protector,Accessories,South,Vikram Singh,8,14.75,118.0,24.83,93.17
2022-11-10,Desk Lamp LED,Furniture,Central,Priya Sharma,21,37.46,786.66,305.37,481.29
2022-11-10,Cable Organizer,Accessories,East,Arjun Mehta,28,9.49,265.72,87.69,178.03
2022-11-10,Whiteboard Markers,Office Supplies,Central,Amit Kumar,39,13.54,528.06,186.55,341.51
2022-11-10,Desk Lamp LED,Furniture,North,Rohan Gupta,2,40.34,80.68,29.84,50.84
2022-11-11,Bookshelf Oak,Furniture,West,Karthik Iyer,1,196.69,196.69,92.6,104.09
2022-11-11,Desk Lamp LED,Furniture,East,Karthik Iyer,33,42.16,1391.28,491.18,900.1
2022-11-11,Whiteboard Markers,Office Supplies,East,Arjun Mehta,15,16.43,246.45,77.85,168.6
2022-11-11,Headphones Wireless,Electronics,West,Priya Sharma,8,146.39,1171.12,581.57,589.55
2022-11-12,Tablet 10 inch,Electronics,East,Ananya Reddy,5,514.08,2570.4,1489.62,1080.78
2022-11-12,Desk Lamp LED,Furniture,West,Vikram Singh,5,40.91,204.55,73.69,130.86
2022-11-12,Phone Stand,Accessories,West,Vikram Singh,56,20.88,1169.28,341.51,827.77
2022-11-12,Filing Cabinet,Furniture,East,Ananya Reddy,19,142.3,2703.7,1278.6,1425.1
2022-11-13,Printer Paper Ream,Office Supplies,North,Karthik Iyer,54,10.04,542.16,190.11,352.05
2022-11-13,Stapler Heavy Duty,Office Supplies,South,Rohan Gupta,8,21.95,175.6,54.86,120.74
2022-11-14,Filing Cabinet,Furniture,Central,Sneha Joshi,15,141.23,2118.45,998.41,1120.04
2022-11-15,Stapler Heavy Duty,Office Supplies,South,Neha Patel,29,20.26,587.54,212.9,374.64
2022-11-16,USB-C Hub,Electronics,Central,Neha Patel,56,51.67,2893.52,1279.06,1614.46
2022-11-16,Phone Stand,Accessories,West,Divya Nair,18,18.59,334.62,106.02,228.6
2022-11-16,Laptop Pro 15,Electronics,South,Sneha Joshi,1,886.03,886.03,641.02,245.01
2022-11-17,Webcam HD,Electronics,West,Vikram Singh,19,65.2,1238.8,579.27,659.53
2022-11-17,Laptop Bag,Accessories,West,Amit Kumar,9,56.15,505.35,223.72,281.63
2022-11-17,Desk Lamp LED,Furniture,South,Priya Sharma,56,40.3,2256.8,816.66,1440.14
2022-11-17,Pen Set Premium,Office Supplies,West,Ananya Reddy,11,26.68,293.48,89.34,204.14
2022-11-17,Laptop Pro 15,Electronics,Central,Priya Sharma,4,890.53,3562.12,2634.39,927.73
2022-11-18,Standing Desk,Furniture,North,Amit Kumar,5,493.0,2465.0,1203.14,1261.86
2022-11-18,Desk Lamp LED,Furniture,East,Arjun Mehta,21,41.04,861.84,320.92,540.92
2022-11-18,Bookshelf Oak,Furniture,East,Arjun Mehta,5,167.78,838.9,467.78,371.12
2022-11-18,Pen Set Premium,Office Supplies,East,Amit Kumar,49,26.15,1281.35,396.61,884.74
2022-11-18,USB-C Hub,Electronics,East,Vikram Singh,40,52.77,2110.8,891.6,1219.2
2022-11-18,Wireless Mouse,Electronics,Central,Arjun Mehta,50,32.8,1640.0,615.3,1024.7
2022-11-18,Bookshelf Oak,Furniture,West,Arjun Mehta,16,172.26,2756.16,1488.65,1267.51
2022-11-19,Cable Organizer,Accessories,Central,Arjun Mehta,8,9.53,76.24,24.39,51.85
2022-11-19,Power Bank 20000mAh,Accessories,West,Sneha Joshi,29,37.38,1084.02,485.75,598.27
2022-11-19,Pen Set Premium,Office Supplies,North,Rohan Gupta,29,26.92,780.68,225.35,555.33
2022-11-19,Printer Paper Ream,Office Supplies,South,Sneha Joshi,35,9.85,344.75,123.24,221.51
2022-11-19,Screen Protector,Accessories,East,Neha Patel,33,13.51,445.83,100.0,345.83
2022-11-19,Notebook A4 Pack,Office Supplies,Central,Divya Nair,18,12.45,224.1,71.05,153.05
2022-11-19,Stapler Heavy Duty,Office Supplies,Central,Amit Kumar,56,20.57,1151.92,385.36,766.56
2022-11-20,Standing Desk,Furniture,Central,Rohan Gupta,1,467.81,467.81,255.56,212.25
2022-11-20,Desk Lamp LED,Furniture,North,Amit Kumar,51,37.92,1933.92,766.36,1167.56
2022-11-20,Monitor 27 inch,Electronics,South,Divya Nair,7,356.93,2498.51,1515.59,982.92
2022-11-20,Pen Set Premium,Office Supplies,North,Priya Sharma,29,23.05,668.45,225.38,443.07
2022-11-21,Phone Stand,Accessories,North,Amit Kumar,47,18.48,868.56,281.47,587.09
2022-11-21,Desk Organizer,Office Supplies,Central,Sneha Joshi,25,36.32,908.0,364.13,543.87
2022-11-21,Desk Organizer,Office Supplies,Central,Karthik Iyer,35,34.36,1202.6,482.31,720.29
2022-11-21,Notebook A4 Pack,Office Supplies,South,Ananya Reddy,54,11.9,642.6,225.19,417.41
2022-11-22,Wireless Mouse,Electronics,East,Amit Kumar,36,27.8,1000.8,447.18,553.62
2022-11-22,Stapler Heavy Duty,Office Supplies,North,Vikram Singh,49,19.3,945.7,358.21,587.49
2022-11-22,Stapler Heavy Duty,Office Supplies,West,Arjun Mehta,15,19.49,292.35,105.35,187.0
2022-11-22,Bookshelf Oak,Furniture,East,Amit Kumar,15,177.66,2664.9,1379.62,1285.28
2022-11-22,Screen Protector,Accessories,Central,Arjun Mehta,8,16.43,131.44,23.2,108.24
2022-11-22,Stapler Heavy Duty,Office Supplies,South,Rohan Gupta,37,21.68,802.16,267.29,534.87
2022-11-23,Screen Protector,Accessories,West,Ananya Reddy,25,13.96,349.0,78.43,270.57
2022-11-23,Wireless Mouse,Electronics,West,Ananya Reddy,1,31.65,31.65,12.05,19.6
2022-11-23,Webcam HD,Electronics,South,Vikram Singh,12,76.91,922.92,364.45,558.47
2022-11-23,Desk Lamp LED,Furniture,West,Rohan Gupta,36,39.46,1420.56,530.16,890.4
2022-11-23,Monitor 27 inch,Electronics,West,Arjun Mehta,1,377.83,377.83,202.14,175.69
2022-11-24,Bookshelf Oak,Furniture,Central,Ananya Reddy,5,189.46,947.3,474.92,472.38
2022-11-24,Notebook A4 Pack,Office Supplies,Central,Rohan Gupta,11,13.35,146.85,45.94,100.91
2022-11-24,USB-C Hub,Electronics,South,Karthik Iyer,11,50.31,553.41,244.86,308.55
2022-11-24,Filing Cabinet,Furniture,Central,Neha Patel,19,133.38,2534.22,1300.1,1234.12
2022-11-24,Whiteboard Markers,Office Supplies,West,Amit Kumar,9,13.74,123.66,46.02,77.64
2022-11-24,Laptop Bag,Accessories,West,Ananya Reddy,14,61.66,863.24,363.83,499.41
2022-11-24,Laptop Pro 15,Electronics,North,Karthik Iyer,2,827.23,1654.46,1334.37,320.09
2022-11-25,Whiteboard Markers,Office Supplies,Central,Neha Patel,46,15.2,699.2,220.78,478.42
2022-11-25,Screen Protector,Accessories,East,Amit Kumar,7,14.55,101.85,21.21,80.64
2022-11-25,Bookshelf Oak,Furniture,West,Rohan Gupta,5,187.88,939.4,482.88,456.52
2022-11-25,Tablet 10 inch,Electronics,South,Sneha Joshi,2,460.44,920.88,613.4,307.48
2022-11-26,Bookshelf Oak,Furniture,West,Sneha Joshi,7,185.84,1300.88,658.38,642.5
2022-11-26,Headphones Wireless,Electronics,East,Arjun Mehta,8,158.91,1271.28,626.25,645.03
2022-11-26,Screen Protector,Accessories,Central,Rohan Gupta,16,16.41,262.56,49.63,212.93
2022-11-26,Pen Set Premium,Office Supplies,North,Ananya Reddy,26,25.23,655.98,211.6,444.38
2022-11-26,Laptop Air 13,Electronics,East,Amit Kumar,5,708.71,3543.55,2639.23,904.32
2022-11-27,Phone Stand,Accessories,North,Sneha Joshi,53,20.13,1066.89,307.9,758.99
2022-11-27,Notebook A4 Pack,Office Supplies,East,Neha Patel,2,13.17,26.34,7.81,18.53
2022-11-27,Laptop Air 13,Electronics,South,Amit Kumar,7,799.61,5597.27,3748.71,1848.56
2022-11-27,Notebook A4 Pack,Office Supplies,South,Rohan Gupta,30,14.05,421.5,117.41,304.09
2022-11-28,Mechanical Keyboard,Electronics,South,Amit Kumar,9,95.14,856.26,389.37,466.89
2022-11-28,Bookshelf Oak,Furniture,South,Ananya Reddy,8,185.5,1484.0,775.99,708.01
2022-11-28,Stapler Heavy Duty,Office Supplies,South,Amit Kumar,44,19.1,840.4,297.72,542.68
2022-11-28,Notebook A4 Pack,Office Supplies,East,Ananya Reddy,36,12.36,444.96,142.98,301.98
2022-11-28,Office Chair Ergonomic,Furniture,Central,Rohan Gupta,8,304.95,2439.6,1291.88,1147.72
2022-11-29,Laptop Pro 15,Electronics,West,Neha Patel,4,882.65,3530.6,2567.03,963.57
2022-11-29,Laptop Pro 15,Electronics,North,Vikram Singh,7,848.47,5939.29,4456.52,1482.77
2022-11-29,Standing Desk,Furniture,South,Amit Kumar,7,471.81,3302.67,1711.14,1591.53
2022-11-29,Stapler Heavy Duty,Office Supplies,North,Sneha Joshi,54,21.11,1139.94,381.16,758.78
2022-11-29,Screen Protector,Accessories,North,Priya Sharma,40,14.4,576.0,114.52,461.48
2022-11-30,Headphones Wireless,Electronics,South,Ananya Reddy,1,147.96,147.96,77.76,70.2
2022-11-30,Headphones Wireless,Electronics,North,Sneha Joshi,5,174.18,870.9,378.01,492.89
2022-11-30,USB-C Hub,Electronics,Central,Arjun Mehta,29,50.02,1450.58,641.08,809.5
2022-11-30,Laptop Pro 15,Electronics,South,Priya Sharma,2,871.49,1742.98,1267.59,475.39
2022-12-01,Notebook A4 Pack,Office Supplies,West,Priya Sharma,23,13.45,309.35,96.05,213.3
2022-12-01,Desk Lamp LED,Furniture,East,Sneha Joshi,14,37.94,531.16,210.91,320.25
2022-12-01,Notebook A4 Pack,Office Supplies,Central,Priya Sharma,42,13.79,579.18,165.42,413.76
2022-12-01,Standing Desk,Furniture,North,Vikram Singh,4,435.79,1743.16,979.04,764.12
2022-12-02,Stapler Heavy Duty,Office Supplies,East,Amit Kumar,47,21.12,992.64,336.26,656.38
2022-12-02,Filing Cabinet,Furniture,North,Rohan Gupta,7,142.93,1000.51,499.39,501.12
2022-12-02,Phone Stand,Accessories,North,Amit Kumar,37,21.18,783.66,230.33,553.33
2022-12-03,Standing Desk,Furniture,West,Rohan Gupta,4,477.37,1909.48,996.83,912.65
2022-12-03,Printer Paper Ream,Office Supplies,East,Neha Patel,14,10.83,151.62,49.57,102.05
2022-12-03,Notebook A4 Pack,Office Supplies,South,Vikram Singh,49,11.71,573.79,198.5,375.29
2022-12-03,Standing Desk,Furniture,West,Priya Sharma,5,483.79,2418.95,1229.32,1189.63
2022-12-03,Laptop Bag,Accessories,North,Priya Sharma,14,55.95,783.3,345.79,437.51
2022-12-04,Notebook A4 Pack,Office Supplies,North,Karthik Iyer,23,14.1,324.3,94.62,229.68
2022-12-04,Standing Desk,Furniture,Central,Rohan Gupta,4,479.73,1918.92,952.17,966.75
2022-12-05,Standing Desk,Furniture,Central,Divya Nair,5,491.78,2458.9,1303.61,1155.29
2022-12-05,Laptop Air 13,Electronics,West,Rohan Gupta,2,739.37,1478.74,1035.85,442.89
2022-12-05,Wireless Mouse,Electronics,West,Ananya Reddy,22,28.98,637.56,258.14,379.42
2022-12-05,Printer Paper Ream,Office Supplies,North,Vikram Singh,18,10.76,193.68,61.75,131.93
2022-12-05,Pen Set Premium,Office Supplies,South,Arjun Mehta,19,24.83,471.77,152.24,319.53
2022-12-05,Bookshelf Oak,Furniture,South,Priya Sharma,9,195.02,1755.18,865.25,889.93
2022-12-05,Monitor 27 inch,Electronics,East,Vikram Singh,7,344.0,2408.0,1434.32,973.68
2022-12-05,Tablet 10 inch,Electronics,North,Neha Patel,7,458.35,3208.45,2110.06,1098.39
2022-12-05,Office Chair Ergonomic,Furniture,East,Karthik Iyer,8,285.87,2286.96,1216.41,1070.55
2022-12-05,Desk Organizer,Office Supplies,Central,Amit Kumar,37,37.01,1369.37,541.94,827.43
2022-12-06,Laptop Bag,Accessories,West,Priya Sharma,2,62.02,124.04,51.56,72.48
2022-12-06,Tablet 10 inch,Electronics,West,Amit Kumar,2,515.12,1030.24,636.76,393.48
2022-12-07,Pen Set Premium,Office Supplies,West,Sneha Joshi,19,26.81,509.39,158.12,351.27
2022-12-07,Laptop Pro 15,Electronics,East,Divya Nair,5,947.86,4739.3,3309.92,1429.38
2022-12-07,Bookshelf Oak,Furniture,South,Karthik Iyer,2,195.23,390.46,191.63,198.83
2022-12-07,Cable Organizer,Accessories,West,Divya Nair,39,9.8,382.2,116.33,265.87
2022-12-08,Filing Cabinet,Furniture,South,Rohan Gupta,16,140.04,2240.64,1150.4,1090.24
2022-12-08,Wireless Mouse,Electronics,South,Amit Kumar,47,32.5,1527.5,586.8,940.7
2022-12-08,Desk Organizer,Office Supplies,South,Priya Sharma,56,35.77,2003.12,754.93,1248.19
2022-12-08,Tablet 10 inch,Electronics,East,Divya Nair,5,491.53,2457.65,1591.07,866.58
2022-12-08,Laptop Air 13,Electronics,East,Priya Sharma,2,804.34,1608.68,1051.13,557.55
2022-12-08,Headphones Wireless,Electronics,North,Arjun Mehta,18,160.53,2889.54,1327.66,1561.88
2022-12-08,Cable Organizer,Accessories,West,Rohan Gupta,9,9.34,84.06,26.8,57.26
2022-12-08,Screen Protector,Accessories,North,Priya Sharma,19,15.42,292.98,54.22,238.76
2022-12-09,Pen Set Premium,Office Supplies,East,Karthik Iyer,28,24.91,697.48,214.52,482.96
2022-12-09,Cable Organizer,Accessories,South,Priya Sharma,9,9.6,86.4,27.64,58.76
2022-12-09,Mechanical Keyboard,Electronics,West,Neha Patel,14,83.79,1173.06,594.66,578.4
2022-12-09,Notebook A4 Pack,Office Supplies,West,Arjun Mehta,9,13.64,122.76,34.5,88.26
2022-12-10,Office Chair Ergonomic,Furniture,North,Neha Patel,14,312.74,4378.36,2143.09,2235.27
2022-12-10,Headphones Wireless,Electronics,South,Karthik Iyer,14,151.08,2115.12,1070.43,1044.69
2022-12-10,USB-C Hub,Electronics,West,Ananya Reddy,46,48.36,2224.56,1036.37,1188.19
2022-12-10,Filing Cabinet,Furniture,West,Sneha Joshi,5,135.7,678.5,361.44,317.06
2022-12-11,Power Bank 20000mAh,Accessories,Central,Rohan Gupta,51,43.12,2199.12,822.99,1376.13
2022-12-11,Mechanical Keyboard,Electronics,Central,Vikram Singh,2,87.34,174.68,87.45,87.23
2022-12-11,Pen Set Premium,Office Supplies,North,Ananya Reddy,50,24.37,1218.5,404.91,813.59
2022-12-11,Desk Lamp LED,Furniture,Central,Rohan Gupta,14,41.34,578.76,213.53,365.23
2022-12-12,Headphones Wireless,Electronics,Central,Vikram Singh,4,165.07,660.28,306.62,353.66
2022-12-12,Headphones Wireless,Electronics,South,Sneha Joshi,18,168.42,3031.56,1294.39,1737.17
2022-12-12,Laptop Pro 15,Electronics,East,Neha Patel,2,938.19,1876.38,1318.31,558.07
2022-12-12,Wireless Mouse,Electronics,East,Neha Patel,30,28.19,845.7,372.39,473.31
2022-12-12,Bookshelf Oak,Furniture,North,Priya Sharma,5,182.94,914.7,494.42,420.28
2022-12-12,Headphones Wireless,Electronics,East,Arjun Mehta,4,171.64,686.56,293.82,392.74
2022-12-12,Desk Organizer,Office Supplies,South,Vikram Singh,16,37.58,601.28,212.99,388.29
2022-12-12,Desk Lamp LED,Furniture,Central,Neha Patel,40,38.45,1538.0,616.29,921.71
2022-12-12,Monitor 27 inch,Electronics,West,Vikram Singh,4,347.54,1390.16,863.47,526.69
2022-12-12,Power Bank 20000mAh,Accessories,East,Rohan Gupta,1,41.88,41.88,15.48,26.4
2022-12-12,Headphones Wireless,Electronics,West,Sneha Joshi,9,145.19,1306.71,658.81,647.9
2022-12-13,Headphones Wireless,Electronics,North,Rohan Gupta,18,167.59,3016.62,1286.19,1730.43
2022-12-13,Laptop Pro 15,Electronics,South,Ananya Reddy,5,824.62,4123.1,3322.89,800.21
2022-12-13,Filing Cabinet,Furniture,East,Neha Patel,12,124.28,1491.36,841.72,649.64
2022-12-13,Screen Protector,Accessories,Central,Divya Nair,46,15.76,724.96,144.73,580.23
2022-12-13,Filing Cabinet,Furniture,South,Vikram Singh,1,137.03,137.03,71.68,65.35
2022-12-14,Laptop Bag,Accessories,North,Rohan Gupta,12,61.96,743.52,303.58,439.94
2022-12-14,Whiteboard Markers,Office Supplies,West,Ananya Reddy,42,13.89,583.38,206.16,377.22
2022-12-14,Power Bank 20000mAh,Accessories,East,Ananya Reddy,4,37.14,148.56,61.46,87.1
2022-12-15,Headphones Wireless,Electronics,North,Arjun Mehta,16,160.82,2573.12,1232.8,1340.32
2022-12-15,USB-C Hub,Electronics,Central,Vikram Singh,25,49.79,1244.75,551.02,693.73
2022-12-15,Power Bank 20000mAh,Accessories,West,Vikram Singh,35,41.11,1438.85,583.87,854.98
2022-12-15,Power Bank 20000mAh,Accessories,South,Rohan Gupta,46,39.61,1822.06,740.73,1081.33
2022-12-15,Tablet 10 inch,Electronics,Central,Sneha Joshi,2,514.53,1029.06,615.77,413.29
2022-12-16,Laptop Pro 15,Electronics,Central,Priya Sharma,2,862.94,1725.88,1304.5,421.38
2022-12-16,Monitor 27 inch,Electronics,East,Vikram Singh,2,328.85,657.7,406.64,251.06
2022-12-16,Whiteboard Markers,Office Supplies,Central,Neha Patel,43,14.93,641.99,210.47,431.52
2022-12-16,Office Chair Ergonomic,Furniture,East,Vikram Singh,12,285.03,3420.36,1961.33,1459.03
2022-12-16,Headphones Wireless,Electronics,South,Arjun Mehta,8,154.05,1232.4,598.67,633.73
2022-12-17,Wireless Mouse,Electronics,East,Divya Nair,30,30.23,906.9,343.83,563.07
2022-12-17,Laptop Pro 15,Electronics,Central,Sneha Joshi,7,927.04,6489.28,4730.11,1759.17
2022-12-17,Laptop Bag,Accessories,Central,Divya Nair,1,54.71,54.71,24.75,29.96
2022-12-17,Mechanical Keyboard,Electronics,North,Vikram Singh,9,83.5,751.5,376.44,375.06
2022-12-18,Cable Organizer,Accessories,Central,Arjun Mehta,9,10.84,97.56,28.14,69.42
2022-12-18,Cable Organizer,Accessories,East,Rohan Gupta,18,10.26,184.68,52.37,132.31
2022-12-18,Filing Cabinet,Furniture,Central,Priya Sharma,16,120.94,1935.04,1143.88,791.16
2022-12-19,Standing Desk,Furniture,East,Rohan Gupta,4,428.54,1714.16,992.75,721.41
2022-12-19,Standing Desk,Furniture,West,Karthik Iyer,4,405.51,1622.04,955.23,666.81
2022-12-19,Cable Organizer,Accessories,Central,Neha Patel,51,9.08,463.08,152.5,310.58
2022-12-19,Tablet 10 inch,Electronics,West,Ananya Reddy,7,529.05,3703.35,2164.22,1539.13
2022-12-20,Monitor 27 inch,Electronics,Central,Vikram Singh,2,340.55,681.1,437.85,243.25
2022-12-20,Laptop Air 13,Electronics,Central,Rohan Gupta,7,796.95,5578.65,3627.15,1951.5
2022-12-20,Stapler Heavy Duty,Office Supplies,Central,Ananya Reddy,51,19.33,985.83,364.49,621.34
2022-12-21,Wireless Mouse,Electronics,East,Rohan Gupta,46,30.97,1424.62,573.17,851.45
2022-12-21,Cable Organizer,Accessories,South,Rohan Gupta,21,10.64,223.44,63.2,160.24
2022-12-21,Desk Lamp LED,Furniture,South,Priya Sharma,54,43.0,2322.0,816.01,1505.99
2022-12-22,Desk Organizer,Office Supplies,North,Vikram Singh,1,34.35,34.35,14.27,20.08
2022-12-22,Monitor 27 inch,Electronics,South,Divya Nair,4,371.42,1485.68,856.6,629.08
2022-12-22,Stapler Heavy Duty,Office Supplies,South,Neha Patel,50,19.53,976.5,364.86,611.64
2022-12-22,Pen Set Premium,Office Supplies,Central,Sneha Joshi,36,25.18,906.48,296.27,610.21
2022-12-22,Laptop Pro 15,Electronics,West,Ananya Reddy,1,880.04,880.04,647.32,232.72
2022-12-22,Webcam HD,Electronics,East,Karthik Iyer,2,69.22,138.44,59.55,78.89
2022-12-23,Power Bank 20000mAh,Accessories,North,Divya Nair,32,37.97,1215.04,524.82,690.22
2022-12-24,Laptop Air 13,Electronics,East,Ananya Reddy,4,738.89,2955.56,2077.03,878.53
2022-12-24,Headphones Wireless,Electronics,South,Sneha Joshi,8,169.84,1358.72,585.68,773.04
2022-12-24,USB-C Hub,Electronics,North,Divya Nair,25,52.67,1316.75,569.72,747.03
2022-12-25,Whiteboard Markers,Office Supplies,Central,Amit Kumar,11,13.98,153.78,53.4,100.38
2022-12-26,Filing Cabinet,Furniture,West,Neha Patel,21,133.74,2808.54,1454.02,1354.52
2022-12-26,Webcam HD,Electronics,South,Divya Nair,16,76.85,1229.6,486.1,743.5
2022-12-26,Cable Organizer,Accessories,West,Rohan Gupta,7,9.0,63.0,21.28,41.72
2022-12-27,Webcam HD,Electronics,Central,Sneha Joshi,16,65.52,1048.32,469.54,578.78
2022-12-27,Whiteboard Markers,Office Supplies,North,Arjun Mehta,43,16.34,702.62,219.61,483.01
2022-12-27,Phone Stand,Accessories,West,Priya Sharma,49,19.65,962.85,298.37,664.48
2022-12-27,Tablet 10 inch,Electronics,West,Ananya Reddy,1,535.23,535.23,319.25,215.98
2022-12-29,Bookshelf Oak,Furniture,North,Arjun Mehta,11,171.84,1890.24,1072.29,817.95
2022-12-29,Desk Organizer,Office Supplies,East,Vikram Singh,44,34.5,1518.0,604.45,913.55
2022-12-29,Phone Stand,Accessories,Central,Neha Patel,53,21.79,1154.87,322.52,832.35
2022-12-29,Standing Desk,Furniture,North,Priya Sharma,4,486.95,1947.8,1035.18,912.62
2022-12-29,Monitor 27 inch,Electronics,North,Karthik Iyer,7,340.96,2386.72,1430.87,955.85
2022-12-29,Bookshelf Oak,Furniture,East,Ananya Reddy,1,181.27,181.27,98.88,82.39
2022-12-29,Mechanical Keyboard,Electronics,East,Neha Patel,14,84.16,1178.24,582.48,595.76
2022-12-29,Webcam HD,Electronics,South,Rohan Gupta,15,66.51,997.65,467.0,530.65
2022-12-30,Stapler Heavy Duty,Office Supplies,Central,Amit Kumar,32,19.37,619.84,231.56,388.28
2022-12-30,USB-C Hub,Electronics,South,Rohan Gupta,42,45.93,1929.06,965.55,963.51
2022-12-30,Cable Organizer,Accessories,Central,Divya Nair,8,10.34,82.72,24.16,58.56
2022-12-30,Laptop Pro 15,Electronics,South,Karthik Iyer,7,853.92,5977.44,4547.44,1430.0
2022-12-30,Whiteboard Markers,Office Supplies,South,Rohan Gupta,37,14.06,520.22,190.66,329.56
2022-12-30,Laptop Air 13,Electronics,West,Ananya Reddy,7,688.32,4818.24,3592.46,1225.78
2022-12-31,Notebook A4 Pack,Office Supplies,East,Vikram Singh,42,13.56,569.52,170.22,399.3
2022-12-31,Laptop Air 13,Electronics,West,Rohan Gupta,7,732.03,5124.21,3811.71,1312.5
2022-12-31,Standing Desk,Furniture,South,Divya Nair,4,442.25,1769.0,1033.53,735.47
2022-12-31,Whiteboard Markers,Office Supplies,South,Amit Kumar,30,15.48,464.4,149.64,314.76
2022-12-31,Whiteboard Markers,Office Supplies,East,Ananya Reddy,9,14.68,132.12,45.92,86.2
2022-12-31,Pen Set Premium,Office Supplies,South,Arjun Mehta,12,25.48,305.76,93.86,211.9
2023-01-01,Desk Organizer,Office Supplies,West,Amit Kumar,11,36.58,402.38,149.73,252.65
2023-01-01,USB-C Hub,Electronics,North,Neha Patel,34,50.18,1706.12,753.62,952.5
2023-01-01,Standing Desk,Furniture,East,Vikram Singh,4,459.9,1839.6,1019.72,819.88
2023-01-02,Desk Organizer,Office Supplies,Central,Karthik Iyer,8,36.85,294.8,112.86,181.94
2023-01-02,Printer Paper Ream,Office Supplies,Central,Neha Patel,37,9.17,339.29,127.22,212.07
2023-01-02,Screen Protector,Accessories,Central,Divya Nair,36,15.34,552.24,105.97,446.27
2023-01-02,Screen Protector,Accessories,West,Rohan Gupta,38,16.42,623.96,117.0,506.96
2023-01-02,Printer Paper Ream,Office Supplies,West,Arjun Mehta,36,9.01,324.36,120.17,204.19
2023-01-03,Laptop Air 13,Electronics,North,Amit Kumar,3,764.0,2292.0,1696.1,595.9
2023-01-03,Webcam HD,Electronics,South,Neha Patel,3,67.12,201.36,86.05,115.31
2023-01-03,Printer Paper Ream,Office Supplies,North,Vikram Singh,6,9.68,58.08,21.91,36.17
2023-01-04,Monitor 27 inch,Electronics,South,Priya Sharma,6,375.95,2255.7,1275.08,980.62
2023-01-04,Bookshelf Oak,Furniture,Central,Arjun Mehta,13,162.3,2109.9,1181.64,928.26
2023-01-04,Screen Protector,Accessories,West,Divya Nair,7,15.37,107.59,21.59,86.0
2023-01-04,Laptop Air 13,Electronics,West,Karthik Iyer,1,725.27,725.27,527.0,198.27
2023-01-04,Tablet 10 inch,Electronics,North,Divya Nair,2,454.93,909.86,605.28,304.58
2023-01-04,Filing Cabinet,Furniture,East,Priya Sharma,3,122.63,367.89,208.89,159.0
2023-01-05,Desk Organizer,Office Supplies,East,Ananya Reddy,8,32.05,256.4,113.8,142.6
2023-01-05,Pen Set Premium,Office Supplies,North,Amit Kumar,26,24.4,634.4,199.49,434.91
2023-01-05,Laptop Air 13,Electronics,West,Ananya Reddy,2,779.54,1559.08,1067.2,491.88
2023-01-05,Phone Stand,Accessories,North,Priya Sharma,13,21.16,275.08,76.02,199.06
2023-01-05,Bookshelf Oak,Furniture,North,Amit Kumar,6,186.3,1117.8,555.2,562.6
2023-01-05,Laptop Pro 15,Electronics,North,Vikram Singh,2,914.38,1828.76,1282.3,546.46
2023-01-06,Bookshelf Oak,Furniture,South,Sneha Joshi,14,175.98,2463.72,1307.04,1156.68
2023-01-06,Cable Organizer,Accessories,West,Karthik Iyer,38,10.38,394.44,113.7,280.74
2023-01-06,Mechanical Keyboard,Electronics,Central,Arjun Mehta,7,85.24,596.68,306.7,289.98
2023-01-06,Webcam HD,Electronics,Central,Rohan Gupta,16,64.14,1026.24,501.81,524.43
2023-01-06,Stapler Heavy Duty,Office Supplies,South,Karthik Iyer,11,19.81,217.91,74.74,143.17
2023-01-06,Webcam HD,Electronics,East,Neha Patel,7,71.54,500.78,212.93,287.85
2023-01-06,Laptop Bag,Accessories,Central,Vikram Singh,2,60.96,121.92,52.14,69.78
2023-01-06,Desk Lamp LED,Furniture,West,Sneha Joshi,16,37.71,603.36,249.23,354.13
2023-01-07,USB-C Hub,Electronics,Central,Karthik Iyer,6,46.41,278.46,133.76,144.7
2023-01-07,Laptop Bag,Accessories,West,Vikram Singh,18,62.0,1116.0,441.07,674.93
2023-01-07,Laptop Bag,Accessories,East,Rohan Gupta,1,58.88,58.88,23.8,35.08
2023-01-07,Mechanical Keyboard,Electronics,North,Amit Kumar,12,97.99,1175.88,480.79,695.09
2023-01-08,Stapler Heavy Duty,Office Supplies,South,Ananya Reddy,21,19.35,406.35,152.59,253.76
2023-01-08,Notebook A4 Pack,Office Supplies,West,Neha Patel,13,14.15,183.95,52.51,131.44
2023-01-09,Desk Organizer,Office Supplies,East,Priya Sharma,36,36.08,1298.88,500.94,797.94
2023-01-09,Stapler Heavy Duty,Office Supplies,South,Amit Kumar,24,19.87,476.88,171.74,305.14
2023-01-09,Printer Paper Ream,Office Supplies,East,Divya Nair,28,10.73,300.44,93.68,206.76
2023-01-09,USB-C Hub,Electronics,North,Divya Nair,6,52.59,315.54,128.62,186.92
2023-01-09,Pen Set Premium,Office Supplies,East,Neha Patel,48,24.34,1168.32,383.14,785.18
2023-01-10,Screen Protector,Accessories,South,Neha Patel,37,14.02,518.74,116.32,402.42
2023-01-10,Phone Stand,Accessories,West,Ananya Reddy,19,19.56,371.64,116.47,255.17
2023-01-10,Filing Cabinet,Furniture,Central,Rohan Gupta,9,133.47,1201.23,637.41,563.82
2023-01-10,Standing Desk,Furniture,East,Ananya Reddy,2,491.59,983.18,520.48,462.7
2023-01-11,Notebook A4 Pack,Office Supplies,West,Priya Sharma,11,13.06,143.66,44.85,98.81
2023-01-11,Webcam HD,Electronics,West,Vikram Singh,18,72.38,1302.84,520.33,782.51
2023-01-11,Power Bank 20000mAh,Accessories,South,Karthik Iyer,21,39.99,839.79,324.45,515.34
2023-01-12,Phone Stand,Accessories,West,Vikram Singh,1,19.59,19.59,6.08,13.51
2023-01-12,Bookshelf Oak,Furniture,North,Ananya Reddy,3,166.39,499.17,290.46,208.71
2023-01-12,Filing Cabinet,Furniture,South,Priya Sharma,13,127.32,1655.16,877.61,777.55
2023-01-12,Desk Lamp LED,Furniture,East,Rohan Gupta,36,38.28,1378.08,545.88,832.2
2023-01-12,Pen Set Premium,Office Supplies,West,Neha Patel,29,22.81,661.49,223.75,437.74
2023-01-13,Laptop Air 13,Electronics,East,Sneha Joshi,1,798.31,798.31,534.64,263.67
2023-01-13,Laptop Bag,Accessories,West,Rohan Gupta,9,63.94,575.46,215.11,360.35
2023-01-13,Monitor 27 inch,Electronics,West,Divya Nair,6,324.01,1944.06,1245.36,698.7
2023-01-13,Printer Paper Ream,Office Supplies,North,Sneha Joshi,12,9.77,117.24,40.46,76.78
2023-01-13,Office Chair Ergonomic,Furniture,East,Priya Sharma,17,294.55,5007.35,2641.9,2365.45
2023-01-14,Wireless Mouse,Electronics,South,Neha Patel,1,27.15,27.15,12.34,14.81
2023-01-14,Wireless Mouse,Electronics,West,Ananya Reddy,4,28.72,114.88,48.59,66.29
2023-01-15,Laptop Pro 15,Electronics,Central,Ananya Reddy,6,852.97,5117.82,3986.19,1131.63
2023-01-16,Wireless Mouse,Electronics,Central,Priya Sharma,19,29.41,558.79,238.07,320.72
2023-01-16,Mechanical Keyboard,Electronics,East,Rohan Gupta,3,93.86,281.58,128.86,152.72
2023-01-16,Phone Stand,Accessories,South,Vikram Singh,43,20.95,900.85,266.95,633.9
2023-01-16,Printer Paper Ream,Office Supplies,East,Priya Sharma,24,10.0,240.0,82.52,157.48
2023-01-16,Desk Organizer,Office Supplies,Central,Rohan Gupta,3,34.63,103.89,41.7,62.19
2023-01-16,Monitor 27 inch,Electronics,North,Divya Nair,3,345.26,1035.78,613.74,422.04
2023-01-16,Whiteboard Markers,Office Supplies,West,Rohan Gupta,24,15.32,367.68,119.14,248.54
2023-01-16,Desk Organizer,Office Supplies,West,Amit Kumar,4,37.83,151.32,55.53,95.79
2023-01-16,Pen Set Premium,Office Supplies,South,Karthik Iyer,49,27.45,1345.05,381.25,963.8
2023-01-16,Desk Lamp LED,Furniture,South,Karthik Iyer,34,38.33,1303.22,498.68,804.54
2023-01-16,Monitor 27 inch,Electronics,Central,Amit Kumar,4,377.92,1511.68,832.5,679.18
2023-01-17,Stapler Heavy Duty,Office Supplies,Central,Karthik Iyer,44,18.46,812.24,316.47,495.77
2023-01-17,Phone Stand,Accessories,West,Karthik Iyer,2,20.94,41.88,12.46,29.42
2023-01-17,Notebook A4 Pack,Office Supplies,East,Arjun Mehta,8,12.81,102.48,31.03,71.45
2023-01-17,Whiteboard Markers,Office Supplies,Central,Karthik Iyer,45,16.16,727.2,235.78,491.42
2023-01-17,Stapler Heavy Duty,Office Supplies,East,Divya Nair,4,19.76,79.04,28.02,51.02
2023-01-17,Tablet 10 inch,Electronics,East,Neha Patel,2,507.65,1015.3,614.23,401.07
2023-01-17,Wireless Mouse,Electronics,East,Sneha Joshi,39,31.79,1239.81,483.56,756.25
2023-01-17,Laptop Air 13,Electronics,East,Arjun Mehta,1,768.48,768.48,548.47,220.01
2023-01-18,Desk Organizer,Office Supplies,East,Sneha Joshi,14,37.89,530.46,192.93,337.53
2023-01-18,Office Chair Ergonomic,Furniture,North,Rohan Gupta,7,303.37,2123.59,1074.57,1049.02
2023-01-18,Notebook A4 Pack,Office Supplies,North,Rohan Gupta,7,13.13,91.91,26.62,65.29
2023-01-18,Wireless Mouse,Electronics,East,Sneha Joshi,37,32.33,1196.21,452.65,743.56
2023-01-19,Standing Desk,Furniture,East,Sneha Joshi,2,408.11,816.22,505.96,310.26
2023-01-19,Standing Desk,Furniture,North,Sneha Joshi,6,445.73,2674.38,1464.84,1209.54
2023-01-19,Bookshelf Oak,Furniture,West,Vikram Singh,1,185.97,185.97,94.32,91.65
2023-01-19,Filing Cabinet,Furniture,East,Vikram Singh,9,131.21,1180.89,645.88,535.01
2023-01-19,Filing Cabinet,Furniture,West,Arjun Mehta,6,120.15,720.9,409.7,311.2
2023-01-19,Desk Organizer,Office Supplies,Central,Amit Kumar,48,31.5,1512.0,657.98,854.02
2023-01-19,Office Chair Ergonomic,Furniture,North,Vikram Singh,18,319.27,5746.86,2966.73,2780.13
2023-01-19,Laptop Air 13,Electronics,North,Vikram Singh,6,727.14,4362.84,3083.89,1278.95
2023-01-20,Pen Set Premium,Office Supplies,West,Neha Patel,36,24.74,890.64,289.68,600.96
2023-01-20,Pen Set Premium,Office Supplies,Central,Vikram Singh,48,24.38,1170.24,378.17,792.07
2023-01-20,Stapler Heavy Duty,Office Supplies,Central,Neha Patel,4,19.71,78.84,28.32,50.52
2023-01-20,Whiteboard Markers,Office Supplies,North,Karthik Iyer,22,14.22,312.84,111.9,200.94
2023-01-20,Notebook A4 Pack,Office Supplies,North,Priya Sharma,43,12.72,546.96,173.23,373.73
2023-01-20,Cable Organizer,Accessories,Central,Vikram Singh,34,10.85,368.9,105.59,263.31
2023-01-20,Headphones Wireless,Electronics,South,Neha Patel,1,164.14,164.14,74.03,90.11
2023-01-21,Desk Organizer,Office Supplies,Central,Amit Kumar,43,36.48,1568.64,614.18,954.46
2023-01-21,Notebook A4 Pack,Office Supplies,North,Ananya Reddy,4,14.07,56.28,16.67,39.61
2023-01-21,Tablet 10 inch,Electronics,Central,Priya Sharma,3,523.33,1569.99,951.9,618.09
2023-01-21,Notebook A4 Pack,Office Supplies,Central,Ananya Reddy,36,13.36,480.96,151.08,329.88
2023-01-22,Screen Protector,Accessories,South,Divya Nair,31,14.19,439.89,95.56,344.33
2023-01-22,Pen Set Premium,Office Supplies,West,Sneha Joshi,37,23.11,855.07,303.29,551.78
2023-01-22,Webcam HD,Electronics,North,Divya Nair,7,70.1,490.7,209.86,280.84
2023-01-22,Whiteboard Markers,Office Supplies,West,Rohan Gupta,13,14.79,192.27,63.27,129.0
2023-01-23,Screen Protector,Accessories,North,Priya Sharma,16,14.05,224.8,47.14,177.66
2023-01-24,Bookshelf Oak,Furniture,South,Amit Kumar,13,190.25,2473.25,1285.21,1188.04
2023-01-24,Webcam HD,Electronics,Central,Karthik Iyer,14,68.23,955.22,424.18,531.04
2023-01-24,Cable Organizer,Accessories,West,Rohan Gupta,48,9.01,432.48,146.77,285.71
2023-01-24,USB-C Hub,Electronics,South,Karthik Iyer,11,49.33,542.63,250.08,292.55
2023-01-24,USB-C Hub,Electronics,Central,Sneha Joshi,17,52.85,898.45,360.28,538.17
2023-01-25,Laptop Bag,Accessories,East,Vikram Singh,18,63.82,1148.76,439.86,708.9
2023-01-25,Tablet 10 inch,Electronics,South,Vikram Singh,6,513.79,3082.74,1773.13,1309.61
2023-01-26,Laptop Air 13,Electronics,Central,Amit Kumar,3,800.12,2400.36,1558.92,841.44
2023-01-26,Screen Protector,Accessories,West,Vikram Singh,4,14.22,56.88,11.82,45.06
2023-01-26,Notebook A4 Pack,Office Supplies,South,Vikram Singh,37,13.12,485.44,146.91,338.53
2023-01-27,Laptop Bag,Accessories,Central,Arjun Mehta,7,63.75,446.25,166.53,279.72
2023-01-27,Notebook A4 Pack,Office Supplies,East,Vikram Singh,1,12.2,12.2,3.94,8.26
2023-01-27,Laptop Pro 15,Electronics,North,Arjun Mehta,3,831.78,2495.34,1888.71,606.63
2023-01-27,Power Bank 20000mAh,Accessories,East,Vikram Singh,45,37.47,1686.15,730.14,956.01
2023-01-27,USB-C Hub,Electronics,West,Divya Nair,44,45.49,2001.56,953.85,1047.71
2023-01-27,Desk Lamp LED,Furniture,South,Arjun Mehta,18,36.76,661.68,276.59,385.09
2023-01-27,Power Bank 20000mAh,Accessories,North,Neha Patel,37,37.87,1401.19,566.95,834.24
2023-01-28,Standing Desk,Furniture,West,Sneha Joshi,6,414.82,2488.92,1520.47,968.45
2023-01-28,Pen Set Premium,Office Supplies,Central,Rohan Gupta,44,27.36,1203.84,365.9,837.94
2023-01-28,Laptop Air 13,Electronics,North,Amit Kumar,4,790.16,3160.64,2114.3,1046.34
2023-01-29,USB-C Hub,Electronics,West,Arjun Mehta,49,46.99,2302.51,1117.28,1185.23
2023-01-29,Webcam HD,Electronics,North,Amit Kumar,17,65.73,1117.41,534.28,583.13
2023-01-29,Whiteboard Markers,Office Supplies,North,Priya Sharma,28,16.1,450.8,142.23,308.57
2023-01-30,Bookshelf Oak,Furniture,Central,Priya Sharma,2,168.02,336.04,198.67,137.37
2023-01-30,Mechanical Keyboard,Electronics,North,Arjun Mehta,12,93.83,1125.96,508.68,617.28
2023-01-30,Screen Protector,Accessories,East,Divya Nair,40,15.3,612.0,119.04,492.96
2023-01-30,Standing Desk,Furniture,North,Divya Nair,1,455.24,455.24,246.35,208.89
2023-01-30,Filing Cabinet,Furniture,Central,Divya Nair,12,124.72,1496.64,798.11,698.53
2023-01-30,Laptop Bag,Accessories,South,Arjun Mehta,16,55.71,891.36,404.67,486.69
2023-01-31,Monitor 27 inch,Electronics,Central,Karthik Iyer,4,351.06,1404.24,805.29,598.95
2023-01-31,Screen Protector,Accessories,West,Priya Sharma,6,16.31,97.86,18.21,79.65
2023-01-31,Phone Stand,Accessories,South,Sneha Joshi,39,20.57,802.23,240.25,561.98
2023-01-31,Power Bank 20000mAh,Accessories,North,Sneha Joshi,23,41.44,953.12,381.36,571.76
2023-02-01,Desk Lamp LED,Furniture,West,Vikram Singh,6,37.49,224.94,87.06,137.88
2023-02-01,Bookshelf Oak,Furniture,West,Sneha Joshi,7,184.18,1289.26,652.08,637.18
2023-02-01,Cable Organizer,Accessories,South,Priya Sharma,48,10.49,503.52,144.63,358.89
2023-02-01,Laptop Bag,Accessories,Central,Divya Nair,12,56.1,673.2,302.64,370.56
2023-02-01,Headphones Wireless,Electronics,South,Amit Kumar,6,155.36,932.16,449.16,483.0
2023-02-01,Desk Organizer,Office Supplies,South,Karthik Iyer,21,36.1,758.1,287.38,470.72
2023-02-01,Desk Organizer,Office Supplies,West,Neha Patel,8,31.52,252.16,113.48,138.68
2023-02-01,Laptop Bag,Accessories,South,Neha Patel,12,62.81,753.72,310.66,443.06
2023-02-01,Desk Lamp LED,Furniture,Central,Neha Patel,45,43.22,1944.9,648.45,1296.45
2023-02-02,Cable Organizer,Accessories,East,Ananya Reddy,12,9.46,113.52,34.73,78.79
2023-02-02,Phone Stand,Accessories,Central,Arjun Mehta,27,21.34,576.18,167.64,408.54
2023-02-02,Stapler Heavy Duty,Office Supplies,Central,Ananya Reddy,32,18.38,588.16,213.96,374.2
2023-02-02,Tablet 10 inch,Electronics,North,Priya Sharma,3,468.95,1406.85,939.63,467.22
2023-02-03,Bookshelf Oak,Furniture,North,Divya Nair,16,162.9,2606.4,1556.09,1050.31
2023-02-03,Notebook A4 Pack,Office Supplies,North,Arjun Mehta,21,11.99,251.79,87.5,164.29
2023-02-03,Office Chair Ergonomic,Furniture,Central,Vikram Singh,17,280.86,4774.62,2760.64,2013.98
2023-02-03,USB-C Hub,Electronics,East,Divya Nair,18,52.07,937.26,400.33,536.93
2023-02-03,Monitor 27 inch,Electronics,South,Priya Sharma,2,373.73,747.46,432.9,314.56
2023-02-03,Stapler Heavy Duty,Office Supplies,West,Divya Nair,49,18.63,912.87,346.87,566.0
2023-02-03,Printer Paper Ream,Office Supplies,West,Priya Sharma,32,10.97,351.04,110.04,241.0
2023-02-04,Screen Protector,Accessories,Central,Karthik Iyer,8,13.88,111.04,24.61,86.43
2023-02-04,Laptop Pro 15,Electronics,Central,Rohan Gupta,3,826.93,2480.79,1924.43,556.36
2023-02-04,Whiteboard Markers,Office Supplies,Central,Rohan Gupta,19,15.86,301.34,94.27,207.07
2023-02-04,USB-C Hub,Electronics,West,Arjun Mehta,9,46.21,415.89,192.87,223.02
2023-02-04,Phone Stand,Accessories,North,Vikram Singh,21,21.31,447.51,125.34,322.17
2023-02-05,Desk Organizer,Office Supplies,Central,Priya Sharma,42,32.52,1365.84,573.25,792.59
2023-02-05,Standing Desk,Furniture,West,Ananya Reddy,6,478.31,2869.86,1477.39,1392.47
2023-02-06,Power Bank 20000mAh,Accessories,Central,Ananya Reddy,42,39.0,1638.0,660.55,977.45
2023-02-06,Stapler Heavy Duty,Office Supplies,North,Amit Kumar,34,18.12,616.08,235.32,380.76
2023-02-06,Laptop Pro 15,Electronics,South,Rohan Gupta,6,961.45,5768.7,3841.99,1926.71
2023-02-06,Webcam HD,Electronics,North,Ananya Reddy,12,63.93,767.16,352.59,414.57
2023-02-07,Pen Set Premium,Office Supplies,Central,Priya Sharma,23,23.58,542.34,183.51,358.83
2023-02-07,Laptop Bag,Accessories,East,Divya Nair,16,56.25,900.0,388.99,511.01
2023-02-07,Laptop Bag,Accessories,North,Amit Kumar,18,63.72,1146.96,436.97,709.99
2023-02-07,Office Chair Ergonomic,Furniture,North,Karthik Iyer,2,285.81,571.62,310.88,260.74
2023-02-08,Laptop Bag,Accessories,West,Sneha Joshi,12,63.13,757.56,289.53,468.03
2023-02-09,Monitor 27 inch,Electronics,Central,Vikram Singh,1,327.39,327.39,215.73,111.66
2023-02-09,Office Chair Ergonomic,Furniture,West,Vikram Singh,12,284.93,3419.16,1878.79,1540.37
2023-02-09,Cable Organizer,Accessories,West,Divya Nair,27,10.0,270.0,81.76,188.24
2023-02-10,Screen Protector,Accessories,Central,Priya Sharma,37,15.19,562.03,106.48,455.55
2023-02-10,Desk Lamp LED,Furniture,South,Neha Patel,21,41.74,876.54,309.95,566.59
2023-02-10,Wireless Mouse,Electronics,West,Sneha Joshi,24,30.52,732.48,281.6,450.88
2023-02-10,Whiteboard Markers,Office Supplies,West,Rohan Gupta,6,15.45,92.7,31.44,61.26
2023-02-10,Mechanical Keyboard,Electronics,East,Ananya Reddy,16,97.38,1558.08,656.66,901.42
2023-02-10,Phone Stand,Accessories,Central,Amit Kumar,39,20.55,801.45,243.59,557.86
2023-02-10,Tablet 10 inch,Electronics,West,Arjun Mehta,1,525.56,525.56,296.37,229.19
2023-02-11,Tablet 10 inch,Electronics,South,Rohan Gupta,6,547.3,3283.8,1833.57,1450.23
2023-02-11,Monitor 27 inch,Electronics,Central,Karthik Iyer,2,335.3,670.6,405.78,264.82
2023-02-11,Whiteboard Markers,Office Supplies,West,Neha Patel,17,14.87,252.79,82.36,170.43
2023-02-11,Tablet 10 inch,Electronics,East,Arjun Mehta,1,458.68,458.68,322.85,135.83
2023-02-12,Headphones Wireless,Electronics,Central,Amit Kumar,3,175.33,525.99,220.15,305.84
2023-02-13,Power Bank 20000mAh,Accessories,North,Vikram Singh,7,41.74,292.18,107.43,184.75
2023-02-13,Laptop Air 13,Electronics,North,Sneha Joshi,1,796.44,796.44,545.06,251.38
2023-02-14,Pen Set Premium,Office Supplies,West,Rohan Gupta,49,25.07,1228.43,398.73,829.7
2023-02-14,Tablet 10 inch,Electronics,Central,Neha Patel,6,458.45,2750.7,1951.33,799.37
2023-02-14,Mechanical Keyboard,Electronics,West,Sneha Joshi,14,91.02,1274.28,564.97,709.31
2023-02-15,Desk Lamp LED,Furniture,Central,Rohan Gupta,49,37.93,1858.57,725.32,1133.25
2023-02-15,Tablet 10 inch,Electronics,West,Vikram Singh,4,542.19,2168.76,1281.95,886.81
2023-02-15,Standing Desk,Furniture,Central,Ananya Reddy,3,454.81,1364.43,779.11,585.32
2023-02-15,Laptop Bag,Accessories,South,Karthik Iyer,8,65.8,526.4,202.63,323.77
2023-02-15,Cable Organizer,Accessories,West,Neha Patel,23,10.28,236.44,71.03,165.41
2023-02-16,Screen Protector,Accessories,East,Karthik Iyer,29,14.8,429.2,87.15,342.05
2023-02-16,USB-C Hub,Electronics,Central,Ananya Reddy,42,50.01,2100.42,902.98,1197.44
2023-02-16,Stapler Heavy Duty,Office Supplies,East,Vikram Singh,32,21.86,699.52,219.33,480.19
2023-02-16,Mechanical Keyboard,Electronics,North,Arjun Mehta,3,91.86,275.58,121.23,154.35
2023-02-16,Desk Lamp LED,Furniture,East,Vikram Singh,36,42.1,1515.6,528.82,986.78
2023-02-16,Screen Protector,Accessories,East,Sneha Joshi,31,14.3,443.3,92.82,350.48
2023-02-16,Office Chair Ergonomic,Furniture,Central,Divya Nair,3,295.62,886.86,457.8,429.06
2023-02-17,USB-C Hub,Electronics,East,Vikram Singh,26,45.59,1185.34,551.85,633.49
2023-02-17,Wireless Mouse,Electronics,East,Neha Patel,38,31.16,1184.08,477.98,706.1
2023-02-17,Cable Organizer,Accessories,Central,Rohan Gupta,27,9.38,253.26,84.22,169.04
2023-02-17,Mechanical Keyboard,Electronics,Central,Sneha Joshi,11,95.89,1054.79,467.68,587.11
2023-02-18,Headphones Wireless,Electronics,South,Karthik Iyer,18,174.28,3137.04,1336.98,1800.06
2023-02-18,Laptop Bag,Accessories,West,Karthik Iyer,7,60.83,425.81,181.69,244.12
2023-02-18,Laptop Air 13,Electronics,West,Amit Kumar,1,691.59,691.59,560.79,130.8
2023-02-19,USB-C Hub,Electronics,East,Amit Kumar,11,49.29,542.19,251.9,290.29
2023-02-19,Power Bank 20000mAh,Accessories,South,Karthik Iyer,3,42.16,126.48,48.63,77.85
2023-02-19,Desk Lamp LED,Furniture,Central,Priya Sharma,17,43.2,734.4,260.75,473.65
2023-02-19,Screen Protector,Accessories,West,Sneha Joshi,47,13.94,655.18,135.41,519.77
2023-02-19,Standing Desk,Furniture,North,Neha Patel,4,435.44,1741.76,968.9,772.86
2023-02-19,Wireless Mouse,Electronics,North,Divya Nair,1,29.8,29.8,11.52,18.28
2023-02-20,Wireless Mouse,Electronics,South,Sneha Joshi,18,31.29,563.22,226.4,336.82
2023-02-21,Laptop Air 13,Electronics,South,Arjun Mehta,3,791.15,2373.45,1631.06,742.39
2023-02-21,Desk Lamp LED,Furniture,Central,Karthik Iyer,36,40.16,1445.76,557.88,887.88
2023-02-21,Desk Organizer,Office Supplies,South,Divya Nair,29,34.71,1006.59,402.34,604.25
2023-02-22,Pen Set Premium,Office Supplies,Central,Divya Nair,38,26.85,1020.3,311.17,709.13
2023-02-22,Bookshelf Oak,Furniture,Central,Ananya Reddy,17,191.61,3257.37,1601.43,1655.94
2023-02-22,Webcam HD,Electronics,West,Karthik Iyer,18,73.45,1322.1,540.31,781.79
2023-02-22,Cable Organizer,Accessories,South,Sneha Joshi,7,9.91,69.37,21.87,47.5
2023-02-22,Wireless Mouse,Electronics,West,Amit Kumar,3,32.72,98.16,35.65,62.51
2023-02-22,Webcam HD,Electronics,East,Amit Kumar,1,64.0,64.0,31.06,32.94
2023-02-22,Bookshelf Oak,Furniture,North,Amit Kumar,7,165.89,1161.23,680.23,481.0
2023-02-23,Office Chair Ergonomic,Furniture,Central,Priya Sharma,8,313.49,2507.92,1255.87,1252.05
2023-02-23,Printer Paper Ream,Office Supplies,Central,Amit Kumar,14,9.23,129.22,50.09,79.13
2023-02-23,Filing Cabinet,Furniture,East,Karthik Iyer,3,134.88,404.64,217.01,187.63
2023-02-23,Stapler Heavy Duty,Office Supplies,North,Karthik Iyer,7,18.42,128.94,49.08,79.86
2023-02-23,Desk Organizer,Office Supplies,North,Arjun Mehta,32,31.77,1016.64,469.58,547.06
2023-02-24,USB-C Hub,Electronics,East,Neha Patel,43,46.13,1983.59,943.97,1039.62
2023-02-24,Whiteboard Markers,Office Supplies,South,Amit Kumar,39,13.9,542.1,202.7,339.4
2023-02-24,Mechanical Keyboard,Electronics,North,Sneha Joshi,3,81.25,243.75,120.78,122.97
2023-02-24,Printer Paper Ream,Office Supplies,South,Karthik Iyer,4,9.48,37.92,13.5,24.42
2023-02-24,Laptop Bag,Accessories,East,Priya Sharma,8,59.63,477.04,192.17,284.87
2023-02-24,Monitor 27 inch,Electronics,West,Divya Nair,1,369.55,369.55,202.21,167.34
2023-02-25,Filing Cabinet,Furniture,South,Rohan Gupta,14,128.47,1798.58,980.58,818.0
2023-02-25,Desk Organizer,Office Supplies,West,Arjun Mehta,7,33.76,236.32,97.81,138.51
2023-02-25,Headphones Wireless,Electronics,Central,Karthik Iyer,3,156.03,468.09,224.93,243.16
2023-02-26,Bookshelf Oak,Furniture,West,Amit Kumar,16,189.53,3032.48,1495.61,1536.87
2023-02-26,Office Chair Ergonomic,Furniture,Central,Sneha Joshi,2,318.4,636.8,323.42,313.38
2023-02-26,Laptop Air 13,Electronics,East,Divya Nair,4,782.84,3131.36,2090.72,1040.64
2023-02-27,Notebook A4 Pack,Office Supplies,Central,Vikram Singh,22,14.25,313.5,89.59,223.91
2023-02-27,Office Chair Ergonomic,Furniture,East,Vikram Singh,9,280.17,2521.53,1395.59,1125.94
2023-02-27,Bookshelf Oak,Furniture,South,Amit Kumar,18,176.42,3175.56,1695.9,1479.66
2023-02-27,Laptop Bag,Accessories,East,Vikram Singh,11,60.2,662.2,270.49,391.71
2023-02-28,Whiteboard Markers,Office Supplies,West,Ananya Reddy,38,13.78,523.64,194.22,329.42
2023-02-28,Laptop Air 13,Electronics,Central,Ananya Reddy,6,717.15,4302.9,3252.56,1050.34
2023-02-28,Filing Cabinet,Furniture,West,Priya Sharma,12,121.85,1462.2,821.83,640.37
2023-03-01,Headphones Wireless,Electronics,South,Karthik Iyer,16,146.45,2343.2,1159.49,1183.71
2023-03-01,Desk Lamp LED,Furniture,North,Sneha Joshi,9,37.38,336.42,130.36,206.06
2023-03-01,Bookshelf Oak,Furniture,Central,Amit Kumar,15,188.74,2831.1,1392.08,1439.02
2023-03-01,Pen Set Premium,Office Supplies,East,Neha Patel,29,27.37,793.73,235.42,558.31
2023-03-01,Desk Lamp LED,Furniture,East,Karthik Iyer,33,41.66,1374.78,489.49,885.29
2023-03-02,Office Chair Ergonomic,Furniture,West,Divya Nair,15,306.84,4602.6,2390.41,2212.19
2023-03-02,Mechanical Keyboard,Electronics,South,Priya Sharma,5,88.16,440.8,203.63,237.17
2023-03-02,Wireless Mouse,Electronics,West,Vikram Singh,29,29.53,856.37,335.69,520.68
2023-03-03,Tablet 10 inch,Electronics,South,Neha Patel,2,537.5,1075.0,607.26,467.74
2023-03-03,Mechanical Keyboard,Electronics,East,Divya Nair,8,87.58,700.64,342.94,357.7
2023-03-03,Standing Desk,Furniture,East,Rohan Gupta,5,440.93,2204.65,1205.09,999.56
2023-03-03,Stapler Heavy Duty,Office Supplies,South,Karthik Iyer,4,19.88,79.52,27.06,52.46
2023-03-03,Laptop Air 13,Electronics,South,Neha Patel,4,721.52,2886.08,2234.55,651.53
2023-03-04,Cable Organizer,Accessories,East,Neha Patel,36,9.51,342.36,106.0,236.36
2023-03-04,Power Bank 20000mAh,Accessories,West,Karthik Iyer,38,37.76,1434.88,603.2,831.68
2023-03-04,USB-C Hub,Electronics,West,Amit Kumar,18,46.02,828.36,402.3,426.06
2023-03-04,Headphones Wireless,Electronics,Central,Vikram Singh,9,169.94,1529.46,679.45,850.01
2023-03-04,Headphones Wireless,Electronics,West,Karthik Iyer,11,158.65,1745.15,826.69,918.46
2023-03-05,Office Chair Ergonomic,Furniture,Central,Ananya Reddy,5,296.53,1482.65,781.23,701.42
2023-03-06,Pen Set Premium,Office Supplies,East,Ananya Reddy,43,26.52,1140.36,352.89,787.47
2023-03-06,Power Bank 20000mAh,Accessories,East,Ananya Reddy,43,39.31,1690.33,664.43,1025.9
2023-03-06,Stapler Heavy Duty,Office Supplies,North,Ananya Reddy,11,19.55,215.05,75.81,139.24
2023-03-06,Notebook A4 Pack,Office Supplies,West,Divya Nair,15,12.2,183.0,59.96,123.04
2023-03-06,Printer Paper Ream,Office Supplies,East,Amit Kumar,10,9.79,97.9,33.7,64.2
2023-03-07,Headphones Wireless,Electronics,West,Priya Sharma,16,147.39,2358.24,1215.55,1142.69
2023-03-07,Notebook A4 Pack,Office Supplies,East,Priya Sharma,22,12.45,273.9,84.55,189.35
2023-03-08,Screen Protector,Accessories,East,Neha Patel,18,15.01,270.18,52.66,217.52
2023-03-08,Filing Cabinet,Furniture,Central,Karthik Iyer,9,118.62,1067.58,639.82,427.76
2023-03-08,Whiteboard Markers,Office Supplies,East,Rohan Gupta,3,13.84,41.52,14.71,26.81
2023-03-08,Webcam HD,Electronics,North,Vikram Singh,3,65.6,196.8,93.34,103.46
2023-03-09,Cable Organizer,Accessories,South,Rohan Gupta,20,9.65,193.0,57.05,135.95
2023-03-10,Notebook A4 Pack,Office Supplies,Central,Arjun Mehta,16,12.71,203.36,66.06,137.3
2023-03-10,Filing Cabinet,Furniture,Central,Neha Patel,8,132.7,1061.6,536.75,524.85
2023-03-11,Power Bank 20000mAh,Accessories,South,Vikram Singh,35,36.42,1274.7,564.72,709.98
2023-03-12,Laptop Air 13,Electronics,Central,Rohan Gupta,5,809.09,4045.45,2710.71,1334.74
2023-03-12,Laptop Air 13,Electronics,East,Karthik Iyer,4,690.26,2761.04,2243.94,517.1
2023-03-13,Cable Organizer,Accessories,North,Divya Nair,12,9.66,115.92,34.63,81.29
2023-03-13,Power Bank 20000mAh,Accessories,East,Sneha Joshi,18,40.18,723.24,298.98,424.26
2023-03-13,Office Chair Ergonomic,Furniture,South,Divya Nair,14,290.27,4063.78,2262.35,1801.43
2023-03-13,Stapler Heavy Duty,Office Supplies,North,Sneha Joshi,34,19.44,660.96,239.32,421.64
2023-03-13,Pen Set Premium,Office Supplies,East,Rohan Gupta,1,26.83,26.83,8.3,18.53
2023-03-14,Laptop Bag,Accessories,North,Ananya Reddy,2,65.77,131.54,50.15,81.39
2023-03-14,Monitor 27 inch,Electronics,Central,Priya Sharma,4,324.88,1299.52,849.61,449.91
2023-03-14,Wireless Mouse,Electronics,Central,Divya Nair,33,27.57,909.81,381.05,528.76
2023-03-15,Laptop Pro 15,Electronics,West,Priya Sharma,4,910.38,3641.52,2524.22,1117.3
2023-03-15,Headphones Wireless,Electronics,East,Ananya Reddy,8,145.73,1165.84,607.57,558.27
2023-03-15,Laptop Air 13,Electronics,East,Divya Nair,2,739.71,1479.42,1062.43,416.99
2023-03-15,Office Chair Ergonomic,Furniture,West,Sneha Joshi,8,317.67,2541.36,1218.36,1323.0
2023-03-15,Screen Protector,Accessories,West,Priya Sharma,5,14.73,73.65,14.82,58.83
2023-03-16,Pen Set Premium,Office Supplies,West,Amit Kumar,7,23.68,165.76,55.59,110.17
2023-03-16,Filing Cabinet,Furniture,South,Rohan Gupta,8,139.71,1117.68,572.98,544.7
2023-03-17,Pen Set Premium,Office Supplies,North,Amit Kumar,22,23.8,523.6,172.79,350.81
2023-03-17,Tablet 10 inch,Electronics,Central,Sneha Joshi,3,460.67,1382.01,906.11,475.9
2023-03-18,Desk Lamp LED,Furniture,South,Karthik Iyer,12,39.26,471.12,173.63,297.49
2023-03-18,Wireless Mouse,Electronics,South,Karthik Iyer,34,32.35,1099.9,397.04,702.86
2023-03-18,Stapler Heavy Duty,Office Supplies,West,Sneha Joshi,15,21.82,327.3,102.62,224.68
2023-03-19,USB-C Hub,Electronics,North,Rohan Gupta,17,54.63,928.71,387.37,541.34
2023-03-19,Wireless Mouse,Electronics,Central,Karthik Iyer,42,32.64,1370.88,504.43,866.45
2023-03-19,Wireless Mouse,Electronics,West,Neha Patel,31,32.31,1001.61,354.86,646.75
2023-03-19,Pen Set Premium,Office Supplies,West,Rohan Gupta,36,24.06,866.16,278.04,588.12
2023-03-19,Wireless Mouse,Electronics,South,Neha Patel,28,30.81,862.68,342.24,520.44
2023-03-20,Screen Protector,Accessories,North,Amit Kumar,15,14.82,222.3,42.96,179.34
2023-03-20,Wireless Mouse,Electronics,Central,Vikram Singh,10,27.98,279.8,124.5,155.3
2023-03-20,Tablet 10 inch,Electronics,West,Priya Sharma,1,518.37,518.37,312.9,205.47
2023-03-20,Screen Protector,Accessories,South,Vikram Singh,11,16.25,178.75,33.03,145.72
2023-03-20,Mechanical Keyboard,Electronics,West,Ananya Reddy,5,98.61,493.05,210.63,282.42
2023-03-20,USB-C Hub,Electronics,West,Rohan Gupta,24,46.71,1121.04,550.51,570.53
2023-03-20,Whiteboard Markers,Office Supplies,East,Karthik Iyer,39,15.23,593.97,196.57,397.4
2023-03-21,Stapler Heavy Duty,Office Supplies,West,Amit Kumar,8,21.97,175.76,53.63,122.13
2023-03-21,Cable Organizer,Accessories,East,Arjun Mehta,9,10.74,96.66,28.2,68.46
2023-03-21,Screen Protector,Accessories,South,Divya Nair,14,16.33,228.62,42.96,185.66
2023-03-21,Mechanical Keyboard,Electronics,East,Sneha Joshi,9,97.5,877.5,380.58,496.92
2023-03-21,Screen Protector,Accessories,East,Amit Kumar,42,14.69,616.98,122.79,494.19
2023-03-21,USB-C Hub,Electronics,South,Priya Sharma,27,51.5,1390.5,592.14,798.36
2023-03-22,Power Bank 20000mAh,Accessories,North,Ananya Reddy,33,37.37,1233.21,545.2,688.01
2023-03-22,USB-C Hub,Electronics,Central,Arjun Mehta,10,51.6,516.0,218.97,297.03
2023-03-22,Printer Paper Ream,Office Supplies,Central,Priya Sharma,1,10.27,10.27,3.55,6.72
2023-03-22,Webcam HD,Electronics,East,Arjun Mehta,15,72.07,1081.05,462.01,619.04
2023-03-22,Desk Lamp LED,Furniture,North,Arjun Mehta,15,40.12,601.8,226.69,375.11
2023-03-22,Cable Organizer,Accessories,East,Priya Sharma,2,10.74,21.48,6.14,15.34
2023-03-22,Wireless Mouse,Electronics,North,Rohan Gupta,42,32.04,1345.68,489.17,856.51
2023-03-22,Whiteboard Markers,Office Supplies,West,Sneha Joshi,5,13.88,69.4,24.28,45.12
2023-03-23,Headphones Wireless,Electronics,North,Arjun Mehta,7,155.02,1085.14,502.1,583.04
2023-03-23,Headphones Wireless,Electronics,North,Amit Kumar,8,160.11,1280.88,613.23,667.65
2023-03-23,Bookshelf Oak,Furniture,East,Karthik Iyer,5,170.95,854.75,465.06,389.69
2023-03-23,Laptop Bag,Accessories,South,Divya Nair,15,57.46,861.9,378.04,483.86
2023-03-23,Wireless Mouse,Electronics,Central,Divya Nair,24,31.4,753.6,292.11,461.49
2023-03-23,Desk Lamp LED,Furniture,North,Sneha Joshi,15,36.45,546.75,223.71,323.04
2023-03-24,Filing Cabinet,Furniture,North,Arjun Mehta,5,117.3,586.5,353.06,233.44
2023-03-24,Laptop Bag,Accessories,East,Rohan Gupta,4,64.44,257.76,102.29,155.47
2023-03-25,Bookshelf Oak,Furniture,North,Rohan Gupta,8,176.74,1413.92,765.51,648.41
2023-03-25,Cable Organizer,Accessories,West,Neha Patel,35,10.95,383.25,103.09,280.16
2023-03-25,Printer Paper Ream,Office Supplies,South,Ananya Reddy,36,9.79,352.44,132.13,220.31
2023-03-25,Stapler Heavy Duty,Office Supplies,South,Vikram Singh,23,20.99,482.77,156.3,326.47
2023-03-25,Laptop Bag,Accessories,East,Rohan Gupta,5,65.23,326.15,129.37,196.78
2023-03-26,Pen Set Premium,Office Supplies,West,Karthik Iyer,2,26.18,52.36,16.39,35.97
2023-03-27,Wireless Mouse,Electronics,South,Rohan Gupta,19,29.88,567.72,238.33,329.39
2023-03-27,Laptop Bag,Accessories,South,Rohan Gupta,8,55.81,446.48,206.28,240.2
2023-03-27,Monitor 27 inch,Electronics,West,Neha Patel,5,358.13,1790.65,1097.72,692.93
2023-03-27,Cable Organizer,Accessories,West,Vikram Singh,28,10.31,288.68,84.07,204.61
2023-03-28,Standing Desk,Furniture,North,Arjun Mehta,2,465.39,930.78,496.76,434.02
2023-03-28,Stapler Heavy Duty,Office Supplies,South,Arjun Mehta,41,20.95,858.95,300.63,558.32
2023-03-28,Stapler Heavy Duty,Office Supplies,Central,Priya Sharma,18,20.68,372.24,120.33,251.91
2023-03-28,Phone Stand,Accessories,West,Karthik Iyer,30,18.34,550.2,184.87,365.33
2023-03-28,Wireless Mouse,Electronics,North,Arjun Mehta,24,31.07,745.68,300.87,444.81
2023-03-28,Bookshelf Oak,Furniture,Central,Sneha Joshi,2,179.73,359.46,189.87,169.59
2023-03-28,Webcam HD,Electronics,Central,Sneha Joshi,12,70.56,846.72,360.69,486.03
2023-03-28,Laptop Bag,Accessories,South,Divya Nair,9,60.66,545.94,234.1,311.84
2023-03-29,Phone Stand,Accessories,Central,Priya Sharma,34,18.55,630.7,209.01,421.69
2023-03-29,Mechanical Keyboard,Electronics,West,Karthik Iyer,10,87.93,879.3,422.44,456.86
2023-03-30,Bookshelf Oak,Furniture,South,Priya Sharma,9,184.79,1663.11,857.62,805.49
2023-03-30,Phone Stand,Accessories,East,Divya Nair,43,21.56,927.08,269.86,657.22
2023-03-30,Laptop Pro 15,Electronics,Central,Amit Kumar,5,909.99,4549.95,3371.85,1178.1
2023-03-31,Pen Set Premium,Office Supplies,West,Sneha Joshi,20,25.71,514.2,154.4,359.8
2023-03-31,Laptop Bag,Accessories,North,Ananya Reddy,16,61.73,987.68,403.2,584.48
2023-03-31,Phone Stand,Accessories,West,Ananya Reddy,39,21.62,843.18,236.24,606.94
2023-04-01,Webcam HD,Electronics,West,Ananya Reddy,5,74.48,372.4,155.57,216.83
2023-04-01,USB-C Hub,Electronics,South,Neha Patel,21,46.24,971.04,444.92,526.12
2023-04-01,Whiteboard Markers,Office Supplies,West,Divya Nair,20,16.39,327.8,96.49,231.31
2023-04-01,Notebook A4 Pack,Office Supplies,North,Arjun Mehta,29,14.2,411.8,121.01,290.79
2023-04-01,Pen Set Premium,Office Supplies,North,Neha Patel,37,25.32,936.84,300.96,635.88
2023-04-01,Printer Paper Ream,Office Supplies,Central,Vikram Singh,30,9.57,287.1,103.14,183.96
2023-04-02,Laptop Pro 15,Electronics,South,Karthik Iyer,3,860.14,2580.42,1866.04,714.38
2023-04-02,Whiteboard Markers,Office Supplies,West,Ananya Reddy,24,14.95,358.8,119.79,239.01
2023-04-02,Headphones Wireless,Electronics,East,Amit Kumar,8,164.91,1319.28,582.02,737.26
2023-04-02,Desk Lamp LED,Furniture,South,Karthik Iyer,28,40.5,1134.0,439.35,694.65
2023-04-02,Desk Organizer,Office Supplies,Central,Ananya Reddy,4,37.68,150.72,54.86,95.86
2023-04-02,Phone Stand,Accessories,Central,Arjun Mehta,3,19.08,57.24,18.06,39.18
2023-04-02,Printer Paper Ream,Office Supplies,East,Neha Patel,1,9.36,9.36,3.64,5.72
2023-04-02,Headphones Wireless,Electronics,East,Arjun Mehta,16,154.77,2476.32,1239.41,1236.91
2023-04-02,Webcam HD,Electronics,East,Divya Nair,9,76.78,691.02,263.87,427.15
2023-04-03,Office Chair Ergonomic,Furniture,South,Sneha Joshi,16,279.19,4467.04,2457.24,2009.8
2023-04-03,Laptop Pro 15,Electronics,South,Neha Patel,4,857.11,3428.44,2500.26,928.18
2023-04-03,Monitor 27 inch,Electronics,North,Arjun Mehta,4,362.8,1451.2,841.82,609.38
2023-04-03,Stapler Heavy Duty,Office Supplies,East,Amit Kumar,24,20.9,501.6,172.2,329.4
2023-04-04,Laptop Pro 15,Electronics,North,Amit Kumar,4,918.06,3672.24,2705.91,966.33
2023-04-04,Standing Desk,Furniture,Central,Karthik Iyer,3,459.66,1378.98,746.56,632.42
2023-04-05,Laptop Pro 15,Electronics,North,Vikram Singh,3,864.02,2592.06,1977.41,614.65
2023-04-05,Laptop Air 13,Electronics,East,Karthik Iyer,5,742.32,3711.6,2566.39,1145.21
2023-04-05,Headphones Wireless,Electronics,Central,Divya Nair,11,161.53,1776.83,818.24,958.59
2023-04-05,Screen Protector,Accessories,South,Priya Sharma,6,14.02,84.12,17.37,66.75
2023-04-05,Laptop Bag,Accessories,Central,Priya Sharma,2,58.71,117.42,51.41,66.01
2023-04-05,Whiteboard Markers,Office Supplies,North,Karthik Iyer,32,15.33,490.56,161.16,329.4
2023-04-05,Monitor 27 inch,Electronics,West,Arjun Mehta,3,343.77,1031.31,614.59,416.72
2023-04-06,Mechanical Keyboard,Electronics,West,Priya Sharma,11,95.97,1055.67,461.92,593.75
2023-04-06,Screen Protector,Accessories,North,Vikram Singh,34,15.67,532.78,99.95,432.83
2023-04-06,Printer Paper Ream,Office Supplies,North,Neha Patel,38,9.3,353.4,139.55,213.85
2023-04-06,Desk Lamp LED,Furniture,North,Sneha Joshi,37,38.58,1427.46,549.38,878.08
2023-04-06,Wireless Mouse,Electronics,North,Vikram Singh,41,29.89,1225.49,473.24,752.25
2023-04-06,Bookshelf Oak,Furniture,West,Divya Nair,7,177.89,1245.23,686.29,558.94
2023-04-07,Filing Cabinet,Furniture,Central,Rohan Gupta,15,119.04,1785.6,1018.11,767.49
2023-04-08,Wireless Mouse,Electronics,East,Rohan Gupta,6,29.11,174.66,74.42,100.24
2023-04-08,Filing Cabinet,Furniture,North,Neha Patel,5,124.38,621.9,364.4,257.5
2023-04-08,Power Bank 20000mAh,Accessories,North,Ananya Reddy,17,40.44,687.48,272.03,415.45
2023-04-08,Screen Protector,Accessories,Central,Arjun Mehta,12,14.06,168.72,36.72,132.0
2023-04-08,Notebook A4 Pack,Office Supplies,Central,Amit Kumar,38,13.79,524.02,148.73,375.29
2023-04-08,Laptop Pro 15,Electronics,West,Rohan Gupta,1,888.77,888.77,654.43,234.34
2023-04-08,Notebook A4 Pack,Office Supplies,North,Karthik Iyer,20,11.75,235.0,78.25,156.75
2023-04-08,Office Chair Ergonomic,Furniture,East,Arjun Mehta,7,307.84,2154.88,1070.33,1084.55
2023-04-09,Standing Desk,Furniture,Central,Arjun Mehta,2,472.69,945.38,508.37,437.01
2023-04-09,Bookshelf Oak,Furniture,East,Ananya Reddy,14,187.83,2629.62,1382.86,1246.76
2023-04-10,Pen Set Premium,Office Supplies,West,Vikram Singh,24,25.77,618.48,186.74,431.74
2023-04-10,Pen Set Premium,Office Supplies,West,Priya Sharma,35,24.24,848.4,266.97,581.43
2023-04-11,Wireless Mouse,Electronics,West,Rohan Gupta,25,29.46,736.5,289.67,446.83
2023-04-11,Power Bank 20000mAh,Accessories,West,Vikram Singh,41,38.51,1578.91,664.85,914.06
2023-04-12,Standing Desk,Furniture,West,Karthik Iyer,4,461.71,1846.84,993.3,853.54
2023-04-12,Laptop Pro 15,Electronics,North,Arjun Mehta,2,906.14,1812.28,1346.84,465.44
2023-04-12,Bookshelf Oak,Furniture,East,Priya Sharma,16,187.98,3007.68,1541.2,1466.48
2023-04-12,Power Bank 20000mAh,Accessories,East,Amit Kumar,16,39.71,635.36,257.9,377.46
2023-04-12,Monitor 27 inch,Electronics,West,Divya Nair,3,357.1,1071.3,630.42,440.88
2023-04-12,Monitor 27 inch,Electronics,West,Rohan Gupta,5,357.41,1787.05,1072.94,714.11
2023-04-12,Tablet 10 inch,Electronics,Central,Rohan Gupta,5,483.67,2418.35,1564.95,853.4
2023-04-12,Bookshelf Oak,Furniture,South,Priya Sharma,4,187.87,751.48,380.57,370.91
2023-04-13,Desk Organizer,Office Supplies,East,Arjun Mehta,11,32.62,358.82,154.91,203.91
2023-04-13,Wireless Mouse,Electronics,South,Sneha Joshi,43,32.63,1403.09,534.86,868.23
2023-04-14,Wireless Mouse,Electronics,West,Neha Patel,18,31.2,561.6,208.85,352.75
2023-04-14,Desk Lamp LED,Furniture,North,Rohan Gupta,29,42.15,1222.35,450.02,772.33
2023-04-14,Laptop Pro 15,Electronics,North,Divya Nair,5,838.49,4192.45,3328.59,863.86
2023-04-14,Screen Protector,Accessories,South,Sneha Joshi,22,13.95,306.9,66.46,240.44
2023-04-15,Laptop Air 13,Electronics,East,Karthik Iyer,3,684.92,2054.76,1686.93,367.83
2023-04-15,Pen Set Premium,Office Supplies,East,Vikram Singh,36,22.82,821.52,298.71,522.81
2023-04-15,Headphones Wireless,Electronics,East,Arjun Mehta,7,166.27,1163.89,547.82,616.07
2023-04-15,Bookshelf Oak,Furniture,South,Rohan Gupta,1,163.28,163.28,99.0,64.28
2023-04-15,USB-C Hub,Electronics,West,Sneha Joshi,5,47.67,238.35,111.8,126.55
2023-04-16,Wireless Mouse,Electronics,West,Amit Kumar,34,32.16,1093.44,396.43,697.01
2023-04-16,Laptop Bag,Accessories,Central,Karthik Iyer,12,61.17,734.04,305.74,428.3
2023-04-16,Bookshelf Oak,Furniture,Central,Amit Kumar,15,167.2,2508.0,1442.69,1065.31
2023-04-16,Headphones Wireless,Electronics,East,Neha Patel,16,144.68,2314.88,1189.41,1125.47
2023-04-16,Standing Desk,Furniture,East,Karthik Iyer,1,475.86,475.86,257.86,218.0
2023-04-16,Printer Paper Ream,Office Supplies,West,Karthik Iyer,39,10.53,410.67,139.05,271.62
2023-04-16,Headphones Wireless,Electronics,North,Neha Patel,6,175.13,1050.78,447.01,603.77
2023-04-17,Laptop Bag,Accessories,Central,Divya Nair,16,56.65,906.4,382.37,524.03
2023-04-17,Pen Set Premium,Office Supplies,South,Karthik Iyer,24,26.16,627.84,182.59,445.25
2023-04-18,Tablet 10 inch,Electronics,South,Neha Patel,1,485.92,485.92,315.83,170.09
2023-04-18,Notebook A4 Pack,Office Supplies,Central,Sneha Joshi,2,13.47,26.94,8.05,18.89
2023-04-18,Bookshelf Oak,Furniture,Central,Neha Patel,8,171.52,1372.16,789.76,582.4
2023-04-18,Power Bank 20000mAh,Accessories,Central,Amit Kumar,18,42.52,765.36,278.51,486.85
2023-04-18,Printer Paper Ream,Office Supplies,Central,Priya Sharma,39,9.21,359.19,130.12,229.07
2023-04-18,Bookshelf Oak,Furniture,East,Priya Sharma,6,181.57,1089.42,595.27,494.15
2023-04-18,Tablet 10 inch,Electronics,North,Karthik Iyer,3,529.6,1588.8,936.43,652.37
2023-04-18,Monitor 27 inch,Electronics,Central,Vikram Singh,3,343.66,1030.98,599.6,431.38
2023-04-18,Webcam HD,Electronics,East,Vikram Singh,3,70.45,211.35,88.69,122.66
2023-04-18,Headphones Wireless,Electronics,North,Priya Sharma,7,165.93,1161.51,537.53,623.98
2023-04-19,Notebook A4 Pack,Office Supplies,Central,Priya Sharma,22,12.95,284.9,88.85,196.05
2023-04-19,Laptop Pro 15,Electronics,North,Rohan Gupta,5,849.57,4247.85,3309.45,938.4
2023-04-19,Power Bank 20000mAh,Accessories,Central,Rohan Gupta,17,41.38,703.46,274.65,428.81
2023-04-20,Webcam HD,Electronics,South,Vikram Singh,9,70.22,631.98,276.18,355.8
2023-04-20,Mechanical Keyboard,Electronics,North,Sneha Joshi,16,93.22,1491.52,660.15,831.37
2023-04-20,Cable Organizer,Accessories,South,Priya Sharma,12,10.45,125.4,35.58,89.82
2023-04-20,Desk Lamp LED,Furniture,West,Sneha Joshi,28,40.77,1141.56,421.82,719.74
2023-04-20,Webcam HD,Electronics,East,Amit Kumar,5,67.47,337.35,150.46,186.89
2023-04-20,Screen Protector,Accessories,North,Rohan Gupta,25,13.76,344.0,74.0,270.0
2023-04-20,Desk Organizer,Office Supplies,South,Priya Sharma,35,32.73,1145.55,498.9,646.65
2023-04-20,Desk Organizer,Office Supplies,South,Ananya Reddy,1,34.91,34.91,13.41,21.5
2023-04-20,Mechanical Keyboard,Electronics,South,Neha Patel,5,92.75,463.75,205.06,258.69
2023-04-21,Wireless Mouse,Electronics,Central,Arjun Mehta,16,29.47,471.52,196.85,274.67
2023-04-22,Wireless Mouse,Electronics,South,Arjun Mehta,34,28.29,961.86,404.75,557.11
2023-04-22,Laptop Pro 15,Electronics,Central,Priya Sharma,3,852.54,2557.62,1936.06,621.56
2023-04-22,USB-C Hub,Electronics,South,Amit Kumar,22,48.22,1060.84,496.39,564.45
2023-04-22,Whiteboard Markers,Office Supplies,East,Rohan Gupta,25,15.88,397.0,131.0,266.0
2023-04-22,Laptop Air 13,Electronics,East,Vikram Singh,1,800.32,800.32,564.59,235.73
2023-04-22,Mechanical Keyboard,Electronics,Central,Priya Sharma,11,98.32,1081.52,447.96,633.56
2023-04-22,Screen Protector,Accessories,South,Arjun Mehta,12,15.21,182.52,34.87,147.65
2023-04-23,Bookshelf Oak,Furniture,South,Divya Nair,1,171.97,171.97,99.6,72.37
2023-04-23,Bookshelf Oak,Furniture,South,Amit Kumar,10,187.14,1871.4,968.97,902.43
2023-04-23,Standing Desk,Furniture,Central,Ananya Reddy,4,411.17,1644.68,971.43,673.25
2023-04-24,Webcam HD,Electronics,East,Vikram Singh,14,73.19,1024.66,402.6,622.06
2023-04-24,Laptop Pro 15,Electronics,West,Arjun Mehta,5,820.51,4102.55,3213.45,889.1
2023-04-24,Bookshelf Oak,Furniture,West,Rohan Gupta,9,174.26,1568.34,880.12,688.22
2023-04-24,Laptop Pro 15,Electronics,South,Arjun Mehta,2,869.42,1738.84,1309.57,429.27
2023-04-24,Wireless Mouse,Electronics,East,Ananya Reddy,19,29.26,555.94,233.45,322.49
2023-04-24,USB-C Hub,Electronics,East,Vikram Singh,31,48.83,1513.73,672.52,841.21
2023-04-25,Wireless Mouse,Electronics,Central,Karthik Iyer,17,27.11,460.87,211.02,249.85
2023-04-25,USB-C Hub,Electronics,East,Vikram Singh,23,52.75,1213.25,499.96,713.29
2023-04-26,Laptop Bag,Accessories,East,Priya Sharma,4,55.99,223.96,96.03,127.93
2023-04-26,Notebook A4 Pack,Office Supplies,South,Rohan Gupta,30,14.0,420.0,120.86,299.14
2023-04-26,Bookshelf Oak,Furniture,Central,Ananya Reddy,2,196.48,392.96,183.06,209.9
2023-04-26,Printer Paper Ream,Office Supplies,Central,Amit Kumar,19,9.53,181.07,67.85,113.22
2023-04-26,Wireless Mouse,Electronics,South,Ananya Reddy,21,31.11,653.31,255.52,397.79
2023-04-26,Webcam HD,Electronics,South,Amit Kumar,9,70.08,630.72,269.22,361.5
2023-04-27,Desk Organizer,Office Supplies,East,Divya Nair,31,37.5,1162.5,439.08,723.42
2023-04-27,Filing Cabinet,Furniture,East,Ananya Reddy,9,138.39,1245.51,636.97,608.54
2023-04-27,Pen Set Premium,Office Supplies,West,Amit Kumar,38,27.03,1027.14,305.45,721.69
2023-04-27,Wireless Mouse,Electronics,North,Karthik Iyer,41,30.55,1252.55,500.58,751.97
2023-04-27,Desk Organizer,Office Supplies,North,Amit Kumar,2,33.19,66.38,27.77,38.61
2023-04-28,Filing Cabinet,Furniture,Central,Sneha Joshi,3,142.43,427.29,219.6,207.69
2023-04-29,Phone Stand,Accessories,West,Ananya Reddy,1,18.66,18.66,5.87,12.79
2023-04-29,Stapler Heavy Duty,Office Supplies,South,Amit Kumar,3,19.36,58.08,20.13,37.95
2023-04-29,Desk Organizer,Office Supplies,Central,Sneha Joshi,36,32.68,1176.48,511.81,664.67
2023-04-30,Laptop Pro 15,Electronics,South,Sneha Joshi,3,974.72,2924.16,1861.71,1062.45
2023-04-30,Notebook A4 Pack,Office Supplies,West,Vikram Singh,5,13.18,65.9,19.39,46.51
2023-04-30,Tablet 10 inch,Electronics,South,Neha Patel,5,536.74,2683.7,1573.51,1110.19
2023-04-30,Tablet 10 inch,Electronics,Central,Amit Kumar,1,491.52,491.52,305.49,186.03
2023-05-01,Power Bank 20000mAh,Accessories,West,Neha Patel,27,43.12,1164.24,413.58,750.66
2023-05-01,Cable Organizer,Accessories,North,Priya Sharma,1,10.44,10.44,3.07,7.37
2023-05-01,Phone Stand,Accessories,North,Vikram Singh,25,18.53,463.25,151.62,311.63
2023-05-01,Stapler Heavy Duty,Office Supplies,Central,Rohan Gupta,43,20.32,873.76,304.36,569.4
2023-05-02,Filing Cabinet,Furniture,West,Rohan Gupta,4,130.64,522.56,270.9,251.66
2023-05-02,Laptop Bag,Accessories,West,Divya Nair,5,58.13,290.65,131.1,159.55
2023-05-02,Mechanical Keyboard,Electronics,South,Rohan Gupta,3,89.47,268.41,129.37,139.04
2023-05-02,Screen Protector,Accessories,North,Vikram Singh,21,15.45,324.45,65.85,258.6
2023-05-03,Filing Cabinet,Furniture,East,Vikram Singh,11,140.01,1540.11,738.33,801.78
2023-05-03,Headphones Wireless,Electronics,North,Vikram Singh,2,175.52,351.04,152.39,198.65
2023-05-03,Screen Protector,Accessories,Central,Neha Patel,28,15.09,422.52,85.21,337.31
2023-05-04,USB-C Hub,Electronics,West,Priya Sharma,39,54.47,2124.33,855.0,1269.33
2023-05-04,Laptop Air 13,Electronics,South,Priya Sharma,4,692.39,2769.56,2184.26,585.3
2023-05-04,Filing Cabinet,Furniture,North,Vikram Singh,9,132.51,1192.59,609.36,583.23
2023-05-04,Laptop Bag,Accessories,West,Vikram Singh,1,58.33,58.33,24.45,33.88
2023-05-04,Power Bank 20000mAh,Accessories,West,Amit Kumar,27,43.51,1174.77,423.73,751.04
2023-05-05,Stapler Heavy Duty,Office Supplies,East,Karthik Iyer,15,19.59,293.85,108.42,185.43
2023-05-05,Power Bank 20000mAh,Accessories,West,Priya Sharma,15,40.55,608.25,231.06,377.19
2023-05-05,USB-C Hub,Electronics,North,Rohan Gupta,17,45.82,778.94,360.02,418.92
2023-05-05,Laptop Bag,Accessories,North,Neha Patel,11,54.91,604.01,282.28,321.73
2023-05-06,Screen Protector,Accessories,South,Rohan Gupta,38,13.53,514.14,112.95,401.19
2023-05-06,Headphones Wireless,Electronics,South,Ananya Reddy,5,150.13,750.65,368.81,381.84
2023-05-06,Wireless Mouse,Electronics,East,Vikram Singh,8,31.58,252.64,94.44,158.2
2023-05-06,Laptop Air 13,Electronics,East,Divya Nair,3,758.91,2276.73,1553.56,723.17
2023-05-07,Desk Organizer,Office Supplies,North,Arjun Mehta,43,34.87,1499.41,608.99,890.42
2023-05-07,Tablet 10 inch,Electronics,North,Sneha Joshi,1,513.55,513.55,319.44,194.11
2023-05-07,Laptop Air 13,Electronics,West,Arjun Mehta,4,725.28,2901.12,2106.5,794.62
2023-05-07,Screen Protector,Accessories,West,Vikram Singh,39,15.62,609.18,112.12,497.06
2023-05-08,Headphones Wireless,Electronics,West,Vikram Singh,11,165.37,1819.07,826.94,992.13
2023-05-08,Headphones Wireless,Electronics,West,Amit Kumar,6,156.27,937.62,460.79,476.83
2023-05-08,Headphones Wireless,Electronics,West,Sneha Joshi,5,154.29,771.45,383.66,387.79
2023-05-08,Office Chair Ergonomic,Furniture,South,Divya Nair,10,304.23,3042.3,1562.68,1479.62
2023-05-08,Laptop Air 13,Electronics,Central,Divya Nair,5,807.65,4038.25,2630.2,1408.05
2023-05-08,Pen Set Premium,Office Supplies,South,Arjun Mehta,10,24.78,247.8,78.83,168.97
2023-05-08,Printer Paper Ream,Office Supplies,Central,Rohan Gupta,42,10.68,448.56,147.99,300.57
2023-05-08,Bookshelf Oak,Furniture,North,Vikram Singh,12,185.54,2226.48,1109.32,1117.16
2023-05-08,Desk Organizer,Office Supplies,North,Arjun Mehta,18,36.35,654.3,249.76,404.54
2023-05-08,Desk Lamp LED,Furniture,East,Ananya Reddy,43,43.7,1879.1,670.01,1209.09
2023-05-09,Stapler Heavy Duty,Office Supplies,Central,Vikram Singh,16,19.83,317.28,109.24,208.04
2023-05-09,Laptop Air 13,Electronics,West,Rohan Gupta,5,700.05,3500.25,2769.48,730.77
2023-05-09,Headphones Wireless,Electronics,North,Neha Patel,8,150.93,1207.44,594.3,613.14
2023-05-10,Laptop Pro 15,Electronics,West,Arjun Mehta,1,814.72,814.72,668.88,145.84
2023-05-10,Desk Organizer,Office Supplies,North,Amit Kumar,16,38.19,611.04,213.53,397.51
2023-05-10,Webcam HD,Electronics,North,Vikram Singh,7,76.45,535.15,212.82,322.33
2023-05-11,Standing Desk,Furniture,South,Neha Patel,2,480.13,960.26,516.82,443.44
2023-05-11,Power Bank 20000mAh,Accessories,Central,Neha Patel,36,38.69,1392.84,586.96,805.88
2023-05-11,Pen Set Premium,Office Supplies,Central,Neha Patel,6,23.99,143.94,47.82,96.12
2023-05-11,Tablet 10 inch,Electronics,East,Divya Nair,3,496.23,1488.69,925.81,562.88
2023-05-11,Bookshelf Oak,Furniture,South,Karthik Iyer,9,164.17,1477.53,885.95,591.58
2023-05-11,Wireless Mouse,Electronics,West,Divya Nair,36,28.97,1042.92,435.39,607.53
2023-05-11,Stapler Heavy Duty,Office Supplies,West,Karthik Iyer,30,20.32,609.6,219.17,390.43
2023-05-11,Cable Organizer,Accessories,North,Divya Nair,7,9.34,65.38,21.03,44.35
2023-05-12,Laptop Air 13,Electronics,Central,Neha Patel,2,682.86,1365.72,1070.64,295.08
2023-05-12,Screen Protector,Accessories,Central,Neha Patel,28,16.23,454.44,84.44,370.0
2023-05-12,Screen Protector,Accessories,West,Vikram Singh,33,15.95,526.35,102.38,423.97
2023-05-12,Laptop Bag,Accessories,South,Priya Sharma,2,65.65,131.3,47.8,83.5
2023-05-12,Stapler Heavy Duty,Office Supplies,North,Arjun Mehta,27,21.44,578.88,184.56,394.32
2023-05-12,Pen Set Premium,Office Supplies,East,Karthik Iyer,8,27.09,216.72,61.25,155.47
2023-05-12,Headphones Wireless,Electronics,East,Ananya Reddy,8,165.36,1322.88,575.25,747.63
2023-05-13,Stapler Heavy Duty,Office Supplies,South,Rohan Gupta,7,19.31,135.17,49.95,85.22
2023-05-13,Pen Set Premium,Office Supplies,North,Sneha Joshi,41,27.04,1108.64,330.29,778.35
2023-05-14,Tablet 10 inch,Electronics,North,Arjun Mehta,2,487.44,974.88,607.39,367.49
2023-05-14,Webcam HD,Electronics,South,Priya Sharma,2,69.08,138.16,61.29,76.87
2023-05-14,Tablet 10 inch,Electronics,South,Ananya Reddy,2,509.79,1019.58,625.79,393.79
2023-05-14,Pen Set Premium,Office Supplies,North,Priya Sharma,23,24.95,573.85,186.59,387.26
2023-05-14,Desk Organizer,Office Supplies,South,Sneha Joshi,12,31.99,383.88,174.24,209.64
2023-05-15,Laptop Air 13,Electronics,South,Divya Nair,5,699.16,3495.8,2734.98,760.82
2023-05-16,Headphones Wireless,Electronics,Central,Neha Patel,6,161.78,970.68,441.36,529.32
2023-05-16,Power Bank 20000mAh,Accessories,North,Ananya Reddy,18,37.42,673.56,295.0,378.56
2023-05-16,Laptop Pro 15,Electronics,Central,Karthik Iyer,4,977.37,3909.48,2627.21,1282.27
2023-05-16,Headphones Wireless,Electronics,East,Sneha Joshi,6,170.76,1024.56,456.49,568.07
2023-05-17,Laptop Bag,Accessories,West,Rohan Gupta,8,54.87,438.96,191.2,247.76
2023-05-17,Laptop Bag,Accessories,Central,Sneha Joshi,4,63.55,254.2,104.73,149.47
2023-05-17,Printer Paper Ream,Office Supplies,North,Arjun Mehta,3,10.35,31.05,10.4,20.65
2023-05-17,Bookshelf Oak,Furniture,North,Ananya Reddy,6,178.96,1073.76,555.25,518.51
2023-05-17,Office Chair Ergonomic,Furniture,Central,Ananya Reddy,4,288.58,1154.32,613.81,540.51
2023-05-17,Laptop Pro 15,Electronics,West,Divya Nair,5,831.11,4155.55,3202.3,953.25
2023-05-17,Mechanical Keyboard,Electronics,West,Sneha Joshi,11,86.75,954.25,480.67,473.58
2023-05-18,Desk Organizer,Office Supplies,West,Amit Kumar,31,31.78,985.18,447.57,537.61
2023-05-18,Laptop Air 13,Electronics,South,Priya Sharma,4,783.69,3134.76,2076.12,1058.64
2023-05-18,Mechanical Keyboard,Electronics,North,Divya Nair,11,94.55,1040.05,475.84,564.21
2023-05-18,Laptop Air 13,Electronics,East,Karthik Iyer,3,796.0,2388.0,1546.91,841.09
2023-05-19,Phone Stand,Accessories,East,Sneha Joshi,29,21.52,624.08,173.64,450.44
2023-05-19,Power Bank 20000mAh,Accessories,South,Sneha Joshi,22,40.87,899.14,361.27,537.87
2023-05-20,Screen Protector,Accessories,North,Priya Sharma,19,13.95,265.05,58.21,206.84
2023-05-20,Notebook A4 Pack,Office Supplies,South,Divya Nair,30,12.03,360.9,123.74,237.16
2023-05-20,Desk Organizer,Office Supplies,Central,Priya Sharma,39,31.93,1245.27,525.49,719.78
2023-05-21,Desk Lamp LED,Furniture,South,Vikram Singh,21,36.42,764.82,321.49,443.33
2023-05-21,Desk Organizer,Office Supplies,Central,Vikram Singh,7,38.36,268.52,100.79,167.73
2023-05-21,Laptop Air 13,Electronics,East,Ananya Reddy,2,679.97,1359.94,1091.76,268.18
2023-05-21,Notebook A4 Pack,Office Supplies,Central,Priya Sharma,22,13.08,287.76,86.37,201.39
2023-05-21,Filing Cabinet,Furniture,South,Neha Patel,10,134.05,1340.5,718.93,621.57
2023-05-21,Notebook A4 Pack,Office Supplies,Central,Rohan Gupta,16,12.99,207.84,61.37,146.47
2023-05-21,Headphones Wireless,Electronics,South,Divya Nair,12,171.83,2061.96,909.65,1152.31
2023-05-22,Power Bank 20000mAh,Accessories,North,Neha Patel,32,41.87,1339.84,491.21,848.63
2023-05-22,Webcam HD,Electronics,South,Arjun Mehta,3,66.42,199.26,86.11,113.15
2023-05-22,Printer Paper Ream,Office Supplies,North,Arjun Mehta,19,10.46,198.74,63.7,135.04
2023-05-23,Screen Protector,Accessories,West,Sneha Joshi,36,15.06,542.16,104.31,437.85
2023-05-23,Wireless Mouse,Electronics,East,Vikram Singh,12,30.88,370.56,144.99,225.57
2023-05-23,Printer Paper Ream,Office Supplies,East,Karthik Iyer,41,10.01,410.41,139.36,271.05
2023-05-23,Pen Set Premium,Office Supplies,Central,Karthik Iyer,21,27.37,574.77,168.42,406.35
2023-05-23,Office Chair Ergonomic,Furniture,West,Neha Patel,14,284.28,3979.92,2198.72,1781.2
2023-05-24,Standing Desk,Furniture,South,Priya Sharma,4,483.48,1933.92,1035.86,898.06
2023-05-24,Laptop Bag,Accessories,South,Divya Nair,15,58.57,878.55,368.31,510.24
2023-05-24,Filing Cabinet,Furniture,Central,Vikram Singh,15,139.69,2095.35,1072.55,1022.8
2023-05-25,Filing Cabinet,Furniture,West,Divya Nair,11,134.12,1475.32,768.09,707.23
2023-05-25,Webcam HD,Electronics,East,Sneha Joshi,5,65.55,327.75,148.6,179.15
2023-05-25,Mechanical Keyboard,Electronics,West,Divya Nair,8,91.77,734.16,343.53,390.63
2023-05-25,Standing Desk,Furniture,East,Divya Nair,3,443.68,1331.04,784.36,546.68
2023-05-26,Standing Desk,Furniture,North,Rohan Gupta,2,464.96,929.92,496.46,433.46
2023-05-26,Stapler Heavy Duty,Office Supplies,Central,Sneha Joshi,2,19.24,38.48,14.53,23.95
2023-05-26,Desk Lamp LED,Furniture,South,Amit Kumar,6,39.01,234.06,87.79,146.27
2023-05-26,Pen Set Premium,Office Supplies,North,Priya Sharma,17,27.25,463.25,130.32,332.93
2023-05-27,Office Chair Ergonomic,Furniture,East,Rohan Gupta,2,304.22,608.44,322.21,286.23
2023-05-27,Desk Organizer,Office Supplies,North,Rohan Gupta,21,34.87,732.27,287.08,445.19
2023-05-27,Webcam HD,Electronics,Central,Vikram Singh,3,64.89,194.67,86.73,107.94
2023-05-27,Standing Desk,Furniture,East,Ananya Reddy,2,454.85,909.7,501.36,408.34
2023-05-28,Printer Paper Ream,Office Supplies,East,Neha Patel,27,10.7,288.9,90.78,198.12
2023-05-28,Notebook A4 Pack,Office Supplies,North,Priya Sharma,17,12.69,215.73,71.23,144.5
2023-05-28,Notebook A4 Pack,Office Supplies,East,Karthik Iyer,37,14.23,526.51,146.33,380.18
2023-05-28,Bookshelf Oak,Furniture,North,Priya Sharma,7,162.01,1134.07,669.65,464.42
2023-05-29,Stapler Heavy Duty,Office Supplies,West,Neha Patel,9,18.11,162.99,64.5,98.49
2023-05-29,Office Chair Ergonomic,Furniture,West,Divya Nair,10,270.82,2708.2,1650.29,1057.91
2023-05-29,Tablet 10 inch,Electronics,East,Arjun Mehta,2,518.01,1036.02,638.37,397.65
2023-05-30,Desk Organizer,Office Supplies,North,Priya Sharma,37,36.75,1359.75,531.91,827.84
2023-05-30,Whiteboard Markers,Office Supplies,West,Vikram Singh,35,16.06,562.1,168.46,393.64
2023-05-30,Screen Protector,Accessories,East,Divya Nair,14,15.38,215.32,42.71,172.61
2023-05-30,Desk Organizer,Office Supplies,Central,Karthik Iyer,4,31.53,126.12,58.26,67.86
2023-05-30,Desk Lamp LED,Furniture,Central,Amit Kumar,14,40.37,565.18,219.82,345.36
2023-05-30,Desk Organizer,Office Supplies,North,Priya Sharma,28,31.56,883.68,383.49,500.19
2023-05-30,Whiteboard Markers,Office Supplies,West,Divya Nair,23,14.02,322.46,110.54,211.92
2023-05-31,Office Chair Ergonomic,Furniture,West,Divya Nair,10,281.72,2817.2,1537.12,1280.08
2023-05-31,Wireless Mouse,Electronics,West,Arjun Mehta,27,28.74,775.98,339.62,436.36
2023-05-31,Bookshelf Oak,Furniture,South,Priya Sharma,6,176.02,1056.12,585.73,470.39
2023-05-31,Notebook A4 Pack,Office Supplies,Central,Sneha Joshi,7,12.35,86.45,29.34,57.11
2023-05-31,Monitor 27 inch,Electronics,East,Divya Nair,3,370.79,1112.37,609.44,502.93
2023-06-01,Laptop Pro 15,Electronics,West,Sneha Joshi,1,821.04,821.04,675.28,145.76
2023-06-01,Laptop Air 13,Electronics,North,Rohan Gupta,4,710.38,2841.52,2217.95,623.57
2023-06-02,Wireless Mouse,Electronics,North,Karthik Iyer,6,29.61,177.66,70.3,107.36
2023-06-02,Desk Lamp LED,Furniture,East,Priya Sharma,2,39.61,79.22,30.24,48.98
2023-06-03,Laptop Pro 15,Electronics,West,Sneha Joshi,3,907.82,2723.46,1853.62,869.84
2023-06-03,Laptop Bag,Accessories,North,Karthik Iyer,10,62.59,625.9,249.75,376.15
2023-06-03,Wireless Mouse,Electronics,East,Sneha Joshi,11,30.25,332.75,134.73,198.02
2023-06-03,Monitor 27 inch,Electronics,South,Amit Kumar,3,345.86,1037.58,600.98,436.6
2023-06-04,Whiteboard Markers,Office Supplies,North,Divya Nair,16,13.59,217.44,78.2,139.24
2023-06-04,Filing Cabinet,Furniture,East,Ananya Reddy,3,124.18,372.54,215.96,156.58
2023-06-04,Headphones Wireless,Electronics,West,Divya Nair,11,167.19,1839.09,798.64,1040.45
2023-06-04,Stapler Heavy Duty,Office Supplies,North,Neha Patel,7,20.23,141.61,48.19,93.42
2023-06-04,Laptop Pro 15,Electronics,South,Sneha Joshi,3,893.82,2681.46,1961.23,720.23
2023-06-05,Filing Cabinet,Furniture,West,Sneha Joshi,6,117.0,702.0,400.46,301.54
2023-06-05,Stapler Heavy Duty,Office Supplies,West,Vikram Singh,6,21.26,127.56,44.06,83.5
2023-06-05,Webcam HD,Electronics,Central,Sneha Joshi,1,65.02,65.02,29.55,35.47
2023-06-05,Pen Set Premium,Office Supplies,North,Priya Sharma,30,27.34,820.2,234.59,585.61
2023-06-05,Pen Set Premium,Office Supplies,Central,Priya Sharma,9,24.4,219.6,71.93,147.67
2023-06-05,Laptop Pro 15,Electronics,West,Vikram Singh,2,855.58,1711.16,1362.11,349.05
2023-06-06,Wireless Mouse,Electronics,East,Rohan Gupta,30,30.29,908.7,369.61,539.09
2023-06-06,Stapler Heavy Duty,Office Supplies,West,Amit Kumar,34,21.27,723.18,238.26,484.92
2023-06-06,Filing Cabinet,Furniture,Central,Amit Kumar,1,135.36,135.36,70.65,64.71
2023-06-07,Laptop Bag,Accessories,North,Sneha Joshi,13,57.44,746.72,326.51,420.21
2023-06-07,Filing Cabinet,Furniture,South,Rohan Gupta,5,140.69,703.45,341.6,361.85
2023-06-07,Laptop Air 13,Electronics,East,Vikram Singh,4,755.41,3021.64,2255.18,766.46
2023-06-07,Desk Organizer,Office Supplies,South,Sneha Joshi,26,33.51,871.26,372.59,498.67
2023-06-07,Stapler Heavy Duty,Office Supplies,South,Neha Patel,32,19.75,632.0,225.1,406.9
2023-06-08,Whiteboard Markers,Office Supplies,Central,Karthik Iyer,31,15.73,487.63,153.67,333.96
2023-06-09,Cable Organizer,Accessories,East,Vikram Singh,35,10.2,357.0,107.6,249.4
2023-06-09,Webcam HD,Electronics,South,Amit Kumar,11,71.51,786.61,327.47,459.14
2023-06-09,Screen Protector,Accessories,South,Vikram Singh,25,16.12,403.0,72.81,330.19
2023-06-09,Office Chair Ergonomic,Furniture,North,Karthik Iyer,7,314.64,2202.48,1100.47,1102.01
2023-06-10,Laptop Bag,Accessories,West,Rohan Gupta,8,57.43,459.44,207.11,252.33
2023-06-11,Notebook A4 Pack,Office Supplies,West,Rohan Gupta,27,12.43,335.61,108.67,226.94
2023-06-11,USB-C Hub,Electronics,East,Amit Kumar,22,54.56,1200.32,492.15,708.17
2023-06-11,Notebook A4 Pack,Office Supplies,West,Rohan Gupta,20,11.83,236.6,80.7,155.9
2023-06-11,Notebook A4 Pack,Office Supplies,North,Vikram Singh,6,12.1,72.6,24.12,48.48
2023-06-11,Office Chair Ergonomic,Furniture,North,Neha Patel,1,302.63,302.63,155.04,147.59
2023-06-12,Laptop Pro 15,Electronics,East,Priya Sharma,1,954.38,954.38,674.67,279.71
2023-06-13,Wireless Mouse,Electronics,West,Neha Patel,13,31.79,413.27,154.63,258.64
2023-06-13,Monitor 27 inch,Electronics,East,Rohan Gupta,3,326.32,978.96,625.37,353.59
2023-06-13,Notebook A4 Pack,Office Supplies,West,Vikram Singh,11,13.69,150.59,43.28,107.31
2023-06-13,Notebook A4 Pack,Office Supplies,Central,Divya Nair,22,13.63,299.86,89.92,209.94
2023-06-13,Printer Paper Ream,Office Supplies,East,Priya Sharma,14,9.55,133.7,47.12,86.58
2023-06-13,Power Bank 20000mAh,Accessories,South,Priya Sharma,16,43.26,692.16,259.6,432.56
2023-06-14,Power Bank 20000mAh,Accessories,North,Rohan Gupta,1,39.08,39.08,15.46,23.62
2023-06-14,Standing Desk,Furniture,Central,Vikram Singh,1,491.73,491.73,249.65,242.08
2023-06-14,Office Chair Ergonomic,Furniture,East,Karthik Iyer,8,276.62,2212.96,1223.67,989.29
2023-06-14,Tablet 10 inch,Electronics,Central,Divya Nair,4,513.04,2052.16,1245.79,806.37
2023-06-14,Stapler Heavy Duty,Office Supplies,East,Karthik Iyer,33,21.87,721.71,219.74,501.97
2023-06-14,Laptop Pro 15,Electronics,Central,Divya Nair,1,883.14,883.14,677.22,205.92
2023-06-14,Office Chair Ergonomic,Furniture,West,Amit Kumar,1,286.21,286.21,152.04,134.17
2023-06-15,Desk Lamp LED,Furniture,South,Rohan Gupta,16,40.41,646.56,232.11,414.45
2023-06-15,Standing Desk,Furniture,North,Ananya Reddy,4,469.64,1878.56,1010.06,868.5
2023-06-15,Notebook A4 Pack,Office Supplies,South,Priya Sharma,29,13.97,405.13,113.23,291.9
2023-06-16,Pen Set Premium,Office Supplies,West,Karthik Iyer,2,25.4,50.8,16.79,34.01
2023-06-16,Monitor 27 inch,Electronics,Central,Arjun Mehta,1,337.37,337.37,217.94,119.43
2023-06-16,Filing Cabinet,Furniture,Central,Amit Kumar,6,129.39,776.34,436.8,339.54
2023-06-16,Office Chair Ergonomic,Furniture,East,Amit Kumar,6,274.98,1649.88,1007.92,641.96
2023-06-16,Notebook A4 Pack,Office Supplies,West,Arjun Mehta,22,13.77,302.94,89.6,213.34
2023-06-16,Cable Organizer,Accessories,West,Amit Kumar,23,10.95,251.85,71.72,180.13
2023-06-16,Pen Set Premium,Office Supplies,East,Divya Nair,30,26.75,802.5,237.12,565.38
2023-06-16,Webcam HD,Electronics,North,Priya Sharma,13,68.44,889.72,394.95,494.77
2023-06-16,Screen Protector,Accessories,Central,Vikram Singh,15,15.1,226.5,46.51,179.99
2023-06-16,Cable Organizer,Accessories,North,Neha Patel,16,10.62,169.92,48.62,121.3
2023-06-17,Desk Organizer,Office Supplies,South,Ananya Reddy,12,32.14,385.68,160.03,225.65
2023-06-17,Monitor 27 inch,Electronics,West,Sneha Joshi,1,324.22,324.22,199.82,124.4
2023-06-17,Notebook A4 Pack,Office Supplies,West,Rohan Gupta,33,11.78,388.74,131.14,257.6
2023-06-18,Notebook A4 Pack,Office Supplies,South,Neha Patel,21,14.25,299.25,85.12,214.13
2023-06-18,Webcam HD,Electronics,North,Neha Patel,1,64.09,64.09,31.0,33.09
2023-06-19,Laptop Pro 15,Electronics,East,Rohan Gupta,2,950.95,1901.9,1287.5,614.4
2023-06-19,Webcam HD,Electronics,East,Arjun Mehta,2,65.85,131.7,61.9,69.8
2023-06-19,Filing Cabinet,Furniture,East,Priya Sharma,12,122.4,1468.8,862.9,605.9
2023-06-19,Laptop Bag,Accessories,Central,Neha Patel,3,56.91,170.73,73.25,97.48
2023-06-19,Laptop Pro 15,Electronics,West,Arjun Mehta,4,859.06,3436.24,2552.7,883.54
2023-06-19,Notebook A4 Pack,Office Supplies,South,Arjun Mehta,28,13.09,366.52,113.66,252.86
2023-06-20,Desk Organizer,Office Supplies,West,Divya Nair,22,35.77,786.94,323.15,463.79
2023-06-20,Desk Lamp LED,Furniture,Central,Rohan Gupta,11,40.5,445.5,167.95,277.55
2023-06-20,Screen Protector,Accessories,East,Rohan Gupta,25,14.6,365.0,78.0,287.0
2023-06-20,Mechanical Keyboard,Electronics,North,Karthik Iyer,12,96.93,1163.16,488.99,674.17
2023-06-21,Headphones Wireless,Electronics,West,Ananya Reddy,1,165.58,165.58,74.79,90.79
2023-06-21,Screen Protector,Accessories,East,Vikram Singh,27,14.17,382.59,84.34,298.25
2023-06-21,Printer Paper Ream,Office Supplies,South,Arjun Mehta,30,10.45,313.5,105.49,208.01
2023-06-21,Screen Protector,Accessories,South,Priya Sharma,22,14.69,323.18,64.0,259.18
2023-06-22,USB-C Hub,Electronics,Central,Karthik Iyer,1,47.88,47.88,22.65,25.23
2023-06-22,Bookshelf Oak,Furniture,North,Rohan Gupta,11,195.32,2148.52,1037.21,1111.31
2023-06-22,Mechanical Keyboard,Electronics,Central,Vikram Singh,11,96.51,1061.61,479.67,581.94
2023-06-22,Headphones Wireless,Electronics,West,Sneha Joshi,9,164.27,1478.43,654.9,823.53
2023-06-22,Bookshelf Oak,Furniture,East,Divya Nair,11,188.93,2078.23,1029.78,1048.45
2023-06-23,Stapler Heavy Duty,Office Supplies,East,Ananya Reddy,9,19.22,172.98,64.43,108.55
2023-06-23,Printer Paper Ream,Office Supplies,West,Ananya Reddy,2,9.54,19.08,7.35,11.73
2023-06-23,Monitor 27 inch,Electronics,West,Priya Sharma,1,366.12,366.12,218.81,147.31
2023-06-24,Whiteboard Markers,Office Supplies,South,Amit Kumar,6,16.1,96.6,29.4,67.2
2023-06-24,Desk Organizer,Office Supplies,East,Sneha Joshi,1,36.92,36.92,14.01,22.91
2023-06-24,Office Chair Ergonomic,Furniture,Central,Rohan Gupta,1,307.2,307.2,158.27,148.93
2023-06-24,Webcam HD,Electronics,North,Rohan Gupta,3,74.77,224.31,86.03,138.28
2023-06-24,Cable Organizer,Accessories,West,Amit Kumar,13,9.95,129.35,39.87,89.48
2023-06-24,Whiteboard Markers,Office Supplies,Central,Karthik Iyer,34,15.53,528.02,164.5,363.52
2023-06-24,Laptop Pro 15,Electronics,Central,Amit Kumar,1,947.17,947.17,672.13,275.04
2023-06-25,Whiteboard Markers,Office Supplies,East,Karthik Iyer,10,14.44,144.4,52.47,91.93
2023-06-25,Printer Paper Ream,Office Supplies,North,Amit Kumar,33,10.66,351.78,111.16,240.62
2023-06-25,Power Bank 20000mAh,Accessories,East,Amit Kumar,26,41.24,1072.24,411.31,660.93
2023-06-26,Laptop Air 13,Electronics,West,Amit Kumar,1,820.96,820.96,533.44,287.52
2023-06-26,Cable Organizer,Accessories,East,Ananya Reddy,7,9.36,65.52,20.4,45.12
2023-06-26,Power Bank 20000mAh,Accessories,East,Rohan Gupta,8,36.83,294.64,128.69,165.95
2023-06-26,Pen Set Premium,Office Supplies,West,Arjun Mehta,3,22.92,68.76,24.15,44.61
2023-06-26,USB-C Hub,Electronics,Central,Karthik Iyer,22,54.05,1189.1,498.82,690.28
2023-06-26,Laptop Air 13,Electronics,West,Vikram Singh,4,689.12,2756.48,2169.33,587.15
2023-06-26,Monitor 27 inch,Electronics,Central,Karthik Iyer,1,348.0,348.0,214.26,133.74
2023-06-26,Power Bank 20000mAh,Accessories,West,Sneha Joshi,13,37.65,489.45,212.4,277.05
2023-06-27,Monitor 27 inch,Electronics,West,Priya Sharma,3,383.55,1150.65,611.14,539.51
2023-06-27,Tablet 10 inch,Electronics,West,Arjun Mehta,2,495.3,990.6,608.37,382.23
2023-06-28,Screen Protector,Accessories,North,Arjun Mehta,9,15.82,142.38,26.05,116.33
2023-06-28,Tablet 10 inch,Electronics,East,Arjun Mehta,1,483.15,483.15,322.05,161.1
2023-06-28,Printer Paper Ream,Office Supplies,South,Rohan Gupta,20,9.34,186.8,69.73,117.07
2023-06-28,Bookshelf Oak,Furniture,East,Divya Nair,6,186.7,1120.2,593.56,526.64
2023-06-29,Cable Organizer,Accessories,North,Divya Nair,2,9.18,18.36,6.01,12.35
2023-06-29,Desk Organizer,Office Supplies,East,Priya Sharma,11,36.62,402.82,160.43,242.39
2023-06-29,Wireless Mouse,Electronics,Central,Karthik Iyer,33,29.26,965.58,392.31,573.27
2023-06-29,Desk Organizer,Office Supplies,West,Amit Kumar,30,33.09,992.7,400.73,591.97
2023-06-29,Laptop Pro 15,Electronics,North,Divya Nair,2,837.41,1674.82,1356.7,318.12
2023-06-29,Power Bank 20000mAh,Accessories,Central,Karthik Iyer,28,37.5,1050.0,449.85,600.15
2023-06-30,Cable Organizer,Accessories,West,Ananya Reddy,33,9.17,302.61,100.7,201.91
2023-06-30,Desk Lamp LED,Furniture,West,Karthik Iyer,8,39.44,315.52,116.48,199.04
2023-06-30,Office Chair Ergonomic,Furniture,North,Amit Kumar,1,286.52,286.52,166.12,120.4
2023-06-30,Office Chair Ergonomic,Furniture,North,Divya Nair,2,298.02,596.04,318.23,277.81
2023-06-30,Notebook A4 Pack,Office Supplies,South,Sneha Joshi,10,11.99,119.9,38.71,81.19
2023-07-01,Cable Organizer,Accessories,South,Rohan Gupta,15,9.28,139.2,43.03,96.17
2023-07-01,Desk Lamp LED,Furniture,South,Rohan Gupta,35,37.88,1325.8,511.27,814.53
2023-07-01,Wireless Mouse,Electronics,South,Sneha Joshi,2,28.64,57.28,23.28,34.0
2023-07-01,Laptop Pro 15,Electronics,South,Rohan Gupta,2,923.73,1847.46,1275.92,571.54
2023-07-01,Laptop Bag,Accessories,South,Priya Sharma,10,64.28,642.8,261.65,381.15
2023-07-02,Laptop Pro 15,Electronics,South,Rohan Gupta,2,975.87,1951.74,1280.63,671.11
2023-07-02,Phone Stand,Accessories,Central,Priya Sharma,1,21.29,21.29,5.76,15.53
2023-07-02,Laptop Pro 15,Electronics,East,Neha Patel,1,934.13,934.13,670.17,263.96
2023-07-02,Monitor 27 inch,Electronics,Central,Divya Nair,1,317.46,317.46,219.59,97.87
2023-07-03,Laptop Bag,Accessories,East,Rohan Gupta,12,64.82,777.84,312.28,465.56
2023-07-03,Screen Protector,Accessories,North,Vikram Singh,1,16.17,16.17,3.05,13.12
2023-07-03,USB-C Hub,Electronics,South,Amit Kumar,24,45.6,1094.4,503.99,590.41
2023-07-03,Whiteboard Markers,Office Supplies,South,Rohan Gupta,33,15.71,518.43,160.52,357.91
2023-07-04,Notebook A4 Pack,Office Supplies,Central,Divya Nair,2,13.96,27.92,7.75,20.17
2023-07-04,Stapler Heavy Duty,Office Supplies,South,Vikram Singh,12,19.38,232.56,82.22,150.34
2023-07-04,USB-C Hub,Electronics,North,Karthik Iyer,12,45.39,544.68,268.23,276.45
2023-07-04,Office Chair Ergonomic,Furniture,West,Divya Nair,9,302.5,2722.5,1480.8,1241.7
2023-07-04,Laptop Air 13,Electronics,North,Karthik Iyer,2,720.82,1441.64,1065.68,375.96
2023-07-04,Laptop Bag,Accessories,North,Neha Patel,9,54.12,487.08,225.17,261.91
2023-07-04,Phone Stand,Accessories,North,Priya Sharma,20,18.58,371.6,116.9,254.7
2023-07-05,Filing Cabinet,Furniture,North,Ananya Reddy,12,137.62,1651.44,824.12,827.32
2023-07-05,Webcam HD,Electronics,Central,Karthik Iyer,2,69.23,138.46,61.38,77.08
2023-07-05,Laptop Air 13,Electronics,West,Rohan Gupta,1,708.36,708.36,559.32,149.04
2023-07-05,Bookshelf Oak,Furniture,West,Ananya Reddy,7,166.79,1167.53,663.06,504.47
2023-07-06,Laptop Air 13,Electronics,East,Sneha Joshi,4,736.05,2944.2,2156.58,787.62
2023-07-06,Cable Organizer,Accessories,East,Priya Sharma,10,10.75,107.5,28.67,78.83
2023-07-06,Notebook A4 Pack,Office Supplies,West,Vikram Singh,1,11.82,11.82,3.88,7.94
2023-07-07,Webcam HD,Electronics,East,Vikram Singh,1,72.68,72.68,28.68,44.0
2023-07-07,Wireless Mouse,Electronics,North,Priya Sharma,30,31.32,939.6,369.45,570.15
2023-07-07,Pen Set Premium,Office Supplies,East,Arjun Mehta,31,26.28,814.68,256.35,558.33
2023-07-07,Tablet 10 inch,Electronics,East,Sneha Joshi,3,532.98,1598.94,945.1,653.84
2023-07-07,Laptop Air 13,Electronics,West,Priya Sharma,1,752.19,752.19,539.56,212.63
2023-07-07,Printer Paper Ream,Office Supplies,North,Priya Sharma,11,9.67,106.37,39.27,67.1
2023-07-08,Mechanical Keyboard,Electronics,Central,Priya Sharma,10,90.86,908.6,401.77,506.83
2023-07-08,Printer Paper Ream,Office Supplies,North,Amit Kumar,10,9.23,92.3,35.26,57.04
2023-07-08,USB-C Hub,Electronics,North,Neha Patel,5,48.53,242.65,110.33,132.32
2023-07-08,Mechanical Keyboard,Electronics,Central,Amit Kumar,13,95.24,1238.12,558.11,680.01
2023-07-08,Cable Organizer,Accessories,North,Neha Patel,13,10.59,137.67,40.25,97.42
2023-07-08,Whiteboard Markers,Office Supplies,North,Rohan Gupta,7,14.34,100.38,35.88,64.5
2023-07-09,Desk Lamp LED,Furniture,East,Neha Patel,7,41.76,292.32,103.06,189.26
2023-07-09,Pen Set Premium,Office Supplies,Central,Priya Sharma,13,26.69,346.97,105.27,241.7
2023-07-09,Cable Organizer,Accessories,North,Neha Patel,18,10.88,195.84,54.49,141.35
2023-07-09,Webcam HD,Electronics,South,Priya Sharma,9,71.95,647.55,264.59,382.96
2023-07-09,Stapler Heavy Duty,Office Supplies,West,Arjun Mehta,26,20.99,545.74,182.63,363.11
2023-07-09,Desk Lamp LED,Furniture,West,Divya Nair,17,41.57,706.69,250.38,456.31
2023-07-09,Webcam HD,Electronics,South,Ananya Reddy,13,68.33,888.29,397.12,491.17
2023-07-09,Screen Protector,Accessories,North,Rohan Gupta,2,14.32,28.64,6.25,22.39
2023-07-10,Laptop Air 13,Electronics,West,Arjun Mehta,1,733.29,733.29,527.65,205.64
2023-07-10,Whiteboard Markers,Office Supplies,East,Divya Nair,22,15.18,333.96,106.33,227.63
2023-07-10,Desk Lamp LED,Furniture,Central,Amit Kumar,13,38.49,500.37,202.91,297.46
2023-07-11,Webcam HD,Electronics,West,Karthik Iyer,11,75.24,827.64,324.8,502.84
2023-07-12,Mechanical Keyboard,Electronics,Central,Neha Patel,2,85.86,171.72,88.18,83.54
2023-07-13,Pen Set Premium,Office Supplies,West,Arjun Mehta,22,24.17,531.74,179.15,352.59
2023-07-13,Webcam HD,Electronics,South,Rohan Gupta,4,72.76,291.04,117.17,173.87
2023-07-13,Pen Set Premium,Office Supplies,North,Karthik Iyer,24,24.38,585.12,198.58,386.54
2023-07-14,Notebook A4 Pack,Office Supplies,North,Vikram Singh,26,12.3,319.8,105.51,214.29
2023-07-14,Filing Cabinet,Furniture,West,Arjun Mehta,1,127.37,127.37,67.51,59.86
2023-07-14,USB-C Hub,Electronics,North,Amit Kumar,13,47.98,623.74,291.7,332.04
2023-07-14,Screen Protector,Accessories,Central,Priya Sharma,19,14.06,267.14,55.0,212.14
2023-07-14,USB-C Hub,Electronics,West,Vikram Singh,17,48.0,816.0,390.73,425.27
2023-07-14,Whiteboard Markers,Office Supplies,East,Ananya Reddy,24,14.85,356.4,123.54,232.86
2023-07-14,Stapler Heavy Duty,Office Supplies,North,Priya Sharma,27,18.19,491.13,186.98,304.15
2023-07-15,Desk Lamp LED,Furniture,North,Divya Nair,32,39.03,1248.96,503.05,745.91
2023-07-15,Notebook A4 Pack,Office Supplies,East,Rohan Gupta,26,13.78,358.28,100.24,258.04
2023-07-15,Laptop Pro 15,Electronics,North,Karthik Iyer,1,878.14,878.14,624.33,253.81
2023-07-15,Wireless Mouse,Electronics,East,Divya Nair,33,28.04,925.32,376.65,548.67
2023-07-15,Laptop Bag,Accessories,West,Karthik Iyer,11,64.66,711.26,280.64,430.62
2023-07-15,Wireless Mouse,Electronics,West,Vikram Singh,18,27.65,497.7,212.35,285.35
2023-07-15,Headphones Wireless,Electronics,South,Priya Sharma,13,168.47,2190.11,1015.7,1174.41
2023-07-16,Laptop Air 13,Electronics,North,Amit Kumar,2,779.6,1559.2,1039.64,519.56
2023-07-16,Wireless Mouse,Electronics,East,Rohan Gupta,5,29.22,146.1,62.42,83.68
2023-07-16,Webcam HD,Electronics,North,Amit Kumar,9,66.53,598.77,271.62,327.15
2023-07-16,Mechanical Keyboard,Electronics,Central,Sneha Joshi,7,87.5,612.5,301.62,310.88
2023-07-16,Wireless Mouse,Electronics,South,Amit Kumar,17,29.02,493.34,201.85,291.49
2023-07-16,Stapler Heavy Duty,Office Supplies,East,Vikram Singh,30,20.51,615.3,207.87,407.43
2023-07-16,USB-C Hub,Electronics,Central,Amit Kumar,27,47.11,1271.97,580.62,691.35
2023-07-16,Cable Organizer,Accessories,North,Amit Kumar,1,9.5,9.5,3.07,6.43
2023-07-16,Wireless Mouse,Electronics,East,Vikram Singh,36,30.94,1113.84,422.94,690.9
2023-07-16,Bookshelf Oak,Furniture,West,Sneha Joshi,11,187.02,2057.22,1041.31,1015.91
2023-07-17,Bookshelf Oak,Furniture,Central,Karthik Iyer,8,169.55,1356.4,737.89,618.51
2023-07-17,Webcam HD,Electronics,Central,Vikram Singh,12,73.52,882.24,368.63,513.61
2023-07-17,Mechanical Keyboard,Electronics,South,Arjun Mehta,12,87.8,1053.6,511.47,542.13
2023-07-17,Whiteboard Markers,Office Supplies,South,Sneha Joshi,18,14.86,267.48,88.67,178.81
2023-07-17,Wireless Mouse,Electronics,East,Arjun Mehta,22,28.3,622.6,272.21,350.39
2023-07-18,Laptop Air 13,Electronics,Central,Divya Nair,1,768.89,768.89,536.07,232.82
2023-07-18,Laptop Air 13,Electronics,Central,Ananya Reddy,4,792.83,3171.32,2129.6,1041.72
2023-07-18,Monitor 27 inch,Electronics,Central,Arjun Mehta,3,361.3,1083.9,636.35,447.55
2023-07-18,Wireless Mouse,Electronics,East,Amit Kumar,20,27.3,546.0,251.49,294.51
2023-07-19,Webcam HD,Electronics,West,Ananya Reddy,8,67.56,540.48,236.8,303.68
2023-07-19,Wireless Mouse,Electronics,Central,Neha Patel,35,31.8,1113.0,434.57,678.43
2023-07-19,Wireless Mouse,Electronics,North,Karthik Iyer,32,27.0,864.0,400.78,463.22
2023-07-19,Stapler Heavy Duty,Office Supplies,Central,Arjun Mehta,34,20.22,687.48,245.13,442.35
2023-07-19,Laptop Air 13,Electronics,North,Karthik Iyer,3,695.94,2087.82,1606.21,481.61
2023-07-20,Desk Organizer,Office Supplies,North,Amit Kumar,11,32.09,352.99,157.39,195.6
2023-07-20,Desk Organizer,Office Supplies,Central,Amit Kumar,33,37.97,1253.01,446.05,806.96
2023-07-20,Whiteboard Markers,Office Supplies,Central,Sneha Joshi,31,14.79,458.49,157.81,300.68
2023-07-20,Standing Desk,Furniture,West,Vikram Singh,1,461.72,461.72,241.17,220.55
2023-07-20,USB-C Hub,Electronics,West,Priya Sharma,34,54.43,1850.62,721.96,1128.66
2023-07-20,Screen Protector,Accessories,South,Ananya Reddy,3,14.91,44.73,8.75,35.98
2023-07-20,Wireless Mouse,Electronics,Central,Sneha Joshi,24,32.1,770.4,286.33,484.07
2023-07-20,Whiteboard Markers,Office Supplies,Central,Ananya Reddy,25,14.66,366.5,122.28,244.22
2023-07-20,Whiteboard Markers,Office Supplies,North,Vikram Singh,35,14.19,496.65,179.77,316.88
2023-07-20,Standing Desk,Furniture,South,Karthik Iyer,2,483.88,967.76,494.61,473.15
2023-07-20,Standing Desk,Furniture,East,Ananya Reddy,1,471.61,471.61,259.6,212.01
2023-07-21,Filing Cabinet,Furniture,South,Ananya Reddy,13,129.47,1683.11,905.03,778.08
2023-07-21,Desk Organizer,Office Supplies,East,Sneha Joshi,7,33.4,233.8,94.64,139.16
2023-07-21,Office Chair Ergonomic,Furniture,North,Priya Sharma,1,291.6,291.6,160.74,130.86
2023-07-21,Tablet 10 inch,Electronics,Central,Ananya Reddy,1,494.03,494.03,302.5,191.53
2023-07-21,Desk Lamp LED,Furniture,North,Priya Sharma,6,41.35,248.1,91.01,157.09
2023-07-21,Mechanical Keyboard,Electronics,Central,Karthik Iyer,2,85.39,170.78,86.24,84.54
2023-07-21,Cable Organizer,Accessories,North,Sneha Joshi,13,9.91,128.83,37.27,91.56
2023-07-21,Phone Stand,Accessories,South,Sneha Joshi,27,21.04,568.08,169.21,398.87
2023-07-22,Cable Organizer,Accessories,North,Karthik Iyer,22,9.66,212.52,63.1,149.42
2023-07-22,Power Bank 20000mAh,Accessories,Central,Sneha Joshi,12,37.34,448.08,197.44,250.64
2023-07-22,Phone Stand,Accessories,Central,Neha Patel,3,20.44,61.32,17.45,43.87
2023-07-23,USB-C Hub,Electronics,East,Arjun Mehta,14,54.88,768.32,299.07,469.25
2023-07-23,Power Bank 20000mAh,Accessories,North,Karthik Iyer,22,39.18,861.96,359.95,502.01
2023-07-24,Printer Paper Ream,Office Supplies,East,Vikram Singh,22,9.7,213.4,78.31,135.09
2023-07-24,Webcam HD,Electronics,North,Priya Sharma,8,74.88,599.04,244.25,354.79
2023-07-24,Screen Protector,Accessories,Central,Priya Sharma,33,16.17,533.61,98.23,435.38
2023-07-24,Tablet 10 inch,Electronics,North,Neha Patel,2,499.87,999.74,624.3,375.44
2023-07-24,Wireless Mouse,Electronics,East,Priya Sharma,21,28.05,589.05,259.73,329.32
2023-07-24,Phone Stand,Accessories,East,Neha Patel,3,18.3,54.9,18.73,36.17
2023-07-24,Tablet 10 inch,Electronics,Central,Sneha Joshi,2,537.11,1074.22,635.77,438.45
2023-07-24,Bookshelf Oak,Furniture,North,Ananya Reddy,11,176.71,1943.81,1082.29,861.52
2023-07-24,Stapler Heavy Duty,Office Supplies,Central,Vikram Singh,14,18.19,254.66,102.49,152.17
2023-07-25,Printer Paper Ream,Office Supplies,South,Priya Sharma,26,10.61,275.86,94.24,181.62
2023-07-25,USB-C Hub,Electronics,North,Ananya Reddy,8,46.81,374.48,173.98,200.5
2023-07-25,Cable Organizer,Accessories,East,Karthik Iyer,4,10.82,43.28,12.17,31.11
2023-07-25,Stapler Heavy Duty,Office Supplies,South,Amit Kumar,10,21.67,216.7,70.78,145.92
2023-07-25,Stapler Heavy Duty,Office Supplies,East,Neha Patel,8,21.69,173.52,58.02,115.5
2023-07-25,Laptop Bag,Accessories,North,Neha Patel,12,58.79,705.48,306.05,399.43
2023-07-25,Phone Stand,Accessories,North,Sneha Joshi,32,20.15,644.8,185.31,459.49
2023-07-25,Desk Lamp LED,Furniture,West,Arjun Mehta,32,41.42,1325.44,488.59,836.85
2023-07-25,USB-C Hub,Electronics,South,Rohan Gupta,17,49.88,847.96,388.53,459.43
2023-07-25,Bookshelf Oak,Furniture,Central,Neha Patel,7,197.04,1379.28,680.57,698.71
2023-07-26,Filing Cabinet,Furniture,Central,Karthik Iyer,10,142.5,1425.0,702.54,722.46
2023-07-26,Pen Set Premium,Office Supplies,Central,Karthik Iyer,4,22.82,91.28,31.24,60.04
2023-07-26,Monitor 27 inch,Electronics,West,Rohan Gupta,1,349.16,349.16,200.0,149.16
2023-07-27,Printer Paper Ream,Office Supplies,Central,Priya Sharma,31,10.77,333.87,104.03,229.84
2023-07-27,Desk Organizer,Office Supplies,East,Divya Nair,25,38.24,956.0,360.38,595.62
2023-07-27,Wireless Mouse,Electronics,North,Arjun Mehta,29,31.13,902.77,359.79,542.98
2023-07-27,Power Bank 20000mAh,Accessories,West,Priya Sharma,29,36.88,1069.52,448.56,620.96
2023-07-28,Monitor 27 inch,Electronics,East,Divya Nair,1,323.86,323.86,210.47,113.39
2023-07-28,Laptop Pro 15,Electronics,North,Priya Sharma,3,903.62,2710.86,2036.84,674.02
2023-07-28,Monitor 27 inch,Electronics,West,Karthik Iyer,3,335.47,1006.41,631.03,375.38
2023-07-28,Laptop Pro 15,Electronics,South,Neha Patel,4,983.69,3934.76,2572.48,1362.28
2023-07-29,USB-C Hub,Electronics,Central,Neha Patel,15,52.32,784.8,334.18,450.62
2023-07-29,Bookshelf Oak,Furniture,West,Priya Sharma,8,175.09,1400.72,759.87,640.85
2023-07-29,Pen Set Premium,Office Supplies,West,Ananya Reddy,11,24.73,272.03,86.56,185.47
2023-07-29,Headphones Wireless,Electronics,East,Arjun Mehta,12,156.92,1883.04,908.16,974.88
2023-07-30,Notebook A4 Pack,Office Supplies,North,Divya Nair,34,12.5,425.0,140.0,285.0
2023-07-30,Screen Protector,Accessories,West,Priya Sharma,30,15.71,471.3,88.69,382.61
2023-07-30,Filing Cabinet,Furniture,West,Priya Sharma,2,126.35,252.7,139.82,112.88
2023-07-31,USB-C Hub,Electronics,West,Ananya Reddy,11,52.79,580.69,245.0,335.69
2023-07-31,Laptop Pro 15,Electronics,East,Vikram Singh,1,982.48,982.48,648.7,333.78
2023-08-01,Webcam HD,Electronics,North,Karthik Iyer,6,65.54,393.24,186.78,206.46
2023-08-01,Filing Cabinet,Furniture,North,Divya Nair,6,120.07,720.42,437.78,282.64
2023-08-01,Monitor 27 inch,Electronics,North,Priya Sharma,3,316.58,949.74,633.68,316.06
2023-08-01,Headphones Wireless,Electronics,North,Karthik Iyer,3,170.68,512.04,226.42,285.62
2023-08-01,Office Chair Ergonomic,Furniture,Central,Neha Patel,14,310.26,4343.64,2134.16,2209.48
2023-08-01,Stapler Heavy Duty,Office Supplies,East,Divya Nair,37,19.11,707.07,253.95,453.12
2023-08-01,Office Chair Ergonomic,Furniture,North,Vikram Singh,7,295.49,2068.43,1103.36,965.07
2023-08-01,Stapler Heavy Duty,Office Supplies,West,Divya Nair,17,19.49,331.33,124.77,206.56
2023-08-03,Notebook A4 Pack,Office Supplies,West,Amit Kumar,24,12.49,299.76,94.65,205.11
2023-08-03,Headphones Wireless,Electronics,North,Arjun Mehta,8,153.78,1230.24,595.82,634.42
2023-08-03,Headphones Wireless,Electronics,West,Rohan Gupta,8,144.21,1153.68,573.0,580.68
2023-08-03,Stapler Heavy Duty,Office Supplies,North,Sneha Joshi,41,20.16,826.56,292.88,533.68
2023-08-03,Filing Cabinet,Furniture,North,Neha Patel,5,119.67,598.35,364.22,234.13
2023-08-04,Standing Desk,Furniture,South,Arjun Mehta,1,460.74,460.74,238.92,221.82
2023-08-04,Webcam HD,Electronics,South,Sneha Joshi,1,64.7,64.7,29.55,35.15
2023-08-05,Standing Desk,Furniture,Central,Vikram Singh,3,412.33,1236.99,762.27,474.72
2023-08-05,Desk Organizer,Office Supplies,West,Neha Patel,27,37.94,1024.38,364.08,660.3
2023-08-05,Desk Lamp LED,Furniture,East,Amit Kumar,36,40.93,1473.48,533.83,939.65
2023-08-05,Laptop Pro 15,Electronics,Central,Rohan Gupta,4,868.8,3475.2,2510.44,964.76
2023-08-06,Tablet 10 inch,Electronics,North,Amit Kumar,2,549.33,1098.66,607.71,490.95
2023-08-06,Mechanical Keyboard,Electronics,West,Vikram Singh,16,94.49,1511.84,660.21,851.63
2023-08-06,Wireless Mouse,Electronics,North,Amit Kumar,21,30.75,645.75,262.33,383.42
2023-08-06,Cable Organizer,Accessories,West,Priya Sharma,4,10.45,41.8,12.12,29.68
2023-08-06,Desk Lamp LED,Furniture,West,Ananya Reddy,29,37.5,1087.5,415.97,671.53
2023-08-06,Desk Organizer,Office Supplies,East,Divya Nair,29,34.72,1006.88,396.47,610.41
2023-08-06,Monitor 27 inch,Electronics,West,Ananya Reddy,2,315.39,630.78,404.07,226.71
2023-08-07,Phone Stand,Accessories,Central,Rohan Gupta,29,18.74,543.46,166.49,376.97
2023-08-07,Phone Stand,Accessories,North,Arjun Mehta,16,20.45,327.2,91.68,235.52
2023-08-07,Mechanical Keyboard,Electronics,East,Sneha Joshi,6,84.45,506.7,252.99,253.71
2023-08-07,Power Bank 20000mAh,Accessories,Central,Karthik Iyer,27,40.12,1083.24,429.13,654.11
2023-08-07,Phone Stand,Accessories,South,Rohan Gupta,31,21.31,660.61,195.18,465.43
2023-08-08,Pen Set Premium,Office Supplies,Central,Sneha Joshi,10,23.44,234.4,77.74,156.66
2023-08-08,Webcam HD,Electronics,West,Rohan Gupta,15,67.82,1017.3,438.33,578.97
2023-08-08,Power Bank 20000mAh,Accessories,Central,Amit Kumar,29,38.03,1102.87,466.6,636.27
2023-08-08,Notebook A4 Pack,Office Supplies,West,Neha Patel,36,12.71,457.56,148.13,309.43
2023-08-09,Printer Paper Ream,Office Supplies,South,Karthik Iyer,20,10.22,204.4,66.88,137.52
2023-08-09,Desk Organizer,Office Supplies,West,Arjun Mehta,30,36.23,1086.9,438.16,648.74
2023-08-09,Laptop Air 13,Electronics,East,Amit Kumar,5,704.3,3521.5,2779.01,742.49
2023-08-09,Stapler Heavy Duty,Office Supplies,South,Amit Kumar,28,18.48,517.44,205.59,311.85
2023-08-09,Wireless Mouse,Electronics,East,Rohan Gupta,9,28.53,256.77,102.75,154.02
2023-08-10,Wireless Mouse,Electronics,North,Amit Kumar,7,31.77,222.39,85.58,136.81
2023-08-10,Printer Paper Ream,Office Supplies,North,Ananya Reddy,10,9.08,90.8,33.53,57.27
2023-08-11,Filing Cabinet,Furniture,North,Rohan Gupta,16,129.97,2079.52,1105.34,974.18
2023-08-11,Notebook A4 Pack,Office Supplies,West,Divya Nair,9,12.84,115.56,36.04,79.52
2023-08-11,Phone Stand,Accessories,South,Karthik Iyer,18,21.52,387.36,106.58,280.78
2023-08-11,Cable Organizer,Accessories,East,Rohan Gupta,3,9.87,29.61,8.94,20.67
2023-08-11,Laptop Bag,Accessories,West,Neha Patel,10,63.93,639.3,249.34,389.96
2023-08-11,Desk Organizer,Office Supplies,North,Amit Kumar,25,36.98,924.5,348.79,575.71
2023-08-11,Laptop Air 13,Electronics,East,Karthik Iyer,4,742.73,2970.92,2235.17,735.75
2023-08-12,Office Chair Ergonomic,Furniture,North,Karthik Iyer,2,315.61,631.22,326.52,304.7
2023-08-12,Pen Set Premium,Office Supplies,Central,Ananya Reddy,18,25.12,452.16,151.13,301.03
2023-08-12,Desk Organizer,Office Supplies,West,Karthik Iyer,39,36.52,1424.28,560.69,863.59
2023-08-12,Cable Organizer,Accessories,North,Amit Kumar,3,9.37,28.11,8.63,19.48
2023-08-12,USB-C Hub,Electronics,East,Rohan Gupta,12,49.25,591.0,251.16,339.84
2023-08-13,Printer Paper Ream,Office Supplies,West,Priya Sharma,2,10.94,21.88,7.08,14.8
2023-08-13,Screen Protector,Accessories,North,Karthik Iyer,27,14.74,397.98,83.33,314.65
2023-08-13,Mechanical Keyboard,Electronics,South,Sneha Joshi,3,89.34,268.02,128.0,140.02
2023-08-13,Office Chair Ergonomic,Furniture,West,Arjun Mehta,14,314.39,4401.46,2265.75,2135.71
2023-08-13,Desk Organizer,Office Supplies,North,Vikram Singh,12,33.33,399.96,166.63,233.33
2023-08-13,Tablet 10 inch,Electronics,East,Neha Patel,1,531.85,531.85,314.94,216.91
2023-08-13,Monitor 27 inch,Electronics,North,Priya Sharma,4,380.82,1523.28,813.71,709.57
2023-08-14,Office Chair Ergonomic,Furniture,East,Priya Sharma,1,284.3,284.3,162.22,122.08
2023-08-14,Desk Organizer,Office Supplies,North,Priya Sharma,22,34.95,768.9,304.45,464.45
2023-08-14,Monitor 27 inch,Electronics,South,Ananya Reddy,3,369.16,1107.48,648.09,459.39
2023-08-14,Laptop Bag,Accessories,South,Neha Patel,3,55.51,166.53,76.63,89.9
2023-08-14,Power Bank 20000mAh,Accessories,Central,Neha Patel,33,40.76,1345.08,534.11,810.97
2023-08-15,Printer Paper Ream,Office Supplies,North,Sneha Joshi,21,10.39,218.19,76.75,141.44
2023-08-16,Monitor 27 inch,Electronics,South,Karthik Iyer,5,343.59,1717.95,1076.38,641.57
2023-08-16,Laptop Air 13,Electronics,North,Karthik Iyer,3,765.54,2296.62,1595.22,701.4
2023-08-17,Desk Lamp LED,Furniture,North,Divya Nair,8,38.07,304.56,123.71,180.85
2023-08-17,Laptop Bag,Accessories,East,Karthik Iyer,6,59.53,357.18,150.18,207.0
2023-08-18,Standing Desk,Furniture,South,Divya Nair,4,486.65,1946.6,986.96,959.64
2023-08-18,Whiteboard Markers,Office Supplies,South,Divya Nair,25,15.05,376.25,121.89,254.36
2023-08-18,Desk Organizer,Office Supplies,West,Arjun Mehta,20,33.82,676.4,277.41,398.99
2023-08-18,Desk Lamp LED,Furniture,South,Rohan Gupta,27,38.21,1031.67,422.73,608.94
2023-08-18,Bookshelf Oak,Furniture,East,Arjun Mehta,11,164.07,1804.77,1028.5,776.27
2023-08-18,Phone Stand,Accessories,West,Arjun Mehta,41,18.39,753.99,236.68,517.31
2023-08-18,Cable Organizer,Accessories,Central,Sneha Joshi,21,9.13,191.73,60.92,130.81
2023-08-18,Standing Desk,Furniture,South,Vikram Singh,5,477.74,2388.7,1239.8,1148.9
2023-08-18,Pen Set Premium,Office Supplies,West,Divya Nair,4,22.9,91.6,31.97,59.63
2023-08-19,Laptop Bag,Accessories,North,Rohan Gupta,2,56.36,112.72,50.4,62.32
2023-08-19,USB-C Hub,Electronics,West,Amit Kumar,35,45.9,1606.5,759.52,846.98
2023-08-19,Printer Paper Ream,Office Supplies,West,Priya Sharma,33,9.59,316.47,121.09,195.38
2023-08-19,Printer Paper Ream,Office Supplies,South,Divya Nair,25,9.08,227.0,83.38,143.62
2023-08-19,Notebook A4 Pack,Office Supplies,South,Divya Nair,28,13.91,389.48,108.9,280.58
2023-08-19,Whiteboard Markers,Office Supplies,Central,Amit Kumar,35,16.24,568.4,166.64,401.76
2023-08-19,Mechanical Keyboard,Electronics,West,Priya Sharma,16,98.04,1568.64,664.44,904.2
2023-08-19,Whiteboard Markers,Office Supplies,West,Sneha Joshi,42,14.39,604.38,211.29,393.09
2023-08-19,Desk Organizer,Office Supplies,East,Vikram Singh,12,31.51,378.12,161.85,216.27
2023-08-20,Notebook A4 Pack,Office Supplies,Central,Divya Nair,31,12.2,378.2,126.25,251.95
2023-08-20,Desk Lamp LED,Furniture,South,Divya Nair,21,39.79,835.59,313.11,522.48
2023-08-20,Phone Stand,Accessories,South,Neha Patel,42,21.15,888.3,260.33,627.97
2023-08-20,Laptop Bag,Accessories,North,Ananya Reddy,2,58.97,117.94,49.26,68.68
2023-08-20,Printer Paper Ream,Office Supplies,West,Arjun Mehta,39,9.01,351.39,135.43,215.96
2023-08-21,Whiteboard Markers,Office Supplies,East,Karthik Iyer,33,16.43,542.19,160.77,381.42
2023-08-21,Desk Organizer,Office Supplies,Central,Ananya Reddy,7,31.81,222.67,94.71,127.96
2023-08-21,Cable Organizer,Accessories,East,Sneha Joshi,32,9.05,289.6,97.2,192.4
2023-08-21,Tablet 10 inch,Electronics,Central,Vikram Singh,1,493.71,493.71,295.85,197.86
2023-08-21,Power Bank 20000mAh,Accessories,West,Sneha Joshi,17,40.74,692.58,275.05,417.53
2023-08-21,Monitor 27 inch,Electronics,North,Neha Patel,5,352.48,1762.4,1097.64,664.76
2023-08-21,Power Bank 20000mAh,Accessories,South,Neha Patel,15,36.24,543.6,228.35,315.25
2023-08-21,USB-C Hub,Electronics,North,Amit Kumar,30,49.42,1482.6,657.09,825.51
2023-08-22,Laptop Air 13,Electronics,East,Neha Patel,5,718.29,3591.45,2775.8,815.65
2023-08-22,Power Bank 20000mAh,Accessories,South,Rohan Gupta,18,42.27,760.86,296.4,464.46
2023-08-22,Pen Set Premium,Office Supplies,Central,Ananya Reddy,3,25.42,76.26,24.5,51.76
2023-08-22,Screen Protector,Accessories,North,Arjun Mehta,17,15.99,271.83,52.01,219.82
2023-08-23,Mechanical Keyboard,Electronics,Central,Rohan Gupta,14,91.17,1276.38,607.14,669.24
2023-08-23,Cable Organizer,Accessories,East,Amit Kumar,7,9.02,63.14,20.69,42.45
2023-08-24,Filing Cabinet,Furniture,East,Karthik Iyer,3,123.34,370.02,208.15,161.87
2023-08-24,Laptop Bag,Accessories,Central,Sneha Joshi,3,60.91,182.73,76.46,106.27
2023-08-24,Phone Stand,Accessories,Central,Priya Sharma,22,18.21,400.62,130.78,269.84
2023-08-25,Filing Cabinet,Furniture,West,Arjun Mehta,6,128.3,769.8,420.24,349.56
2023-08-26,Office Chair Ergonomic,Furniture,West,Neha Patel,5,309.83,1549.15,789.52,759.63
2023-08-26,Laptop Air 13,Electronics,East,Amit Kumar,1,675.12,675.12,543.24,131.88
2023-08-26,Desk Lamp LED,Furniture,West,Arjun Mehta,21,40.01,840.21,315.58,524.63
2023-08-26,Desk Lamp LED,Furniture,Central,Neha Patel,18,43.92,790.56,277.67,512.89
2023-08-27,USB-C Hub,Electronics,South,Arjun Mehta,39,48.91,1907.49,900.41,1007.08
2023-08-27,Laptop Pro 15,Electronics,East,Rohan Gupta,1,823.35,823.35,628.56,194.79
2023-08-27,USB-C Hub,Electronics,South,Vikram Singh,42,47.91,2012.22,913.3,1098.92
2023-08-28,Webcam HD,Electronics,Central,Arjun Mehta,6,74.39,446.34,172.84,273.5
2023-08-28,Tablet 10 inch,Electronics,South,Divya Nair,2,507.8,1015.6,623.27,392.33
2023-08-28,Mechanical Keyboard,Electronics,North,Sneha Joshi,16,88.77,1420.32,656.08,764.24
2023-08-28,Bookshelf Oak,Furniture,South,Arjun Mehta,6,186.36,1118.16,570.67,547.49
2023-08-29,Pen Set Premium,Office Supplies,North,Priya Sharma,10,24.23,242.3,78.74,163.56
2023-08-29,Monitor 27 inch,Electronics,North,Rohan Gupta,5,340.42,1702.1,1006.87,695.23
2023-08-29,Mechanical Keyboard,Electronics,South,Priya Sharma,16,97.13,1554.08,689.74,864.34
2023-08-29,Mechanical Keyboard,Electronics,West,Priya Sharma,6,91.44,548.64,257.1,291.54
2023-08-29,Headphones Wireless,Electronics,West,Ananya Reddy,10,163.14,1631.4,737.53,893.87
2023-08-30,Office Chair Ergonomic,Furniture,East,Vikram Singh,5,270.84,1354.2,802.73,551.47
2023-08-30,Laptop Pro 15,Electronics,East,Neha Patel,4,834.84,3339.36,2493.77,845.59
2023-08-31,Office Chair Ergonomic,Furniture,West,Sneha Joshi,3,306.08,918.24,463.0,455.24
2023-08-31,Mechanical Keyboard,Electronics,Central,Karthik Iyer,3,81.01,243.03,122.53,120.5
2023-09-02,Tablet 10 inch,Electronics,Central,Priya Sharma,2,481.31,962.62,603.79,358.83
2023-09-02,Webcam HD,Electronics,South,Sneha Joshi,11,67.43,741.73,340.3,401.43
2023-09-02,Mechanical Keyboard,Electronics,West,Arjun Mehta,5,97.53,487.65,208.32,279.33
2023-09-02,Cable Organizer,Accessories,West,Karthik Iyer,12,9.64,115.68,35.2,80.48
2023-09-02,Stapler Heavy Duty,Office Supplies,West,Sneha Joshi,6,21.47,128.82,43.38,85.44
2023-09-02,Laptop Bag,Accessories,North,Neha Patel,16,64.95,1039.2,399.93,639.27
2023-09-03,Tablet 10 inch,Electronics,West,Priya Sharma,5,454.81,2274.05,1531.16,742.89
2023-09-04,Headphones Wireless,Electronics,Central,Sneha Joshi,15,148.75,2231.25,1129.34,1101.91
2023-09-04,Webcam HD,Electronics,East,Arjun Mehta,15,72.32,1084.8,471.3,613.5
2023-09-04,Headphones Wireless,Electronics,South,Priya Sharma,6,146.02,876.12,468.4,407.72
2023-09-04,Webcam HD,Electronics,East,Ananya Reddy,7,68.42,478.94,201.28,277.66
2023-09-04,USB-C Hub,Electronics,South,Rohan Gupta,1,47.64,47.64,22.86,24.78
2023-09-04,Power Bank 20000mAh,Accessories,West,Arjun Mehta,31,36.02,1116.62,498.9,617.72
2023-09-04,Tablet 10 inch,Electronics,North,Arjun Mehta,2,542.72,1085.44,649.06,436.38
2023-09-04,Mechanical Keyboard,Electronics,Central,Divya Nair,2,88.21,176.42,82.51,93.91
2023-09-05,Standing Desk,Furniture,South,Arjun Mehta,4,481.9,1927.6,1005.6,922.0
2023-09-05,Office Chair Ergonomic,Furniture,Central,Arjun Mehta,5,285.53,1427.65,805.79,621.86
2023-09-05,Whiteboard Markers,Office Supplies,East,Arjun Mehta,2,14.86,29.72,10.02,19.7
2023-09-05,Bookshelf Oak,Furniture,Central,Sneha Joshi,2,188.02,376.04,182.96,193.08
2023-09-05,Monitor 27 inch,Electronics,East,Karthik Iyer,2,350.39,700.78,436.77,264.01
2023-09-06,Headphones Wireless,Electronics,East,Amit Kumar,9,144.59,1301.31,680.22,621.09
2023-09-06,Webcam HD,Electronics,West,Neha Patel,7,63.97,447.79,206.71,241.08
2023-09-06,Pen Set Premium,Office Supplies,East,Arjun Mehta,25,27.31,682.75,190.75,492.0
2023-09-06,USB-C Hub,Electronics,South,Priya Sharma,27,48.48,1308.96,617.76,691.2
2023-09-07,Monitor 27 inch,Electronics,South,Ananya Reddy,5,330.69,1653.45,1100.94,552.51
2023-09-07,Standing Desk,Furniture,Central,Divya Nair,1,440.85,440.85,254.76,186.09
2023-09-07,Pen Set Premium,Office Supplies,West,Ananya Reddy,5,25.66,128.3,41.38,86.92
2023-09-07,Laptop Air 13,Electronics,South,Amit Kumar,1,738.14,738.14,554.8,183.34
2023-09-07,Pen Set Premium,Office Supplies,North,Arjun Mehta,20,24.13,482.6,163.39,319.21
2023-09-07,Printer Paper Ream,Office Supplies,South,Amit Kumar,29,9.37,271.73,104.14,167.59
2023-09-07,Bookshelf Oak,Furniture,North,Divya Nair,1,180.3,180.3,98.08,82.22
2023-09-07,Laptop Air 13,Electronics,South,Ananya Reddy,2,700.84,1401.68,1127.22,274.46
2023-09-08,Screen Protector,Accessories,South,Sneha Joshi,4,15.18,60.72,12.56,48.16
2023-09-08,Office Chair Ergonomic,Furniture,South,Ananya Reddy,1,316.28,316.28,167.09,149.19
2023-09-08,Office Chair Ergonomic,Furniture,Central,Karthik Iyer,5,304.1,1520.5,804.08,716.42
2023-09-08,Screen Protector,Accessories,West,Divya Nair,15,14.78,221.7,44.5,177.2
2023-09-08,Wireless Mouse,Electronics,North,Karthik Iyer,2,28.34,56.68,23.82,32.86
2023-09-08,Notebook A4 Pack,Office Supplies,East,Rohan Gupta,27,13.54,365.58,103.48,262.1
2023-09-08,Whiteboard Markers,Office Supplies,Central,Amit Kumar,10,14.08,140.8,51.29,89.51
2023-09-09,Desk Lamp LED,Furniture,North,Rohan Gupta,39,43.41,1692.99,582.73,1110.26
2023-09-09,Tablet 10 inch,Electronics,North,Ananya Reddy,5,479.82,2399.1,1584.66,814.44
2023-09-09,Whiteboard Markers,Office Supplies,North,Arjun Mehta,39,14.2,553.8,204.12,349.68
2023-09-09,Screen Protector,Accessories,Central,Ananya Reddy,34,14.99,509.66,97.42,412.24
2023-09-09,Webcam HD,Electronics,East,Ananya Reddy,4,67.89,271.56,120.03,151.53
2023-09-10,Tablet 10 inch,Electronics,North,Rohan Gupta,4,488.13,1952.52,1279.94,672.58
2023-09-10,Power Bank 20000mAh,Accessories,West,Neha Patel,37,41.76,1545.12,564.99,980.13
2023-09-10,Mechanical Keyboard,Electronics,West,Divya Nair,14,95.56,1337.84,606.47,731.37
2023-09-10,Laptop Bag,Accessories,Central,Rohan Gupta,14,65.53,917.42,360.55,556.87
2023-09-11,Laptop Bag,Accessories,Central,Divya Nair,7,61.0,427.0,166.38,260.62
2023-09-11,Whiteboard Markers,Office Supplies,Central,Karthik Iyer,41,14.41,590.81,203.19,387.62
2023-09-11,Stapler Heavy Duty,Office Supplies,South,Rohan Gupta,8,20.45,163.6,55.6,108.0
2023-09-12,Tablet 10 inch,Electronics,Central,Arjun Mehta,5,479.93,2399.65,1575.33,824.32
2023-09-12,Notebook A4 Pack,Office Supplies,East,Vikram Singh,38,11.8,448.4,147.13,301.27
2023-09-12,Screen Protector,Accessories,Central,Vikram Singh,27,15.82,427.14,84.98,342.16
2023-09-12,USB-C Hub,Electronics,North,Neha Patel,22,51.05,1123.1,473.45,649.65
2023-09-12,Mechanical Keyboard,Electronics,East,Amit Kumar,10,84.98,849.8,408.1,441.7
2023-09-12,Standing Desk,Furniture,Central,Divya Nair,2,432.99,865.98,501.32,364.66
2023-09-13,Laptop Pro 15,Electronics,South,Neha Patel,1,944.43,944.43,666.53,277.9
2023-09-13,Notebook A4 Pack,Office Supplies,North,Priya Sharma,25,13.08,327.0,104.61,222.39
2023-09-13,Tablet 10 inch,Electronics,Central,Priya Sharma,1,516.1,516.1,310.62,205.48
2023-09-13,Laptop Bag,Accessories,West,Divya Nair,10,54.61,546.1,254.51,291.59
2023-09-13,Power Bank 20000mAh,Accessories,West,Sneha Joshi,6,40.74,244.44,100.05,144.39
2023-09-13,Laptop Air 13,Electronics,West,Ananya Reddy,1,684.91,684.91,538.33,146.58
2023-09-14,Stapler Heavy Duty,Office Supplies,Central,Ananya Reddy,5,21.72,108.6,35.32,73.28
2023-09-14,Stapler Heavy Duty,Office Supplies,East,Priya Sharma,20,18.05,361.0,133.57,227.43
2023-09-14,Desk Organizer,Office Supplies,East,Neha Patel,14,34.9,488.6,200.39,288.21
2023-09-14,Monitor 27 inch,Electronics,East,Sneha Joshi,2,382.16,764.32,433.16,331.16
2023-09-15,Wireless Mouse,Electronics,South,Amit Kumar,7,27.6,193.2,81.74,111.46
2023-09-15,Cable Organizer,Accessories,North,Neha Patel,41,9.23,378.43,120.26,258.17
2023-09-15,Stapler Heavy Duty,Office Supplies,East,Vikram Singh,11,19.35,212.85,78.66,134.19
2023-09-15,Laptop Air 13,Electronics,South,Priya Sharma,1,739.05,739.05,541.67,197.38
2023-09-16,Stapler Heavy Duty,Office Supplies,North,Priya Sharma,17,21.54,366.18,114.66,251.52
2023-09-16,Laptop Pro 15,Electronics,West,Ananya Reddy,5,878.37,4391.85,3367.71,1024.14
2023-09-16,Notebook A4 Pack,Office Supplies,North,Vikram Singh,43,12.27,527.61,164.34,363.27
2023-09-16,Filing Cabinet,Furniture,East,Ananya Reddy,14,134.78,1886.92,998.49,888.43
2023-09-16,Laptop Air 13,Electronics,North,Vikram Singh,5,711.67,3558.35,2588.43,969.92
2023-09-17,Monitor 27 inch,Electronics,East,Divya Nair,4,358.61,1434.44,835.0,599.44
2023-09-17,Monitor 27 inch,Electronics,Central,Ananya Reddy,3,334.95,1004.85,645.68,359.17
2023-09-18,Stapler Heavy Duty,Office Supplies,Central,Priya Sharma,12,20.57,246.84,80.49,166.35
2023-09-18,Tablet 10 inch,Electronics,North,Karthik Iyer,5,542.79,2713.95,1563.81,1150.14
2023-09-18,Screen Protector,Accessories,North,Arjun Mehta,20,13.98,279.6,58.52,221.08
2023-09-18,Monitor 27 inch,Electronics,East,Vikram Singh,3,322.09,966.27,605.79,360.48
2023-09-18,Phone Stand,Accessories,South,Vikram Singh,31,19.67,609.77,180.77,429.0
2023-09-18,Bookshelf Oak,Furniture,North,Ananya Reddy,12,163.14,1957.68,1102.94,854.74
2023-09-18,USB-C Hub,Electronics,East,Vikram Singh,20,45.01,900.2,436.68,463.52
2023-09-18,Bookshelf Oak,Furniture,East,Priya Sharma,14,182.09,2549.26,1393.01,1156.25
2023-09-18,Laptop Pro 15,Electronics,South,Neha Patel,1,855.75,855.75,635.6,220.15
2023-09-18,Cable Organizer,Accessories,East,Sneha Joshi,29,10.93,316.97,86.5,230.47
2023-09-18,Office Chair Ergonomic,Furniture,South,Arjun Mehta,6,300.53,1803.18,949.15,854.03
2023-09-19,Tablet 10 inch,Electronics,South,Neha Patel,5,468.26,2341.3,1485.08,856.22
2023-09-20,Printer Paper Ream,Office Supplies,Central,Karthik Iyer,11,10.37,114.07,37.93,76.14
2023-09-20,Office Chair Ergonomic,Furniture,West,Rohan Gupta,15,282.55,4238.25,2433.18,1805.07
2023-09-20,Stapler Heavy Duty,Office Supplies,West,Karthik Iyer,6,20.03,120.18,43.11,77.07
2023-09-20,Monitor 27 inch,Electronics,South,Divya Nair,5,359.61,1798.05,1085.08,712.97
2023-09-20,Phone Stand,Accessories,West,Karthik Iyer,11,20.36,223.96,65.3,158.66
2023-09-20,Webcam HD,Electronics,East,Rohan Gupta,16,65.05,1040.8,459.72,581.08
2023-09-21,Whiteboard Markers,Office Supplies,North,Sneha Joshi,32,14.73,471.36,157.63,313.73
2023-09-21,Cable Organizer,Accessories,South,Neha Patel,2,9.51,19.02,5.74,13.28
2023-09-21,Webcam HD,Electronics,South,Divya Nair,2,65.68,131.36,60.85,70.51
2023-09-22,Office Chair Ergonomic,Furniture,North,Neha Patel,16,304.03,4864.48,2452.16,2412.32
2023-09-22,Power Bank 20000mAh,Accessories,West,Karthik Iyer,38,37.21,1413.98,584.32,829.66
2023-09-22,Printer Paper Ream,Office Supplies,South,Neha Patel,38,10.17,386.46,127.55,258.91
2023-09-22,Desk Lamp LED,Furniture,North,Sneha Joshi,31,40.25,1247.75,472.98,774.77
2023-09-22,Office Chair Ergonomic,Furniture,Central,Arjun Mehta,15,279.39,4190.85,2499.79,1691.06
2023-09-22,Desk Lamp LED,Furniture,South,Priya Sharma,25,39.91,997.75,382.38,615.37
2023-09-24,Printer Paper Ream,Office Supplies,East,Rohan Gupta,7,9.26,64.82,23.73,41.09
2023-09-24,Laptop Air 13,Electronics,East,Ananya Reddy,2,779.75,1559.5,1071.89,487.61
2023-09-24,USB-C Hub,Electronics,West,Divya Nair,16,49.73,795.68,348.77,446.91
2023-09-24,Office Chair Ergonomic,Furniture,Central,Rohan Gupta,14,309.72,4336.08,2332.58,2003.5
2023-09-24,Cable Organizer,Accessories,West,Rohan Gupta,37,9.56,353.72,106.95,246.77
2023-09-25,Webcam HD,Electronics,North,Divya Nair,2,71.81,143.62,59.29,84.33
2023-09-25,Webcam HD,Electronics,North,Amit Kumar,11,73.14,804.54,332.58,471.96
2023-09-25,USB-C Hub,Electronics,North,Neha Patel,18,53.04,954.72,402.52,552.2
2023-09-26,Desk Organizer,Office Supplies,North,Sneha Joshi,7,34.67,242.69,94.76,147.93
2023-09-26,Power Bank 20000mAh,Accessories,North,Divya Nair,7,43.11,301.77,107.52,194.25
2023-09-26,Wireless Mouse,Electronics,West,Neha Patel,27,32.33,872.91,321.62,551.29
2023-09-26,Laptop Pro 15,Electronics,South,Rohan Gupta,4,930.41,3721.64,2471.12,1250.52
2023-09-26,Standing Desk,Furniture,East,Divya Nair,3,476.93,1430.79,772.44,658.35
2023-09-27,Bookshelf Oak,Furniture,North,Arjun Mehta,10,164.96,1649.6,906.25,743.35
2023-09-27,Monitor 27 inch,Electronics,West,Rohan Gupta,5,330.86,1654.3,1040.04,614.26
2023-09-27,Monitor 27 inch,Electronics,East,Amit Kumar,4,372.86,1491.44,846.96,644.48
2023-09-28,Printer Paper Ream,Office Supplies,West,Arjun Mehta,4,9.73,38.92,13.7,25.22
2023-09-28,Laptop Bag,Accessories,Central,Vikram Singh,6,61.98,371.88,154.98,216.9
2023-09-28,Monitor 27 inch,Electronics,South,Karthik Iyer,5,328.14,1640.7,1012.57,628.13
2023-09-28,Monitor 27 inch,Electronics,South,Arjun Mehta,1,331.44,331.44,213.31,118.13
2023-09-28,Monitor 27 inch,Electronics,Central,Amit Kumar,2,384.54,769.08,434.31,334.77
2023-09-29,Whiteboard Markers,Office Supplies,East,Arjun Mehta,2,15.99,31.98,9.66,22.32
2023-09-29,Bookshelf Oak,Furniture,West,Ananya Reddy,8,189.22,1513.76,747.83,765.93
2023-09-29,Bookshelf Oak,Furniture,North,Ananya Reddy,12,184.15,2209.8,1150.28,1059.52
2023-09-29,Mechanical Keyboard,Electronics,Central,Karthik Iyer,8,90.52,724.16,333.54,390.62
2023-09-29,Desk Organizer,Office Supplies,West,Karthik Iyer,33,32.06,1057.98,458.23,599.75
2023-09-30,Power Bank 20000mAh,Accessories,East,Vikram Singh,3,38.56,115.68,48.31,67.37
2023-09-30,Filing Cabinet,Furniture,South,Karthik Iyer,16,123.54,1976.64,1074.16,902.48
2023-09-30,Wireless Mouse,Electronics,East,Sneha Joshi,4,30.9,123.6,48.97,74.63
2023-10-01,Headphones Wireless,Electronics,West,Amit Kumar,16,168.13,2690.08,1177.34,1512.74
2023-10-01,Screen Protector,Accessories,West,Vikram Singh,49,13.81,676.69,141.56,535.13
2023-10-01,Webcam HD,Electronics,Central,Divya Nair,3,63.82,191.46,89.19,102.27
2023-10-01,Webcam HD,Electronics,South,Vikram Singh,12,68.73,824.76,377.5,447.26
2023-10-02,Laptop Pro 15,Electronics,Central,Rohan Gupta,3,867.75,2603.25,1890.05,713.2
2023-10-02,Desk Organizer,Office Supplies,East,Rohan Gupta,22,37.16,817.52,296.94,520.58
2023-10-03,Desk Organizer,Office Supplies,North,Arjun Mehta,25,32.91,822.75,362.91,459.84
2023-10-03,Tablet 10 inch,Electronics,West,Vikram Singh,6,470.21,2821.26,1926.21,895.05
2023-10-03,Stapler Heavy Duty,Office Supplies,East,Vikram Singh,9,19.55,175.95,61.6,114.35
2023-10-03,Bookshelf Oak,Furniture,West,Karthik Iyer,18,192.21,3459.78,1698.4,1761.38
2023-10-03,Laptop Bag,Accessories,Central,Divya Nair,18,61.32,1103.76,439.66,664.1
2023-10-04,Bookshelf Oak,Furniture,Central,Karthik Iyer,19,188.93,3589.67,1757.34,1832.33
2023-10-04,Whiteboard Markers,Office Supplies,Central,Divya Nair,34,16.31,554.54,167.94,386.6
2023-10-04,Phone Stand,Accessories,South,Ananya Reddy,45,20.83,937.35,270.39,666.96
2023-10-04,Pen Set Premium,Office Supplies,South,Priya Sharma,40,23.49,939.6,307.01,632.59
2023-10-04,Tablet 10 inch,Electronics,Central,Rohan Gupta,1,517.25,517.25,322.21,195.04
2023-10-05,Headphones Wireless,Electronics,North,Priya Sharma,4,151.98,607.92,306.41,301.51
2023-10-05,Filing Cabinet,Furniture,West,Neha Patel,4,125.34,501.36,272.38,228.98
2023-10-05,Laptop Air 13,Electronics,West,Karthik Iyer,6,698.1,4188.6,3231.31,957.29
2023-10-05,Laptop Bag,Accessories,North,Priya Sharma,3,61.35,184.05,76.67,107.38
2023-10-05,Mechanical Keyboard,Electronics,South,Neha Patel,7,87.75,614.25,282.26,331.99
2023-10-05,Filing Cabinet,Furniture,East,Sneha Joshi,1,140.73,140.73,67.54,73.19
2023-10-05,Bookshelf Oak,Furniture,North,Arjun Mehta,4,183.09,732.36,390.85,341.51
2023-10-06,Office Chair Ergonomic,Furniture,East,Karthik Iyer,4,310.29,1241.16,627.2,613.96
2023-10-06,Mechanical Keyboard,Electronics,West,Priya Sharma,13,83.44,1084.72,560.32,524.4
2023-10-06,Mechanical Keyboard,Electronics,West,Sneha Joshi,12,86.22,1034.64,483.35,551.29
2023-10-06,Webcam HD,Electronics,East,Sneha Joshi,22,65.03,1430.66,677.57,753.09
2023-10-06,Filing Cabinet,Furniture,West,Priya Sharma,22,141.22,3106.84,1529.57,1577.27
2023-10-06,Tablet 10 inch,Electronics,Central,Karthik Iyer,7,530.86,3716.02,2206.38,1509.64
2023-10-08,Desk Organizer,Office Supplies,East,Ananya Reddy,40,36.84,1473.6,556.11,917.49
2023-10-08,Office Chair Ergonomic,Furniture,East,Karthik Iyer,10,306.64,3066.4,1676.05,1390.35
2023-10-08,Printer Paper Ream,Office Supplies,East,Karthik Iyer,55,9.78,537.9,190.9,347.0
2023-10-08,Webcam HD,Electronics,South,Sneha Joshi,6,67.38,404.28,183.08,221.2
2023-10-09,Desk Lamp LED,Furniture,Central,Karthik Iyer,52,39.78,2068.56,743.86,1324.7
2023-10-09,Pen Set Premium,Office Supplies,East,Priya Sharma,15,24.62,369.3,121.02,248.28
2023-10-10,Cable Organizer,Accessories,North,Arjun Mehta,45,10.23,460.35,135.85,324.5
2023-10-10,Laptop Bag,Accessories,East,Rohan Gupta,16,62.37,997.92,394.5,603.42
2023-10-10,Office Chair Ergonomic,Furniture,North,Vikram Singh,3,292.09,876.27,459.42,416.85
2023-10-10,Whiteboard Markers,Office Supplies,West,Sneha Joshi,39,13.63,531.57,197.9,333.67
2023-10-10,Tablet 10 inch,Electronics,East,Karthik Iyer,7,542.22,3795.54,2192.94,1602.6
2023-10-10,Cable Organizer,Accessories,West,Priya Sharma,12,10.65,127.8,34.59,93.21
2023-10-10,Mechanical Keyboard,Electronics,East,Ananya Reddy,16,82.35,1317.6,673.95,643.65
2023-10-11,Desk Lamp LED,Furniture,Central,Rohan Gupta,42,41.73,1752.66,656.15,1096.51
2023-10-11,Screen Protector,Accessories,South,Divya Nair,36,15.04,541.44,112.76,428.68
2023-10-11,Notebook A4 Pack,Office Supplies,South,Karthik Iyer,36,11.73,422.28,148.2,274.08
2023-10-11,Pen Set Premium,Office Supplies,South,Rohan Gupta,18,24.75,445.5,143.97,301.53
2023-10-11,Webcam HD,Electronics,North,Vikram Singh,21,72.62,1525.02,616.74,908.28
2023-10-12,Standing Desk,Furniture,South,Divya Nair,4,486.99,1947.96,982.87,965.09
2023-10-12,Laptop Air 13,Electronics,North,Divya Nair,4,817.9,3271.6,2084.33,1187.27
2023-10-12,Screen Protector,Accessories,Central,Rohan Gupta,18,15.0,270.0,52.94,217.06
2023-10-12,Headphones Wireless,Electronics,West,Neha Patel,19,171.4,3256.6,1480.74,1775.86
2023-10-12,Wireless Mouse,Electronics,West,Divya Nair,52,28.19,1465.88,624.1,841.78
2023-10-13,Whiteboard Markers,Office Supplies,South,Vikram Singh,51,13.7,698.7,255.13,443.57
2023-10-13,Laptop Air 13,Electronics,West,Neha Patel,4,788.02,3152.08,2133.57,1018.51
2023-10-14,Laptop Bag,Accessories,East,Rohan Gupta,19,62.48,1187.12,464.22,722.9
2023-10-14,Laptop Bag,Accessories,West,Priya Sharma,9,54.2,487.8,234.27,253.53
2023-10-14,Office Chair Ergonomic,Furniture,West,Rohan Gupta,10,324.89,3248.9,1606.43,1642.47
2023-10-14,Printer Paper Ream,Office Supplies,North,Ananya Reddy,13,10.28,133.64,45.61,88.03
2023-10-14,Whiteboard Markers,Office Supplies,South,Sneha Joshi,27,14.7,396.9,129.28,267.62
2023-10-15,Pen Set Premium,Office Supplies,North,Ananya Reddy,22,25.35,557.7,175.11,382.59
2023-10-15,Standing Desk,Furniture,Central,Priya Sharma,3,489.3,1467.9,761.98,705.92
2023-10-15,Notebook A4 Pack,Office Supplies,East,Divya Nair,42,13.41,563.22,165.78,397.44
2023-10-16,Power Bank 20000mAh,Accessories,East,Karthik Iyer,13,42.07,546.91,208.31,338.6
2023-10-16,Stapler Heavy Duty,Office Supplies,West,Sneha Joshi,40,20.4,816.0,283.82,532.18
2023-10-16,Laptop Bag,Accessories,North,Ananya Reddy,18,58.77,1057.86,433.26,624.6
2023-10-16,Monitor 27 inch,Electronics,South,Ananya Reddy,7,325.74,2280.18,1458.0,822.18
2023-10-16,Screen Protector,Accessories,East,Ananya Reddy,60,16.07,964.2,176.96,787.24
2023-10-18,Standing Desk,Furniture,North,Divya Nair,4,415.74,1662.96,1017.33,645.63
2023-10-18,Stapler Heavy Duty,Office Supplies,East,Divya Nair,52,18.79,977.08,375.31,601.77
2023-10-19,Office Chair Ergonomic,Furniture,East,Vikram Singh,16,301.27,4820.32,2537.87,2282.45
2023-10-19,Laptop Air 13,Electronics,North,Divya Nair,1,694.22,694.22,532.79,161.43
2023-10-19,Power Bank 20000mAh,Accessories,East,Karthik Iyer,18,40.63,731.34,284.32,447.02
2023-10-19,Cable Organizer,Accessories,West,Arjun Mehta,19,10.33,196.27,59.46,136.81
2023-10-19,Power Bank 20000mAh,Accessories,South,Priya Sharma,18,42.13,758.34,280.92,477.42
2023-10-19,Office Chair Ergonomic,Furniture,Central,Priya Sharma,4,302.19,1208.76,669.46,539.3
2023-10-19,Laptop Bag,Accessories,East,Divya Nair,22,61.74,1358.28,569.25,789.03
2023-10-20,Standing Desk,Furniture,West,Divya Nair,1,421.9,421.9,242.78,179.12
2023-10-20,Cable Organizer,Accessories,Central,Divya Nair,3,10.66,31.98,8.58,23.4
2023-10-20,Notebook A4 Pack,Office Supplies,Central,Neha Patel,10,12.84,128.4,38.61,89.79
2023-10-20,Webcam HD,Electronics,Central,Rohan Gupta,19,70.03,1330.57,577.65,752.92
2023-10-21,Filing Cabinet,Furniture,North,Ananya Reddy,7,138.35,968.45,503.97,464.48
2023-10-21,Cable Organizer,Accessories,West,Priya Sharma,36,10.26,369.36,105.75,263.61
2023-10-21,USB-C Hub,Electronics,Central,Sneha Joshi,13,45.32,589.16,289.23,299.93
2023-10-21,Monitor 27 inch,Electronics,Central,Ananya Reddy,1,382.95,382.95,207.52,175.43
2023-10-21,Standing Desk,Furniture,Central,Arjun Mehta,6,406.23,2437.38,1492.57,944.81
2023-10-21,Printer Paper Ream,Office Supplies,East,Rohan Gupta,46,10.05,462.3,156.34,305.96
2023-10-22,Printer Paper Ream,Office Supplies,West,Sneha Joshi,21,10.01,210.21,75.66,134.55
2023-10-22,Whiteboard Markers,Office Supplies,West,Karthik Iyer,58,16.24,941.92,297.61,644.31
2023-10-22,Pen Set Premium,Office Supplies,West,Ananya Reddy,54,25.29,1365.66,419.02,946.64
2023-10-22,Phone Stand,Accessories,East,Neha Patel,4,18.14,72.56,23.25,49.31
2023-10-22,Printer Paper Ream,Office Supplies,South,Sneha Joshi,42,10.55,443.1,141.32,301.78
2023-10-22,Cable Organizer,Accessories,East,Priya Sharma,43,10.61,456.23,123.45,332.78
2023-10-22,Power Bank 20000mAh,Accessories,Central,Divya Nair,27,39.65,1070.55,424.38,646.17
2023-10-23,Tablet 10 inch,Electronics,East,Arjun Mehta,1,472.88,472.88,315.4,157.48
2023-10-23,Pen Set Premium,Office Supplies,South,Ananya Reddy,24,22.85,548.4,195.01,353.39
2023-10-23,Headphones Wireless,Electronics,South,Neha Patel,7,148.33,1038.31,527.85,510.46
2023-10-23,USB-C Hub,Electronics,East,Priya Sharma,3,47.06,141.18,65.74,75.44
2023-10-23,Cable Organizer,Accessories,West,Neha Patel,4,9.29,37.16,11.78,25.38
2023-10-24,Office Chair Ergonomic,Furniture,North,Karthik Iyer,21,272.08,5713.68,3217.82,2495.86
2023-10-24,Cable Organizer,Accessories,South,Divya Nair,30,9.17,275.1,90.05,185.05
2023-10-24,Webcam HD,Electronics,Central,Divya Nair,13,75.34,979.42,385.11,594.31
2023-10-25,Screen Protector,Accessories,East,Rohan Gupta,55,14.29,785.95,170.91,615.04
2023-10-25,Tablet 10 inch,Electronics,South,Divya Nair,7,471.38,3299.66,2227.66,1072.0
2023-10-25,Wireless Mouse,Electronics,North,Vikram Singh,49,31.83,1559.67,583.61,976.06
2023-10-25,Screen Protector,Accessories,West,Divya Nair,28,13.92,389.76,84.16,305.6
2023-10-26,Standing Desk,Furniture,West,Priya Sharma,1,423.22,423.22,256.3,166.92
2023-10-26,Pen Set Premium,Office Supplies,South,Neha Patel,45,22.51,1012.95,352.03,660.92
2023-10-26,Wireless Mouse,Electronics,West,Arjun Mehta,13,28.48,370.24,150.26,219.98
2023-10-26,Bookshelf Oak,Furniture,Central,Ananya Reddy,1,166.53,166.53,94.12,72.41
2023-10-26,Pen Set Premium,Office Supplies,North,Neha Patel,30,23.86,715.8,248.4,467.4
2023-10-27,Printer Paper Ream,Office Supplies,East,Vikram Singh,21,10.11,212.31,76.17,136.14
2023-10-27,Phone Stand,Accessories,Central,Sneha Joshi,22,21.36,469.92,133.84,336.08
2023-10-27,Filing Cabinet,Furniture,Central,Amit Kumar,19,129.87,2467.53,1359.35,1108.18
2023-10-27,Cable Organizer,Accessories,South,Vikram Singh,46,10.17,467.82,139.86,327.96
2023-10-28,Laptop Bag,Accessories,Central,Sneha Joshi,19,62.83,1193.77,493.51,700.26
2023-10-28,Office Chair Ergonomic,Furniture,East,Rohan Gupta,10,313.51,3135.1,1675.3,1459.8
2023-10-28,Mechanical Keyboard,Electronics,South,Vikram Singh,22,85.61,1883.42,905.75,977.67
2023-10-28,Bookshelf Oak,Furniture,East,Arjun Mehta,18,195.15,3512.7,1654.6,1858.1
2023-10-28,Standing Desk,Furniture,East,Amit Kumar,6,443.61,2661.66,1503.53,1158.13
2023-10-29,Filing Cabinet,Furniture,Central,Rohan Gupta,4,131.25,525.0,272.64,252.36
2023-10-29,Whiteboard Markers,Office Supplies,West,Divya Nair,40,15.83,633.2,195.39,437.81
2023-10-29,Power Bank 20000mAh,Accessories,West,Divya Nair,46,43.61,2006.06,768.88,1237.18
2023-10-29,Laptop Bag,Accessories,West,Karthik Iyer,16,63.82,1021.12,416.64,604.48
2023-10-30,Laptop Air 13,Electronics,West,Karthik Iyer,7,752.2,5265.4,3750.2,1515.2
2023-10-30,Bookshelf Oak,Furniture,East,Vikram Singh,10,178.44,1784.4,915.69,868.71
2023-10-31,Notebook A4 Pack,Office Supplies,East,Amit Kumar,13,12.19,158.47,52.86,105.61
2023-10-31,Bookshelf Oak,Furniture,West,Rohan Gupta,6,164.68,988.08,553.05,435.03
2023-10-31,Stapler Heavy Duty,Office Supplies,Central,Amit Kumar,54,19.77,1067.58,370.59,696.99
2023-10-31,Filing Cabinet,Furniture,North,Vikram Singh,15,142.39,2135.85,1064.47,1071.38
2023-10-31,USB-C Hub,Electronics,South,Divya Nair,28,48.75,1365.0,586.25,778.75
2023-10-31,Monitor 27 inch,Electronics,East,Neha Patel,7,377.93,2645.51,1477.33,1168.18
2023-10-31,Wireless Mouse,Electronics,West,Rohan Gupta,33,32.5,1072.5,391.14,681.36
2023-11-01,Notebook A4 Pack,Office Supplies,Central,Priya Sharma,30,13.51,405.3,122.76,282.54
2023-11-01,Pen Set Premium,Office Supplies,West,Vikram Singh,12,23.14,277.68,95.22,182.46
2023-11-01,Laptop Bag,Accessories,West,Sneha Joshi,12,54.81,657.72,301.45,356.27
2023-11-01,Laptop Bag,Accessories,West,Arjun Mehta,18,55.46,998.28,455.16,543.12
2023-11-02,USB-C Hub,Electronics,North,Amit Kumar,13,47.04,611.52,272.75,338.77
2023-11-02,Pen Set Premium,Office Supplies,Central,Neha Patel,57,27.22,1551.54,474.87,1076.67
2023-11-02,Tablet 10 inch,Electronics,West,Karthik Iyer,4,527.64,2110.56,1216.97,893.59
2023-11-02,USB-C Hub,Electronics,East,Rohan Gupta,39,46.19,1801.41,840.31,961.1
2023-11-02,Headphones Wireless,Electronics,West,Vikram Singh,4,173.49,693.96,289.34,404.62
2023-11-02,Filing Cabinet,Furniture,East,Priya Sharma,16,135.43,2166.88,1066.05,1100.83
2023-11-03,USB-C Hub,Electronics,North,Neha Patel,34,48.95,1664.3,714.26,950.04
2023-11-03,Webcam HD,Electronics,North,Neha Patel,18,65.42,1177.56,546.45,631.11
2023-11-04,Monitor 27 inch,Electronics,Central,Neha Patel,1,362.95,362.95,201.17,161.78
2023-11-04,Tablet 10 inch,Electronics,West,Vikram Singh,6,483.28,2899.68,1951.33,948.35
2023-11-05,Webcam HD,Electronics,West,Divya Nair,19,67.49,1282.31,554.76,727.55
2023-11-05,Desk Organizer,Office Supplies,West,Sneha Joshi,54,31.58,1705.32,743.95,961.37
2023-11-05,Whiteboard Markers,Office Supplies,West,Amit Kumar,28,16.34,457.52,137.19,320.33
2023-11-05,Pen Set Premium,Office Supplies,East,Ananya Reddy,9,22.56,203.04,73.53,129.51
2023-11-05,Mechanical Keyboard,Electronics,East,Karthik Iyer,19,81.5,1548.5,794.54,753.96
2023-11-06,Printer Paper Ream,Office Supplies,Central,Vikram Singh,21,10.29,216.09,74.1,141.99
2023-11-06,Power Bank 20000mAh,Accessories,Central,Karthik Iyer,43,42.66,1834.38,676.4,1157.98
2023-11-06,Office Chair Ergonomic,Furniture,East,Priya Sharma,15,289.97,4349.55,2462.17,1887.38
2023-11-06,Laptop Pro 15,Electronics,Central,Vikram Singh,6,987.27,5923.62,3707.76,2215.86
2023-11-06,Monitor 27 inch,Electronics,East,Divya Nair,3,326.9,980.7,649.81,330.89
2023-11-07,Cable Organizer,Accessories,North,Neha Patel,48,9.14,438.72,150.45,288.27
2023-11-07,Laptop Bag,Accessories,Central,Rohan Gupta,3,58.65,175.95,71.62,104.33
2023-11-07,Tablet 10 inch,Electronics,South,Amit Kumar,7,498.84,3491.88,2178.13,1313.75
2023-11-08,Tablet 10 inch,Electronics,East,Priya Sharma,4,500.7,2002.8,1260.69,742.11
2023-11-08,Mechanical Keyboard,Electronics,North,Sneha Joshi,21,93.56,1964.76,901.86,1062.9
2023-11-08,Office Chair Ergonomic,Furniture,Central,Amit Kumar,10,278.64,2786.4,1606.34,1180.06
2023-11-08,Power Bank 20000mAh,Accessories,North,Rohan Gupta,37,41.23,1525.51,615.46,910.05
2023-11-08,Filing Cabinet,Furniture,Central,Divya Nair,18,129.53,2331.54,1269.85,1061.69
2023-11-08,Wireless Mouse,Electronics,South,Vikram Singh,33,32.62,1076.46,405.68,670.78
2023-11-09,Desk Organizer,Office Supplies,West,Sneha Joshi,22,37.07,815.54,312.0,503.54
2023-11-09,Filing Cabinet,Furniture,South,Neha Patel,3,124.4,373.2,200.97,172.23
2023-11-09,Laptop Pro 15,Electronics,South,Rohan Gupta,4,880.27,3521.08,2563.06,958.02
2023-11-09,Printer Paper Ream,Office Supplies,East,Divya Nair,27,10.18,274.86,96.97,177.89
2023-11-09,Monitor 27 inch,Electronics,West,Neha Patel,4,379.22,1516.88,831.76,685.12
2023-11-09,Phone Stand,Accessories,East,Amit Kumar,15,20.66,309.9,93.02,216.88
2023-11-09,Desk Organizer,Office Supplies,West,Karthik Iyer,6,38.18,229.08,87.06,142.02
2023-11-09,Bookshelf Oak,Furniture,North,Sneha Joshi,21,177.99,3737.79,1950.45,1787.34
2023-11-09,Mechanical Keyboard,Electronics,North,Arjun Mehta,18,95.16,1712.88,761.39,951.49
2023-11-09,Headphones Wireless,Electronics,East,Sneha Joshi,1,161.76,161.76,74.48,87.28
2023-11-09,Webcam HD,Electronics,North,Priya Sharma,3,64.98,194.94,91.41,103.53
2023-11-09,Mechanical Keyboard,Electronics,East,Divya Nair,12,83.8,1005.6,508.75,496.85
2023-11-09,Desk Lamp LED,Furniture,West,Ananya Reddy,54,39.3,2122.2,808.33,1313.87
2023-11-09,Laptop Air 13,Electronics,West,Karthik Iyer,4,791.01,3164.04,2121.71,1042.33
2023-11-10,Headphones Wireless,Electronics,North,Amit Kumar,22,145.35,3197.7,1602.38,1595.32
2023-11-10,Filing Cabinet,Furniture,East,Divya Nair,7,129.05,903.35,471.27,432.08
2023-11-10,Pen Set Premium,Office Supplies,East,Rohan Gupta,28,23.33,653.24,228.37,424.87
2023-11-10,Laptop Air 13,Electronics,North,Divya Nair,7,785.89,5501.23,3611.04,1890.19
2023-11-10,Laptop Air 13,Electronics,West,Divya Nair,6,819.86,4919.16,3138.12,1781.04
2023-11-10,Desk Lamp LED,Furniture,Central,Arjun Mehta,28,41.02,1148.56,407.15,741.41
2023-11-10,Power Bank 20000mAh,Accessories,South,Vikram Singh,39,39.94,1557.66,643.21,914.45
2023-11-11,Standing Desk,Furniture,North,Ananya Reddy,6,485.04,2910.24,1536.5,1373.74
2023-11-11,Mechanical Keyboard,Electronics,North,Sneha Joshi,1,84.01,84.01,42.31,41.7
2023-11-11,Filing Cabinet,Furniture,North,Vikram Singh,7,138.85,971.95,482.12,489.83
2023-11-11,Notebook A4 Pack,Office Supplies,South,Divya Nair,16,12.65,202.4,65.05,137.35
2023-11-11,Desk Lamp LED,Furniture,Central,Vikram Singh,55,40.13,2207.15,856.71,1350.44
2023-11-11,Notebook A4 Pack,Office Supplies,West,Ananya Reddy,9,13.13,118.17,35.79,82.38
2023-11-12,Cable Organizer,Accessories,North,Vikram Singh,36,10.8,388.8,105.61,283.19
2023-11-12,Office Chair Ergonomic,Furniture,North,Divya Nair,6,308.25,1849.5,950.21,899.29
2023-11-12,Whiteboard Markers,Office Supplies,North,Karthik Iyer,13,15.57,202.41,64.72,137.69
2023-11-12,Laptop Pro 15,Electronics,West,Karthik Iyer,7,977.44,6842.08,4480.23,2361.85
2023-11-13,Whiteboard Markers,Office Supplies,North,Rohan Gupta,42,15.75,661.5,214.16,447.34
2023-11-13,Office Chair Ergonomic,Furniture,Central,Divya Nair,3,308.63,925.89,474.1,451.79
2023-11-13,Power Bank 20000mAh,Accessories,North,Amit Kumar,60,41.88,2512.8,933.44,1579.36
2023-11-13,Power Bank 20000mAh,Accessories,South,Karthik Iyer,30,40.98,1229.4,459.02,770.38
2023-11-13,Pen Set Premium,Office Supplies,North,Sneha Joshi,48,24.93,1196.64,385.5,811.14
2023-11-14,Laptop Air 13,Electronics,North,Rohan Gupta,3,795.21,2385.63,1613.31,772.32
2023-11-14,Stapler Heavy Duty,Office Supplies,South,Karthik Iyer,54,18.06,975.24,361.98,613.26
2023-11-14,Cable Organizer,Accessories,Central,Karthik Iyer,31,10.8,334.8,94.04,240.76
2023-11-15,Filing Cabinet,Furniture,Central,Neha Patel,1,133.65,133.65,71.33,62.32
2023-11-15,Webcam HD,Electronics,East,Rohan Gupta,7,73.42,513.94,215.64,298.3
2023-11-15,Headphones Wireless,Electronics,South,Rohan Gupta,19,145.2,2758.8,1473.25,1285.55
2023-11-15,Phone Stand,Accessories,West,Ananya Reddy,24,19.36,464.64,139.4,325.24
2023-11-15,Bookshelf Oak,Furniture,East,Divya Nair,16,185.75,2972.0,1549.53,1422.47
2023-11-16,Tablet 10 inch,Electronics,West,Ananya Reddy,7,482.64,3378.48,2141.35,1237.13
2023-11-16,USB-C Hub,Electronics,Central,Ananya Reddy,19,49.45,939.55,416.32,523.23
2023-11-16,Printer Paper Ream,Office Supplies,South,Neha Patel,49,9.19,450.31,166.72,283.59
2023-11-16,Desk Lamp LED,Furniture,West,Neha Patel,33,36.96,1219.68,485.72,733.96
2023-11-17,Standing Desk,Furniture,East,Ananya Reddy,7,455.16,3186.12,1804.25,1381.87
2023-11-17,Monitor 27 inch,Electronics,South,Priya Sharma,3,318.19,954.57,606.13,348.44
2023-11-17,Cable Organizer,Accessories,East,Neha Patel,25,9.0,225.0,77.16,147.84
2023-11-18,Desk Lamp LED,Furniture,West,Amit Kumar,51,39.94,2036.94,798.55,1238.39
2023-11-18,Laptop Pro 15,Electronics,West,Rohan Gupta,1,846.93,846.93,681.4,165.53
2023-11-18,Standing Desk,Furniture,East,Priya Sharma,4,463.88,1855.52,989.12,866.4
2023-11-18,Pen Set Premium,Office Supplies,East,Sneha Joshi,28,25.6,716.8,216.39,500.41
2023-11-18,Webcam HD,Electronics,Central,Karthik Iyer,15,66.57,998.55,453.16,545.39
2023-11-18,Power Bank 20000mAh,Accessories,North,Rohan Gupta,7,39.92,279.44,111.96,167.48
2023-11-19,Bookshelf Oak,Furniture,Central,Priya Sharma,4,167.42,669.68,375.56,294.12
2023-11-19,Phone Stand,Accessories,East,Divya Nair,28,21.55,603.4,174.33,429.07
2023-11-19,Pen Set Premium,Office Supplies,East,Amit Kumar,10,25.25,252.5,80.28,172.22
2023-11-19,Standing Desk,Furniture,North,Neha Patel,3,465.66,1396.98,745.11,651.87
2023-11-20,Whiteboard Markers,Office Supplies,Central,Amit Kumar,48,15.62,749.76,235.19,514.57
2023-11-20,Laptop Air 13,Electronics,Central,Arjun Mehta,4,721.27,2885.08,2072.03,813.05
2023-11-20,Filing Cabinet,Furniture,East,Sneha Joshi,15,124.88,1873.2,1002.47,870.73
2023-11-20,Laptop Bag,Accessories,East,Priya Sharma,3,55.95,167.85,74.08,93.77
2023-11-21,Mechanical Keyboard,Electronics,North,Karthik Iyer,3,87.45,262.35,124.03,138.32
2023-11-21,Standing Desk,Furniture,North,Divya Nair,7,447.76,3134.32,1699.2,1435.12
2023-11-21,Headphones Wireless,Electronics,Central,Divya Nair,3,175.8,527.4,214.77,312.63
2023-11-21,Laptop Pro 15,Electronics,South,Vikram Singh,1,902.44,902.44,623.61,278.83
2023-11-22,Pen Set Premium,Office Supplies,Central,Divya Nair,39,26.73,1042.47,298.63,743.84
2023-11-22,Tablet 10 inch,Electronics,West,Ananya Reddy,4,518.18,2072.72,1220.54,852.18
2023-11-22,Printer Paper Ream,Office Supplies,Central,Karthik Iyer,43,10.88,467.84,153.04,314.8
2023-11-23,Cable Organizer,Accessories,West,Rohan Gupta,40,9.5,380.0,114.98,265.02
2023-11-23,Pen Set Premium,Office Supplies,South,Ananya Reddy,48,24.29,1165.92,372.04,793.88
2023-11-23,Laptop Bag,Accessories,East,Arjun Mehta,13,57.2,743.6,318.28,425.32
2023-11-23,Laptop Pro 15,Electronics,North,Arjun Mehta,1,949.54,949.54,662.41,287.13
2023-11-23,Cable Organizer,Accessories,Central,Arjun Mehta,57,9.85,561.45,173.76,387.69
2023-11-23,Bookshelf Oak,Furniture,East,Amit Kumar,22,165.83,3648.26,2083.34,1564.92
2023-11-24,Whiteboard Markers,Office Supplies,Central,Divya Nair,10,14.79,147.9,51.13,96.77
2023-11-24,Wireless Mouse,Electronics,West,Ananya Reddy,7,29.94,209.58,84.38,125.2
2023-11-24,Standing Desk,Furniture,South,Vikram Singh,6,483.96,2903.76,1485.1,1418.66
2023-11-24,Monitor 27 inch,Electronics,West,Vikram Singh,7,347.38,2431.66,1452.17,979.49
2023-11-24,Headphones Wireless,Electronics,East,Karthik Iyer,19,157.56,2993.64,1355.01,1638.63
2023-11-24,Laptop Air 13,Electronics,South,Divya Nair,6,779.8,4678.8,3395.21,1283.59
2023-11-24,Laptop Pro 15,Electronics,Central,Ananya Reddy,7,945.54,6618.78,4460.67,2158.11
2023-11-24,Webcam HD,Electronics,North,Rohan Gupta,16,63.16,1010.56,494.01,516.55
2023-11-25,Phone Stand,Accessories,East,Divya Nair,42,20.44,858.48,254.5,603.98
2023-11-25,Desk Organizer,Office Supplies,North,Ananya Reddy,16,37.09,593.44,218.2,375.24
2023-11-25,Headphones Wireless,Electronics,North,Neha Patel,1,173.97,173.97,72.18,101.79
2023-11-26,Monitor 27 inch,Electronics,South,Sneha Joshi,4,354.78,1419.12,856.47,562.65
2023-11-26,Mechanical Keyboard,Electronics,Central,Priya Sharma,7,94.8,663.6,283.25,380.35
2023-11-27,Cable Organizer,Accessories,West,Sneha Joshi,57,10.71,610.47,170.69,439.78
2023-11-27,Printer Paper Ream,Office Supplies,North,Amit Kumar,25,9.03,225.75,88.43,137.32
2023-11-27,Office Chair Ergonomic,Furniture,West,Amit Kumar,19,318.49,6051.31,3071.58,2979.73
2023-11-27,Office Chair Ergonomic,Furniture,East,Arjun Mehta,1,311.98,311.98,154.92,157.06
2023-11-28,Mechanical Keyboard,Electronics,East,Karthik Iyer,4,89.16,356.64,175.62,181.02
2023-11-28,Laptop Air 13,Electronics,East,Arjun Mehta,4,710.81,2843.24,2249.96,593.28
2023-11-28,Notebook A4 Pack,Office Supplies,South,Rohan Gupta,9,13.47,121.23,37.5,83.73
2023-11-28,Wireless Mouse,Electronics,South,Ananya Reddy,19,30.12,572.28,231.52,340.76
2023-11-28,Mechanical Keyboard,Electronics,North,Rohan Gupta,13,86.05,1118.65,547.82,570.83
2023-11-28,Whiteboard Markers,Office Supplies,East,Divya Nair,54,13.77,743.58,282.6,460.98
2023-11-28,Pen Set Premium,Office Supplies,East,Priya Sharma,24,23.61,566.64,199.28,367.36
2023-11-29,Tablet 10 inch,Electronics,Central,Divya Nair,6,546.88,3281.28,1827.71,1453.57
2023-11-29,Webcam HD,Electronics,Central,Amit Kumar,13,75.01,975.13,400.16,574.97
2023-11-29,Filing Cabinet,Furniture,North,Karthik Iyer,13,131.3,1706.9,904.2,802.7
2023-11-29,Monitor 27 inch,Electronics,North,Priya Sharma,7,356.6,2496.2,1494.04,1002.16
2023-11-29,Notebook A4 Pack,Office Supplies,West,Divya Nair,54,12.26,662.04,218.55,443.49
2023-11-30,Tablet 10 inch,Electronics,North,Vikram Singh,7,512.6,3588.2,2250.58,1337.62
2023-11-30,Webcam HD,Electronics,Central,Vikram Singh,1,64.31,64.31,30.84,33.47
2023-12-01,Printer Paper Ream,Office Supplies,Central,Priya Sharma,55,10.85,596.75,184.57,412.18
2023-12-01,Standing Desk,Furniture,North,Karthik Iyer,4,415.15,1660.6,996.65,663.95
2023-12-01,Desk Lamp LED,Furniture,Central,Divya Nair,31,43.34,1343.54,481.53,862.01
2023-12-01,Screen Protector,Accessories,West,Neha Patel,58,16.24,941.92,174.84,767.08
2023-12-01,Laptop Pro 15,Electronics,East,Vikram Singh,6,815.7,4894.2,4001.61,892.59
2023-12-02,Wireless Mouse,Electronics,Central,Vikram Singh,46,28.87,1328.02,536.46,791.56
2023-12-02,Pen Set Premium,Office Supplies,Central,Arjun Mehta,42,24.89,1045.38,328.68,716.7
2023-12-02,Monitor 27 inch,Electronics,Central,Amit Kumar,3,348.5,1045.5,656.76,388.74
2023-12-02,Office Chair Ergonomic,Furniture,West,Ananya Reddy,18,305.31,5495.58,2847.13,2648.45
2023-12-02,Pen Set Premium,Office Supplies,East,Arjun Mehta,45,23.35,1050.75,371.78,678.97
2023-12-02,Bookshelf Oak,Furniture,West,Rohan Gupta,1,182.49,182.49,96.62,85.87
2023-12-02,Whiteboard Markers,Office Supplies,North,Divya Nair,45,13.51,607.95,221.96,385.99
2023-12-02,USB-C Hub,Electronics,West,Divya Nair,60,52.8,3168.0,1270.39,1897.61
2023-12-02,Phone Stand,Accessories,South,Divya Nair,42,19.23,807.66,261.59,546.07
2023-12-03,Printer Paper Ream,Office Supplies,Central,Divya Nair,7,9.45,66.15,24.22,41.93
2023-12-03,Office Chair Ergonomic,Furniture,South,Amit Kumar,1,324.39,324.39,162.64,161.75
2023-12-03,Desk Organizer,Office Supplies,Central,Divya Nair,7,33.25,232.75,95.73,137.02
2023-12-03,Tablet 10 inch,Electronics,East,Sneha Joshi,4,507.69,2030.76,1245.94,784.82
2023-12-03,Filing Cabinet,Furniture,East,Rohan Gupta,4,141.28,565.12,277.01,288.11
2023-12-03,Laptop Bag,Accessories,North,Arjun Mehta,7,60.99,426.93,169.9,257.03
2023-12-03,Monitor 27 inch,Electronics,West,Neha Patel,6,371.67,2230.02,1316.19,913.83
2023-12-03,Desk Lamp LED,Furniture,Central,Sneha Joshi,51,39.95,2037.45,772.93,1264.52
2023-12-03,Filing Cabinet,Furniture,South,Neha Patel,15,142.62,2139.3,1047.9,1091.4
2023-12-03,Cable Organizer,Accessories,West,Priya Sharma,15,9.72,145.8,46.76,99.04
2023-12-04,Phone Stand,Accessories,North,Vikram Singh,24,20.05,481.2,144.75,336.45
2023-12-04,Tablet 10 inch,Electronics,East,Ananya Reddy,1,460.45,460.45,318.42,142.03
2023-12-04,Notebook A4 Pack,Office Supplies,West,Amit Kumar,28,13.54,379.12,116.65,262.47
2023-12-04,Laptop Bag,Accessories,Central,Sneha Joshi,6,65.29,391.74,150.01,241.73
2023-12-04,Whiteboard Markers,Office Supplies,West,Ananya Reddy,36,13.89,500.04,176.21,323.83
2023-12-05,Screen Protector,Accessories,North,Rohan Gupta,43,14.9,640.7,126.83,513.87
2023-12-05,Desk Organizer,Office Supplies,North,Sneha Joshi,45,35.08,1578.6,628.06,950.54
2023-12-05,Desk Organizer,Office Supplies,Central,Arjun Mehta,4,38.42,153.68,58.13,95.55
2023-12-05,Whiteboard Markers,Office Supplies,Central,Ananya Reddy,10,14.16,141.6,52.46,89.14
2023-12-05,Phone Stand,Accessories,Central,Ananya Reddy,27,20.68,558.36,155.54,402.82
2023-12-05,Notebook A4 Pack,Office Supplies,Central,Arjun Mehta,30,14.2,426.0,117.34,308.66
2023-12-05,Laptop Pro 15,Electronics,South,Sneha Joshi,6,890.41,5342.46,3948.39,1394.07
2023-12-05,Monitor 27 inch,Electronics,West,Neha Patel,6,326.98,1961.88,1306.46,655.42
2023-12-06,Laptop Pro 15,Electronics,West,Priya Sharma,4,966.12,3864.48,2720.41,1144.07
2023-12-06,Printer Paper Ream,Office Supplies,South,Amit Kumar,22,10.17,223.74,78.42,145.32
2023-12-06,Phone Stand,Accessories,South,Divya Nair,49,19.25,943.25,290.31,652.94
2023-12-06,Power Bank 20000mAh,Accessories,North,Divya Nair,42,36.63,1538.46,689.77,848.69
2023-12-06,Mechanical Keyboard,Electronics,North,Amit Kumar,9,89.92,809.28,379.08,430.2
2023-12-07,Desk Lamp LED,Furniture,South,Priya Sharma,37,40.02,1480.74,544.24,936.5
2023-12-08,Bookshelf Oak,Furniture,Central,Amit Kumar,10,178.38,1783.8,933.07,850.73
2023-12-08,Pen Set Premium,Office Supplies,North,Rohan Gupta,57,24.92,1420.44,463.62,956.82
2023-12-08,Cable Organizer,Accessories,South,Rohan Gupta,4,9.57,38.28,12.26,26.02
2023-12-08,Notebook A4 Pack,Office Supplies,Central,Divya Nair,58,13.4,777.2,223.98,553.22
2023-12-08,Office Chair Ergonomic,Furniture,Central,Vikram Singh,22,293.57,6458.54,3560.5,2898.04
2023-12-09,Laptop Bag,Accessories,South,Vikram Singh,13,60.5,786.5,329.45,457.05
2023-12-09,Laptop Bag,Accessories,North,Neha Patel,13,65.09,846.17,310.81,535.36
2023-12-09,Laptop Pro 15,Electronics,East,Neha Patel,4,920.01,3680.04,2536.02,1144.02
2023-12-09,Filing Cabinet,Furniture,North,Arjun Mehta,4,125.61,502.44,277.09,225.35
2023-12-10,Filing Cabinet,Furniture,South,Amit Kumar,19,127.15,2415.85,1384.06,1031.79
2023-12-10,Laptop Pro 15,Electronics,West,Arjun Mehta,6,896.3,5377.8,3707.39,1670.41
2023-12-11,Printer Paper Ream,Office Supplies,East,Sneha Joshi,21,9.39,197.19,73.78,123.41
2023-12-11,Printer Paper Ream,Office Supplies,South,Sneha Joshi,48,9.41,451.68,171.32,280.36
2023-12-11,Desk Lamp LED,Furniture,Central,Amit Kumar,21,39.28,824.88,327.34,497.54
2023-12-11,Wireless Mouse,Electronics,Central,Vikram Singh,25,31.31,782.75,293.08,489.67
2023-12-11,Desk Lamp LED,Furniture,Central,Rohan Gupta,43,37.73,1622.39,646.05,976.34
2023-12-12,Printer Paper Ream,Office Supplies,West,Arjun Mehta,16,9.57,153.12,54.28,98.84
2023-12-12,Stapler Heavy Duty,Office Supplies,Central,Arjun Mehta,22,21.53,473.66,149.04,324.62
2023-12-12,Monitor 27 inch,Electronics,South,Divya Nair,1,316.59,316.59,202.63,113.96
2023-12-12,USB-C Hub,Electronics,South,Divya Nair,7,50.52,353.64,154.81,198.83
2023-12-13,Printer Paper Ream,Office Supplies,South,Arjun Mehta,37,9.71,359.27,124.77,234.5
2023-12-13,Phone Stand,Accessories,West,Sneha Joshi,55,21.44,1179.2,314.73,864.47
2023-12-13,Cable Organizer,Accessories,East,Vikram Singh,48,10.34,496.32,142.67,353.65
2023-12-13,Mechanical Keyboard,Electronics,North,Arjun Mehta,4,82.63,330.52,173.29,157.23
2023-12-13,Desk Organizer,Office Supplies,East,Divya Nair,22,37.27,819.94,308.34,511.6
2023-12-13,Monitor 27 inch,Electronics,South,Divya Nair,4,354.91,1419.64,862.88,556.76
2023-12-14,Pen Set Premium,Office Supplies,North,Amit Kumar,24,23.45,562.8,201.34,361.46
2023-12-14,Filing Cabinet,Furniture,East,Karthik Iyer,21,121.48,2551.08,1432.68,1118.4
2023-12-14,Webcam HD,Electronics,West,Priya Sharma,18,71.58,1288.44,547.97,740.47
2023-12-15,Wireless Mouse,Electronics,West,Priya Sharma,24,28.25,678.0,294.84,383.16
2023-12-15,Tablet 10 inch,Electronics,Central,Vikram Singh,7,460.28,3221.96,2238.91,983.05
2023-12-15,Cable Organizer,Accessories,West,Karthik Iyer,7,10.05,70.35,20.54,49.81
2023-12-15,Screen Protector,Accessories,Central,Rohan Gupta,45,15.73,707.85,134.94,572.91
2023-12-15,Desk Lamp LED,Furniture,North,Priya Sharma,24,36.65,879.6,354.08,525.52
2023-12-15,Laptop Bag,Accessories,South,Vikram Singh,3,63.31,189.93,72.76,117.17
2023-12-16,Bookshelf Oak,Furniture,West,Divya Nair,10,196.02,1960.2,928.74,1031.46
2023-12-16,Desk Organizer,Office Supplies,Central,Ananya Reddy,43,34.47,1482.21,597.75,884.46
2023-12-17,Filing Cabinet,Furniture,South,Rohan Gupta,12,120.74,1448.88,869.68,579.2
2023-12-17,Phone Stand,Accessories,West,Arjun Mehta,22,20.56,452.32,135.62,316.7
2023-12-18,Desk Lamp LED,Furniture,West,Vikram Singh,58,41.66,2416.28,833.87,1582.41
2023-12-18,Mechanical Keyboard,Electronics,North,Amit Kumar,12,83.03,996.36,482.7,513.66
2023-12-18,Mechanical Keyboard,Electronics,South,Amit Kumar,4,89.32,357.28,170.93,186.35
2023-12-18,Office Chair Ergonomic,Furniture,East,Sneha Joshi,13,322.43,4191.59,2067.61,2123.98
2023-12-19,Whiteboard Markers,Office Supplies,South,Rohan Gupta,28,15.78,441.84,138.57,303.27
2023-12-20,Screen Protector,Accessories,Central,Karthik Iyer,16,15.34,245.44,49.37,196.07
2023-12-20,Screen Protector,Accessories,West,Neha Patel,31,16.17,501.27,90.04,411.23
2023-12-20,Laptop Bag,Accessories,West,Arjun Mehta,10,54.45,544.5,249.69,294.81
2023-12-20,Mechanical Keyboard,Electronics,South,Ananya Reddy,13,94.46,1227.98,543.47,684.51
2023-12-21,Laptop Pro 15,Electronics,North,Vikram Singh,4,980.77,3923.08,2560.44,1362.64
2023-12-21,Desk Organizer,Office Supplies,North,Priya Sharma,12,35.51,426.12,175.98,250.14
2023-12-22,Mechanical Keyboard,Electronics,Central,Amit Kumar,6,83.78,502.68,251.55,251.13
2023-12-22,Phone Stand,Accessories,Central,Ananya Reddy,45,20.85,938.25,277.74,660.51
2023-12-22,Laptop Air 13,Electronics,North,Sneha Joshi,4,690.87,2763.48,2152.87,610.61
2023-12-22,Power Bank 20000mAh,Accessories,West,Vikram Singh,30,42.51,1275.3,490.71,784.59
2023-12-23,Tablet 10 inch,Electronics,South,Ananya Reddy,4,500.82,2003.28,1187.65,815.63
2023-12-24,Cable Organizer,Accessories,Central,Priya Sharma,6,10.03,60.18,17.75,42.43
2023-12-24,Webcam HD,Electronics,Central,Priya Sharma,22,64.11,1410.42,656.79,753.63
2023-12-24,USB-C Hub,Electronics,Central,Ananya Reddy,54,53.6,2894.4,1189.44,1704.96
2023-12-24,Bookshelf Oak,Furniture,North,Vikram Singh,22,176.23,3877.06,2141.96,1735.1
2023-12-25,Whiteboard Markers,Office Supplies,Central,Arjun Mehta,25,14.24,356.0,119.91,236.09
2023-12-25,Office Chair Ergonomic,Furniture,Central,Arjun Mehta,18,270.42,4867.56,2832.15,2035.41
2023-12-25,Phone Stand,Accessories,Central,Karthik Iyer,16,21.41,342.56,99.19,243.37
2023-12-25,Pen Set Premium,Office Supplies,Central,Arjun Mehta,34,25.63,871.42,276.37,595.05
2023-12-25,Stapler Heavy Duty,Office Supplies,Central,Ananya Reddy,19,19.8,376.2,128.09,248.11
2023-12-26,USB-C Hub,Electronics,Central,Divya Nair,48,50.19,2409.12,1069.92,1339.2
2023-12-26,Whiteboard Markers,Office Supplies,Central,Vikram Singh,55,16.07,883.85,275.69,608.16
2023-12-26,Phone Stand,Accessories,West,Amit Kumar,28,21.74,608.72,172.56,436.16
2023-12-27,Tablet 10 inch,Electronics,Central,Arjun Mehta,1,475.36,475.36,313.71,161.65
2023-12-27,USB-C Hub,Electronics,West,Amit Kumar,24,52.11,1250.64,507.88,742.76
2023-12-27,Pen Set Premium,Office Supplies,South,Neha Patel,49,25.28,1238.72,393.21,845.51
2023-12-28,Notebook A4 Pack,Office Supplies,West,Neha Patel,49,12.28,601.72,188.41,413.31
2023-12-28,Office Chair Ergonomic,Furniture,West,Karthik Iyer,10,328.0,3280.0,1535.7,1744.3
2023-12-28,Printer Paper Ream,Office Supplies,West,Sneha Joshi,42,9.57,401.94,146.66,255.28
2023-12-28,Cable Organizer,Accessories,North,Neha Patel,12,10.67,128.04,36.31,91.73
2023-12-29,Laptop Pro 15,Electronics,Central,Amit Kumar,3,832.63,2497.89,1864.34,633.55
2023-12-30,USB-C Hub,Electronics,North,Ananya Reddy,40,53.95,2158.0,880.31,1277.69
2023-12-30,Webcam HD,Electronics,Central,Sneha Joshi,7,71.72,502.04,212.66,289.38
2023-12-30,Printer Paper Ream,Office Supplies,East,Rohan Gupta,33,9.04,298.32,116.85,181.47
2023-12-30,Bookshelf Oak,Furniture,Central,Arjun Mehta,10,189.45,1894.5,926.3,968.2
2023-12-31,USB-C Hub,Electronics,North,Priya Sharma,9,51.75,465.75,201.24,264.51
2023-12-31,Laptop Air 13,Electronics,East,Rohan Gupta,7,770.83,5395.81,3620.04,1775.77
2023-12-31,Phone Stand,Accessories,North,Priya Sharma,39,21.24,828.36,232.3,596.06
2023-12-31,Bookshelf Oak,Furniture,North,Neha Patel,15,189.68,2845.2,1481.17,1364.03
2023-12-31,Bookshelf Oak,Furniture,North,Divya Nair,3,186.18,558.54,291.83,266.71
2023-12-31,Power Bank 20000mAh,Accessories,North,Amit Kumar,31,38.67,1198.77,480.17,718.6
2024-01-01,Standing Desk,Furniture,Central,Vikram Singh,1,492.28,492.28,254.0,238.28
2024-01-01,Wireless Mouse,Electronics,West,Divya Nair,10,28.47,284.7,124.2,160.5
2024-01-01,Phone Stand,Accessories,West,Rohan Gupta,36,20.91,752.76,211.31,541.45
2024-01-01,Bookshelf Oak,Furniture,Central,Karthik Iyer,10,172.05,1720.5,924.57,795.93
2024-01-01,Whiteboard Markers,Office Supplies,Central,Sneha Joshi,4,15.88,63.52,19.22,44.3
2024-01-02,Office Chair Ergonomic,Furniture,West,Rohan Gupta,8,316.8,2534.4,1253.46,1280.94
2024-01-02,Power Bank 20000mAh,Accessories,North,Amit Kumar,34,37.98,1291.32,521.37,769.95
2024-01-02,Power Bank 20000mAh,Accessories,East,Ananya Reddy,45,42.2,1899.0,720.25,1178.75
2024-01-02,Wireless Mouse,Electronics,Central,Karthik Iyer,36,28.85,1038.6,447.86,590.74
2024-01-02,Bookshelf Oak,Furniture,South,Amit Kumar,5,192.98,964.9,483.24,481.66
2024-01-04,Power Bank 20000mAh,Accessories,West,Ananya Reddy,42,38.39,1612.38,671.27,941.11
2024-01-04,Printer Paper Ream,Office Supplies,North,Rohan Gupta,38,9.26,351.88,135.9,215.98
2024-01-04,Tablet 10 inch,Electronics,North,Priya Sharma,5,536.41,2682.05,1567.71,1114.34
2024-01-05,Whiteboard Markers,Office Supplies,East,Vikram Singh,48,14.03,673.44,230.34,443.1
2024-01-05,Stapler Heavy Duty,Office Supplies,Central,Neha Patel,36,18.23,656.28,263.06,393.22
2024-01-05,Monitor 27 inch,Electronics,South,Priya Sharma,4,359.79,1439.16,875.42,563.74
2024-01-05,Desk Lamp LED,Furniture,West,Rohan Gupta,38,43.63,1657.94,564.25,1093.69
2024-01-05,Wireless Mouse,Electronics,West,Sneha Joshi,18,30.83,554.94,222.91,332.03
2024-01-06,Mechanical Keyboard,Electronics,East,Arjun Mehta,5,88.76,443.8,211.89,231.91
2024-01-06,Wireless Mouse,Electronics,East,Amit Kumar,44,30.27,1331.88,505.73,826.15
2024-01-06,Filing Cabinet,Furniture,South,Ananya Reddy,14,131.73,1844.22,945.36,898.86
2024-01-06,USB-C Hub,Electronics,North,Neha Patel,32,52.17,1669.44,671.72,997.72
2024-01-06,Whiteboard Markers,Office Supplies,South,Neha Patel,18,14.7,264.6,92.35,172.25
2024-01-06,Notebook A4 Pack,Office Supplies,West,Divya Nair,48,12.01,576.48,186.4,390.08
2024-01-06,Printer Paper Ream,Office Supplies,West,Karthik Iyer,16,9.62,153.92,54.27,99.65
2024-01-06,Standing Desk,Furniture,South,Vikram Singh,4,457.43,1829.72,983.66,846.06
2024-01-07,Power Bank 20000mAh,Accessories,North,Vikram Singh,45,38.71,1741.95,751.71,990.24
2024-01-08,Headphones Wireless,Electronics,West,Sneha Joshi,2,175.8,351.6,152.46,199.14
2024-01-08,Headphones Wireless,Electronics,East,Sneha Joshi,9,170.61,1535.49,648.35,887.14
2024-01-08,Pen Set Premium,Office Supplies,Central,Karthik Iyer,12,26.02,312.24,97.93,214.31
2024-01-09,Wireless Mouse,Electronics,Central,Amit Kumar,44,31.71,1395.24,528.4,866.84
2024-01-09,Desk Lamp LED,Furniture,North,Karthik Iyer,26,37.83,983.58,397.85,585.73
2024-01-09,Cable Organizer,Accessories,West,Karthik Iyer,53,9.65,511.45,158.31,353.14
2024-01-09,Laptop Air 13,Electronics,Central,Priya Sharma,1,703.34,703.34,556.39,146.95
2024-01-09,Laptop Bag,Accessories,East,Priya Sharma,17,61.17,1039.89,410.56,629.33
2024-01-11,Tablet 10 inch,Electronics,West,Sneha Joshi,1,470.35,470.35,311.53,158.82
2024-01-11,Phone Stand,Accessories,North,Vikram Singh,22,20.41,449.02,137.86,311.16
2024-01-11,Power Bank 20000mAh,Accessories,Central,Amit Kumar,52,38.96,2025.92,844.5,1181.42
2024-01-11,Cable Organizer,Accessories,North,Arjun Mehta,6,9.55,57.3,18.09,39.21
2024-01-11,Power Bank 20000mAh,Accessories,Central,Rohan Gupta,45,37.19,1673.55,711.2,962.35
2024-01-11,Notebook A4 Pack,Office Supplies,North,Arjun Mehta,5,12.75,63.75,19.97,43.78
2024-01-11,Pen Set Premium,Office Supplies,North,Priya Sharma,52,25.94,1348.88,420.07,928.81
2024-01-11,Monitor 27 inch,Electronics,South,Arjun Mehta,2,357.48,714.96,424.12,290.84
2024-01-12,Phone Stand,Accessories,West,Vikram Singh,37,18.7,691.9,222.48,469.42
2024-01-12,Whiteboard Markers,Office Supplies,Central,Priya Sharma,38,15.0,570.0,198.46,371.54
2024-01-12,Office Chair Ergonomic,Furniture,West,Ananya Reddy,16,328.33,5253.28,2609.43,2643.85
2024-01-12,Phone Stand,Accessories,West,Divya Nair,20,19.79,395.8,119.03,276.77
2024-01-12,Bookshelf Oak,Furniture,South,Rohan Gupta,6,183.72,1102.32,594.66,507.66
2024-01-13,Mechanical Keyboard,Electronics,East,Amit Kumar,20,98.59,1971.8,828.13,1143.67
2024-01-13,Printer Paper Ream,Office Supplies,Central,Divya Nair,16,9.88,158.08,53.31,104.77
2024-01-13,Desk Lamp LED,Furniture,South,Ananya Reddy,32,36.63,1172.16,484.11,688.05
2024-01-13,Headphones Wireless,Electronics,Central,Sneha Joshi,4,164.14,656.56,312.44,344.12
2024-01-13,Webcam HD,Electronics,North,Priya Sharma,8,66.12,528.96,232.56,296.4
2024-01-13,Office Chair Ergonomic,Furniture,South,Neha Patel,20,286.59,5731.8,3225.8,2506.0
2024-01-14,Wireless Mouse,Electronics,Central,Karthik Iyer,44,30.66,1349.04,510.04,839.0
2024-01-14,Laptop Bag,Accessories,North,Amit Kumar,18,56.83,1022.94,447.41,575.53
2024-01-15,Notebook A4 Pack,Office Supplies,South,Ananya Reddy,28,12.87,360.36,106.74,253.62
2024-01-15,Notebook A4 Pack,Office Supplies,West,Divya Nair,44,12.22,537.68,174.24,363.44
2024-01-15,Bookshelf Oak,Furniture,East,Karthik Iyer,4,188.03,752.12,368.82,383.3
2024-01-15,Monitor 27 inch,Electronics,Central,Karthik Iyer,1,370.75,370.75,202.82,167.93
2024-01-15,Office Chair Ergonomic,Furniture,West,Rohan Gupta,1,311.83,311.83,157.23,154.6
2024-01-15,Wireless Mouse,Electronics,North,Amit Kumar,10,30.7,307.0,122.26,184.74
2024-01-15,Pen Set Premium,Office Supplies,South,Priya Sharma,37,27.45,1015.65,309.51,706.14
2024-01-16,Stapler Heavy Duty,Office Supplies,South,Neha Patel,8,20.86,166.88,54.03,112.85
2024-01-17,Screen Protector,Accessories,South,Priya Sharma,28,13.66,382.48,80.77,301.71
2024-01-17,Tablet 10 inch,Electronics,South,Arjun Mehta,4,523.63,2094.52,1221.73,872.79
2024-01-18,Power Bank 20000mAh,Accessories,South,Priya Sharma,25,38.6,965.0,396.62,568.38
2024-01-18,Mechanical Keyboard,Electronics,South,Karthik Iyer,12,94.66,1135.92,522.66,613.26
2024-01-18,Laptop Pro 15,Electronics,Central,Divya Nair,4,828.75,3315.0,2526.34,788.66
2024-01-19,Notebook A4 Pack,Office Supplies,North,Ananya Reddy,24,13.75,330.0,91.63,238.37
2024-01-19,Mechanical Keyboard,Electronics,East,Priya Sharma,12,97.18,1166.16,515.99,650.17
2024-01-20,Office Chair Ergonomic,Furniture,Central,Priya Sharma,20,293.89,5877.8,3246.92,2630.88
2024-01-21,Office Chair Ergonomic,Furniture,Central,Priya Sharma,1,325.8,325.8,155.34,170.46
2024-01-21,Office Chair Ergonomic,Furniture,North,Divya Nair,14,319.45,4472.3,2345.1,2127.2
2024-01-21,Wireless Mouse,Electronics,Central,Neha Patel,1,27.84,27.84,12.02,15.82
2024-01-21,Wireless Mouse,Electronics,South,Neha Patel,40,32.61,1304.4,503.2,801.2
2024-01-22,Notebook A4 Pack,Office Supplies,East,Rohan Gupta,21,14.19,297.99,80.02,217.97
2024-01-22,Laptop Air 13,Electronics,North,Divya Nair,5,780.72,3903.6,2595.55,1308.05
2024-01-22,Laptop Air 13,Electronics,South,Priya Sharma,1,812.0,812.0,514.7,297.3
2024-01-22,USB-C Hub,Electronics,North,Sneha Joshi,45,51.44,2314.8,990.06,1324.74
2024-01-23,Tablet 10 inch,Electronics,South,Neha Patel,2,497.81,995.62,617.21,378.41
2024-01-23,Pen Set Premium,Office Supplies,West,Rohan Gupta,5,26.09,130.45,40.17,90.28
2024-01-24,Desk Organizer,Office Supplies,South,Amit Kumar,26,32.84,853.84,376.35,477.49
2024-01-24,Phone Stand,Accessories,North,Vikram Singh,40,20.32,812.8,232.58,580.22
2024-01-24,Mechanical Keyboard,Electronics,South,Ananya Reddy,16,91.03,1456.48,670.8,785.68
2024-01-25,Standing Desk,Furniture,Central,Vikram Singh,4,416.5,1666.0,1017.17,648.83
2024-01-25,Wireless Mouse,Electronics,West,Rohan Gupta,6,27.46,164.76,73.92,90.84
2024-01-25,Screen Protector,Accessories,East,Neha Patel,40,15.59,623.6,114.64,508.96
2024-01-25,Printer Paper Ream,Office Supplies,North,Sneha Joshi,33,10.72,353.76,109.8,243.96
2024-01-26,Printer Paper Ream,Office Supplies,West,Ananya Reddy,50,9.0,450.0,179.8,270.2
2024-01-26,Laptop Pro 15,Electronics,Central,Divya Nair,2,820.31,1640.62,1300.92,339.7
2024-01-26,Desk Organizer,Office Supplies,North,Arjun Mehta,22,37.67,828.74,293.93,534.81
2024-01-26,Power Bank 20000mAh,Accessories,South,Vikram Singh,41,43.49,1783.09,683.64,1099.45
2024-01-26,Power Bank 20000mAh,Accessories,South,Vikram Singh,46,43.45,1998.7,717.28,1281.42
2024-01-27,Office Chair Ergonomic,Furniture,North,Neha Patel,12,324.45,3893.4,1893.36,2000.04
2024-01-27,Screen Protector,Accessories,East,Ananya Reddy,44,13.92,612.48,132.97,479.51
2024-01-27,Power Bank 20000mAh,Accessories,Central,Arjun Mehta,28,36.23,1014.44,428.85,585.59
2024-01-27,Notebook A4 Pack,Office Supplies,North,Priya Sharma,36,12.43,447.48,150.24,297.24
2024-01-28,Desk Lamp LED,Furniture,East,Divya Nair,52,36.67,1906.84,745.1,1161.74
2024-01-28,Wireless Mouse,Electronics,South,Vikram Singh,53,28.79,1525.87,629.23,896.64
2024-01-29,Desk Organizer,Office Supplies,Central,Sneha Joshi,22,38.41,845.02,310.39,534.63
2024-01-29,Wireless Mouse,Electronics,North,Divya Nair,42,32.79,1377.18,486.09,891.09
2024-01-29,Printer Paper Ream,Office Supplies,West,Sneha Joshi,38,10.49,398.62,131.66,266.96
2024-01-30,Wireless Mouse,Electronics,Central,Arjun Mehta,33,32.57,1074.81,392.07,682.74
2024-01-30,Headphones Wireless,Electronics,West,Rohan Gupta,9,156.36,1407.24,690.4,716.84
2024-01-30,Desk Lamp LED,Furniture,South,Rohan Gupta,8,42.41,339.28,116.24,223.04
2024-01-30,Printer Paper Ream,Office Supplies,West,Priya Sharma,41,10.42,427.22,146.98,280.24
2024-01-31,Pen Set Premium,Office Supplies,North,Ananya Reddy,53,27.29,1446.37,429.24,1017.13
2024-02-01,USB-C Hub,Electronics,East,Priya Sharma,1,48.18,48.18,20.92,27.26
2024-02-01,Mechanical Keyboard,Electronics,East,Rohan Gupta,18,90.93,1636.74,761.83,874.91
2024-02-01,Printer Paper Ream,Office Supplies,Central,Karthik Iyer,48,10.34,496.32,160.51,335.81
2024-02-01,Mechanical Keyboard,Electronics,Central,Priya Sharma,4,89.34,357.36,169.59,187.77
2024-02-02,Filing Cabinet,Furniture,West,Rohan Gupta,10,121.67,1216.7,674.18,542.52
2024-02-02,Laptop Bag,Accessories,Central,Ananya Reddy,4,56.83,227.32,100.35,126.97
2024-02-02,Desk Organizer,Office Supplies,South,Karthik Iyer,46,34.41,1582.86,643.97,938.89
2024-02-02,Screen Protector,Accessories,South,Vikram Singh,32,15.55,497.6,94.24,403.36
2024-02-02,Stapler Heavy Duty,Office Supplies,West,Karthik Iyer,34,21.43,728.62,237.54,491.08
2024-02-03,USB-C Hub,Electronics,Central,Arjun Mehta,50,54.56,2728.0,1106.79,1621.21
2024-02-03,Desk Lamp LED,Furniture,West,Karthik Iyer,29,41.42,1201.18,415.53,785.65
2024-02-03,Standing Desk,Furniture,Central,Ananya Reddy,1,409.29,409.29,253.77,155.52
2024-02-03,USB-C Hub,Electronics,North,Divya Nair,33,46.67,1540.11,719.03,821.08
2024-02-03,Headphones Wireless,Electronics,East,Divya Nair,18,159.5,2871.0,1405.54,1465.46
2024-02-03,Mechanical Keyboard,Electronics,North,Neha Patel,8,93.0,744.0,346.96,397.04
2024-02-03,Screen Protector,Accessories,South,Ananya Reddy,34,14.52,493.68,103.02,390.66
2024-02-03,Screen Protector,Accessories,West,Arjun Mehta,10,14.87,148.7,29.07,119.63
2024-02-04,Bookshelf Oak,Furniture,Central,Ananya Reddy,17,167.18,2842.06,1631.55,1210.51
2024-02-04,Monitor 27 inch,Electronics,Central,Divya Nair,2,352.98,705.96,415.03,290.93
2024-02-04,Tablet 10 inch,Electronics,East,Neha Patel,2,464.83,929.66,598.35,331.31
2024-02-04,Laptop Bag,Accessories,East,Priya Sharma,18,58.78,1058.04,428.31,629.73
2024-02-05,Bookshelf Oak,Furniture,West,Neha Patel,12,188.39,2260.68,1190.16,1070.52
2024-02-05,Laptop Pro 15,Electronics,West,Arjun Mehta,6,964.64,5787.84,3874.59,1913.25
2024-02-05,Desk Organizer,Office Supplies,Central,Priya Sharma,17,34.27,582.59,239.07,343.52
2024-02-06,Laptop Air 13,Electronics,South,Priya Sharma,5,750.89,3754.45,2780.74,973.71
2024-02-06,Standing Desk,Furniture,Central,Priya Sharma,2,472.64,945.28,489.75,455.53
2024-02-06,Monitor 27 inch,Electronics,North,Vikram Singh,6,330.83,1984.98,1314.26,670.72
2024-02-06,Headphones Wireless,Electronics,South,Sneha Joshi,16,171.06,2736.96,1232.64,1504.32
2024-02-06,Tablet 10 inch,Electronics,North,Arjun Mehta,1,516.69,516.69,308.5,208.19
2024-02-06,Webcam HD,Electronics,North,Priya Sharma,10,66.22,662.2,306.78,355.42
2024-02-06,Tablet 10 inch,Electronics,East,Rohan Gupta,2,544.08,1088.16,641.04,447.12
2024-02-06,Printer Paper Ream,Office Supplies,South,Divya Nair,28,9.29,260.12,101.53,158.59
2024-02-06,Notebook A4 Pack,Office Supplies,Central,Priya Sharma,40,12.67,506.8,159.11,347.69
2024-02-07,Whiteboard Markers,Office Supplies,Central,Sneha Joshi,42,13.62,572.04,218.36,353.68
2024-02-07,USB-C Hub,Electronics,Central,Vikram Singh,26,54.42,1414.92,543.95,870.97
2024-02-07,Office Chair Ergonomic,Furniture,North,Arjun Mehta,9,299.44,2694.96,1422.28,1272.68
2024-02-07,Laptop Pro 15,Electronics,Central,Divya Nair,1,859.71,859.71,628.16,231.55
2024-02-07,Desk Organizer,Office Supplies,North,Karthik Iyer,8,35.67,285.36,113.2,172.16
2024-02-08,Monitor 27 inch,Electronics,North,Amit Kumar,1,338.65,338.65,220.19,118.46
2024-02-08,Phone Stand,Accessories,Central,Vikram Singh,49,20.41,1000.09,284.81,715.28
2024-02-08,Power Bank 20000mAh,Accessories,North,Amit Kumar,4,40.99,163.96,61.14,102.82
2024-02-08,Standing Desk,Furniture,East,Neha Patel,1,466.19,466.19,245.5,220.69
2024-02-08,Whiteboard Markers,Office Supplies,East,Divya Nair,1,13.89,13.89,5.14,8.75
2024-02-08,Standing Desk,Furniture,Central,Karthik Iyer,5,442.64,2213.2,1312.0,901.2
2024-02-09,Wireless Mouse,Electronics,North,Karthik Iyer,24,29.48,707.52,289.61,417.91
2024-02-10,Notebook A4 Pack,Office Supplies,East,Amit Kumar,53,12.82,679.46,211.95,467.51
2024-02-10,Filing Cabinet,Furniture,West,Priya Sharma,8,140.49,1123.92,574.15,549.77
2024-02-11,Laptop Air 13,Electronics,East,Vikram Singh,2,802.2,1604.4,1126.92,477.48
2024-02-11,Stapler Heavy Duty,Office Supplies,Central,Vikram Singh,49,20.82,1020.18,343.24,676.94
2024-02-12,Stapler Heavy Duty,Office Supplies,Central,Vikram Singh,12,20.01,240.12,83.67,156.45
2024-02-12,Cable Organizer,Accessories,West,Sneha Joshi,30,9.61,288.3,90.2,198.1
2024-02-12,USB-C Hub,Electronics,North,Rohan Gupta,40,50.28,2011.2,879.12,1132.08
2024-02-13,Notebook A4 Pack,Office Supplies,North,Amit Kumar,12,13.39,160.68,47.27,113.41
2024-02-13,Bookshelf Oak,Furniture,West,Rohan Gupta,4,167.11,668.44,395.77,272.67
2024-02-13,Screen Protector,Accessories,South,Vikram Singh,48,16.05,770.4,138.53,631.87
2024-02-13,Printer Paper Ream,Office Supplies,North,Amit Kumar,46,9.62,442.52,153.22,289.3
2024-02-13,Printer Paper Ream,Office Supplies,East,Arjun Mehta,38,10.1,383.8,135.38,248.42
2024-02-15,Filing Cabinet,Furniture,Central,Priya Sharma,12,123.53,1482.36,879.7,602.66
2024-02-15,Laptop Pro 15,Electronics,South,Rohan Gupta,2,876.4,1752.8,1242.99,509.81
2024-02-15,Phone Stand,Accessories,Central,Rohan Gupta,44,19.46,856.24,256.63,599.61
2024-02-15,Monitor 27 inch,Electronics,West,Sneha Joshi,4,318.13,1272.52,803.28,469.24
2024-02-16,Laptop Bag,Accessories,South,Divya Nair,13,57.6,748.8,326.56,422.24
2024-02-16,Mechanical Keyboard,Electronics,Central,Rohan Gupta,4,85.48,341.92,162.15,179.77
2024-02-16,Cable Organizer,Accessories,South,Arjun Mehta,37,9.79,362.23,110.57,251.66
2024-02-17,Standing Desk,Furniture,Central,Neha Patel,4,480.85,1923.4,1027.6,895.8
2024-02-17,Standing Desk,Furniture,South,Vikram Singh,6,446.45,2678.7,1443.94,1234.76
2024-02-17,Stapler Heavy Duty,Office Supplies,North,Amit Kumar,37,19.86,734.82,247.19,487.63
2024-02-17,Notebook A4 Pack,Office Supplies,North,Amit Kumar,12,13.09,157.08,50.26,106.82
2024-02-17,Notebook A4 Pack,Office Supplies,North,Rohan Gupta,28,12.78,357.84,113.0,244.84
2024-02-18,Pen Set Premium,Office Supplies,Central,Rohan Gupta,20,23.6,472.0,158.82,313.18
2024-02-18,Laptop Air 13,Electronics,East,Karthik Iyer,5,707.0,3535.0,2622.1,912.9
2024-02-18,Notebook A4 Pack,Office Supplies,North,Rohan Gupta,33,12.56,414.48,136.0,278.48
2024-02-18,Whiteboard Markers,Office Supplies,East,Karthik Iyer,1,16.02,16.02,4.94,11.08
2024-02-19,Monitor 27 inch,Electronics,South,Rohan Gupta,4,333.78,1335.12,810.26,524.86
2024-02-19,Monitor 27 inch,Electronics,North,Ananya Reddy,5,328.62,1643.1,1008.88,634.22
2024-02-19,Headphones Wireless,Electronics,North,Amit Kumar,10,172.3,1723.0,761.63,961.37
2024-02-20,Tablet 10 inch,Electronics,East,Sneha Joshi,2,536.82,1073.64,628.72,444.92
2024-02-20,Mechanical Keyboard,Electronics,South,Sneha Joshi,2,87.3,174.6,86.47,88.13
2024-02-20,Stapler Heavy Duty,Office Supplies,West,Sneha Joshi,14,21.06,294.84,98.84,196.0
2024-02-20,Laptop Pro 15,Electronics,West,Karthik Iyer,5,973.64,4868.2,3116.57,1751.63
2024-02-20,Monitor 27 inch,Electronics,West,Karthik Iyer,2,365.92,731.84,399.04,332.8
2024-02-21,Headphones Wireless,Electronics,East,Divya Nair,6,175.76,1054.56,440.79,613.77
2024-02-21,Filing Cabinet,Furniture,South,Sneha Joshi,1,123.84,123.84,69.76,54.08
2024-02-21,Phone Stand,Accessories,Central,Karthik Iyer,20,18.88,377.6,115.39,262.21
2024-02-21,Webcam HD,Electronics,North,Sneha Joshi,1,65.08,65.08,29.7,35.38
2024-02-21,Phone Stand,Accessories,South,Rohan Gupta,29,21.98,637.42,177.14,460.28
2024-02-21,Filing Cabinet,Furniture,East,Divya Nair,6,127.76,766.56,422.05,344.51
2024-02-21,Cable Organizer,Accessories,West,Amit Kumar,20,10.87,217.4,59.23,158.17
2024-02-21,Bookshelf Oak,Furniture,West,Amit Kumar,12,189.3,2271.6,1126.34,1145.26
2024-02-22,Whiteboard Markers,Office Supplies,Central,Karthik Iyer,14,15.94,223.16,72.11,151.05
2024-02-22,Laptop Bag,Accessories,East,Amit Kumar,14,65.46,916.44,335.91,580.53
2024-02-22,Mechanical Keyboard,Electronics,South,Neha Patel,10,86.15,861.5,401.06,460.44
2024-02-22,Headphones Wireless,Electronics,South,Neha Patel,20,151.49,3029.8,1450.52,1579.28
2024-02-22,Laptop Pro 15,Electronics,East,Priya Sharma,5,855.6,4278.0,3350.47,927.53
2024-02-22,Screen Protector,Accessories,South,Vikram Singh,32,14.28,456.96,92.68,364.28
2024-02-23,Power Bank 20000mAh,Accessories,West,Neha Patel,25,37.51,937.75,387.07,550.68
2024-02-23,Phone Stand,Accessories,West,Divya Nair,8,18.06,144.48,49.9,94.58
2024-02-24,Tablet 10 inch,Electronics,Central,Priya Sharma,6,502.36,3014.16,1871.44,1142.72
2024-02-24,Mechanical Keyboard,Electronics,South,Arjun Mehta,20,92.16,1843.2,808.12,1035.08
2024-02-24,Screen Protector,Accessories,East,Divya Nair,40,13.76,550.4,118.92,431.48
2024-02-24,Printer Paper Ream,Office Supplies,Central,Neha Patel,16,10.93,174.88,55.24,119.64
2024-02-24,Pen Set Premium,Office Supplies,North,Divya Nair,36,23.55,847.8,282.45,565.35
2024-02-25,Office Chair Ergonomic,Furniture,West,Rohan Gupta,8,288.11,2304.88,1308.53,996.35
2024-02-25,Cable Organizer,Accessories,Central,Priya Sharma,37,10.37,383.69,112.33,271.36
2024-02-25,Wireless Mouse,Electronics,Central,Rohan Gupta,8,32.0,256.0,97.2,158.8
2024-02-26,Desk Organizer,Office Supplies,Central,Sneha Joshi,36,36.28,1306.08,499.75,806.33
2024-02-26,Filing Cabinet,Furniture,West,Ananya Reddy,17,120.63,2050.71,1163.46,887.25
2024-02-26,Wireless Mouse,Electronics,East,Neha Patel,50,29.58,1479.0,628.81,850.19
2024-02-26,Laptop Bag,Accessories,West,Arjun Mehta,10,61.84,618.4,254.25,364.15
2024-02-26,Cable Organizer,Accessories,South,Divya Nair,28,9.15,256.2,83.92,172.28
2024-02-26,Phone Stand,Accessories,Central,Neha Patel,13,19.31,251.03,74.9,176.13
2024-02-27,Laptop Bag,Accessories,North,Sneha Joshi,4,65.88,263.52,97.25,166.27
2024-02-27,Headphones Wireless,Electronics,South,Neha Patel,4,165.93,663.72,291.05,372.67
2024-02-27,Wireless Mouse,Electronics,Central,Rohan Gupta,2,27.77,55.54,23.97,31.57
2024-02-28,Mechanical Keyboard,Electronics,East,Divya Nair,13,98.46,1279.98,536.38,743.6
2024-02-28,Phone Stand,Accessories,West,Vikram Singh,22,20.8,457.6,132.98,324.62
2024-02-28,Pen Set Premium,Office Supplies,East,Karthik Iyer,1,22.51,22.51,8.37,14.14
2024-02-29,Webcam HD,Electronics,South,Amit Kumar,14,66.47,930.58,425.26,505.32
2024-02-29,Printer Paper Ream,Office Supplies,East,Divya Nair,45,9.39,422.55,152.76,269.79
2024-02-29,Wireless Mouse,Electronics,North,Arjun Mehta,17,28.9,491.3,200.32,290.98
2024-02-29,Desk Organizer,Office Supplies,North,Karthik Iyer,25,34.08,852.0,357.21,494.79
2024-02-29,USB-C Hub,Electronics,West,Rohan Gupta,46,45.06,2072.76,1001.82,1070.94
2024-03-01,Filing Cabinet,Furniture,North,Rohan Gupta,6,126.13,756.78,440.06,316.72
2024-03-02,Bookshelf Oak,Furniture,South,Sneha Joshi,13,179.9,2338.7,1287.4,1051.3
2024-03-02,Tablet 10 inch,Electronics,Central,Divya Nair,4,525.16,2100.64,1200.0,900.64
2024-03-03,Monitor 27 inch,Electronics,North,Priya Sharma,4,340.92,1363.68,814.21,549.47
2024-03-03,Laptop Bag,Accessories,West,Arjun Mehta,5,65.49,327.45,124.02,203.43
2024-03-03,USB-C Hub,Electronics,Central,Karthik Iyer,32,45.07,1442.24,682.15,760.09
2024-03-04,Stapler Heavy Duty,Office Supplies,West,Vikram Singh,12,18.76,225.12,80.07,145.05
2024-03-04,Whiteboard Markers,Office Supplies,North,Neha Patel,22,14.81,325.82,114.23,211.59
2024-03-04,Screen Protector,Accessories,Central,Priya Sharma,1,14.42,14.42,2.86,11.56
2024-03-04,Pen Set Premium,Office Supplies,West,Sneha Joshi,10,26.73,267.3,77.46,189.84
2024-03-04,Cable Organizer,Accessories,South,Karthik Iyer,3,9.59,28.77,8.75,20.02
2024-03-04,USB-C Hub,Electronics,Central,Sneha Joshi,28,45.84,1283.52,631.93,651.59
2024-03-04,Wireless Mouse,Electronics,East,Rohan Gupta,26,27.84,723.84,321.0,402.84
2024-03-04,Mechanical Keyboard,Electronics,East,Arjun Mehta,16,93.74,1499.84,658.17,841.67
2024-03-05,Phone Stand,Accessories,North,Divya Nair,42,19.27,809.34,251.0,558.34
2024-03-05,Power Bank 20000mAh,Accessories,East,Neha Patel,17,40.45,687.65,263.34,424.31
2024-03-05,Phone Stand,Accessories,West,Rohan Gupta,30,20.99,629.7,184.95,444.75
2024-03-05,Standing Desk,Furniture,Central,Neha Patel,2,494.35,988.7,485.63,503.07
2024-03-06,Laptop Bag,Accessories,West,Amit Kumar,11,62.41,686.51,268.29,418.22
2024-03-06,Laptop Bag,Accessories,South,Ananya Reddy,3,61.61,184.83,77.88,106.95
2024-03-06,Webcam HD,Electronics,Central,Rohan Gupta,6,64.9,389.4,188.53,200.87
2024-03-06,Whiteboard Markers,Office Supplies,East,Sneha Joshi,31,16.17,501.27,158.91,342.36
2024-03-06,Mechanical Keyboard,Electronics,North,Priya Sharma,9,87.25,785.25,384.72,400.53
2024-03-07,Stapler Heavy Duty,Office Supplies,North,Divya Nair,37,20.63,763.31,263.8,499.51
2024-03-08,Mechanical Keyboard,Electronics,West,Amit Kumar,16,88.32,1413.12,675.53,737.59
2024-03-08,Wireless Mouse,Electronics,North,Priya Sharma,28,30.01,840.28,321.72,518.56
2024-03-08,Pen Set Premium,Office Supplies,Central,Karthik Iyer,9,22.92,206.28,72.51,133.77
2024-03-08,Laptop Pro 15,Electronics,South,Arjun Mehta,5,896.69,4483.45,3340.26,1143.19
2024-03-08,Tablet 10 inch,Electronics,South,Vikram Singh,2,506.95,1013.9,589.25,424.65
2024-03-09,Pen Set Premium,Office Supplies,Central,Amit Kumar,45,26.98,1214.1,359.58,854.52
2024-03-09,Desk Lamp LED,Furniture,South,Neha Patel,22,39.54,869.88,317.67,552.21
2024-03-09,Standing Desk,Furniture,West,Arjun Mehta,5,492.08,2460.4,1266.42,1193.98
2024-03-09,Laptop Pro 15,Electronics,North,Neha Patel,3,886.88,2660.64,1902.98,757.66
2024-03-09,Monitor 27 inch,Electronics,East,Ananya Reddy,3,375.63,1126.89,601.17,525.72
2024-03-09,Desk Organizer,Office Supplies,East,Divya Nair,15,32.21,483.15,215.82,267.33
2024-03-10,Bookshelf Oak,Furniture,Central,Priya Sharma,15,179.57,2693.55,1452.2,1241.35
2024-03-10,Notebook A4 Pack,Office Supplies,Central,Rohan Gupta,16,12.17,194.72,61.82,132.9
2024-03-10,Printer Paper Ream,Office Supplies,North,Karthik Iyer,1,9.72,9.72,3.52,6.2
2024-03-10,Laptop Air 13,Electronics,North,Amit Kumar,3,786.76,2360.28,1623.64,736.64
2024-03-11,Notebook A4 Pack,Office Supplies,South,Karthik Iyer,5,13.08,65.4,19.38,46.02
2024-03-11,Monitor 27 inch,Electronics,North,Arjun Mehta,3,325.74,977.22,621.06,356.16
2024-03-11,Laptop Air 13,Electronics,North,Rohan Gupta,4,747.55,2990.2,2091.75,898.45
2024-03-11,Headphones Wireless,Electronics,South,Neha Patel,16,155.2,2483.2,1167.16,1316.04
2024-03-11,Tablet 10 inch,Electronics,South,Sneha Joshi,4,506.07,2024.28,1213.38,810.9
2024-03-11,Printer Paper Ream,Office Supplies,Central,Neha Patel,10,9.95,99.5,36.57,62.93
2024-03-11,USB-C Hub,Electronics,North,Amit Kumar,26,50.0,1300.0,547.41,752.59
2024-03-12,Headphones Wireless,Electronics,North,Amit Kumar,13,174.07,2262.91,974.09,1288.82
2024-03-12,Printer Paper Ream,Office Supplies,West,Karthik Iyer,19,10.81,205.39,64.96,140.43
2024-03-12,Office Chair Ergonomic,Furniture,South,Amit Kumar,17,325.42,5532.14,2838.19,2693.95
2024-03-12,Monitor 27 inch,Electronics,East,Priya Sharma,4,352.6,1410.4,813.44,596.96
2024-03-12,Laptop Pro 15,Electronics,East,Amit Kumar,4,933.6,3734.4,2632.12,1102.28
2024-03-13,Desk Lamp LED,Furniture,North,Neha Patel,37,39.08,1445.96,540.63,905.33
2024-03-13,USB-C Hub,Electronics,North,Amit Kumar,3,50.29,150.87,68.25,82.62
2024-03-14,Monitor 27 inch,Electronics,North,Divya Nair,5,380.29,1901.45,1042.01,859.44
2024-03-14,Printer Paper Ream,Office Supplies,Central,Ananya Reddy,3,10.01,30.03,10.92,19.11
2024-03-14,Notebook A4 Pack,Office Supplies,Central,Rohan Gupta,41,12.27,503.07,171.04,332.03
2024-03-15,Filing Cabinet,Furniture,North,Divya Nair,4,132.39,529.56,281.28,248.28
2024-03-15,Stapler Heavy Duty,Office Supplies,South,Divya Nair,20,20.5,410.0,138.25,271.75
2024-03-15,Webcam HD,Electronics,West,Neha Patel,13,67.72,880.36,400.03,480.33
2024-03-15,Monitor 27 inch,Electronics,West,Priya Sharma,2,352.83,705.66,417.11,288.55
2024-03-15,Mechanical Keyboard,Electronics,East,Sneha Joshi,1,89.01,89.01,43.96,45.05
2024-03-15,Office Chair Ergonomic,Furniture,Central,Ananya Reddy,13,294.47,3828.11,2132.33,1695.78
2024-03-16,Printer Paper Ream,Office Supplies,North,Karthik Iyer,17,10.39,176.63,62.06,114.57
2024-03-16,Desk Lamp LED,Furniture,South,Neha Patel,11,37.47,412.17,169.26,242.91
2024-03-16,Power Bank 20000mAh,Accessories,Central,Rohan Gupta,6,37.48,224.88,97.25,127.63
2024-03-17,Headphones Wireless,Electronics,Central,Arjun Mehta,2,164.56,329.12,144.54,184.58
2024-03-17,Pen Set Premium,Office Supplies,South,Priya Sharma,26,25.42,660.92,208.51,452.41
2024-03-17,Monitor 27 inch,Electronics,Central,Arjun Mehta,5,370.21,1851.05,1006.15,844.9
2024-03-17,Bookshelf Oak,Furniture,Central,Sneha Joshi,3,179.59,538.77,283.89,254.88
2024-03-18,USB-C Hub,Electronics,South,Ananya Reddy,6,49.75,298.5,135.24,163.26
2024-03-18,Phone Stand,Accessories,West,Rohan Gupta,40,19.68,787.2,243.92,543.28
2024-03-18,Office Chair Ergonomic,Furniture,East,Vikram Singh,15,327.0,4905.0,2287.7,2617.3
2024-03-18,Cable Organizer,Accessories,East,Sneha Joshi,19,10.25,194.75,55.71,139.04
2024-03-18,Mechanical Keyboard,Electronics,North,Vikram Singh,15,84.48,1267.2,609.92,657.28
2024-03-18,Cable Organizer,Accessories,North,Neha Patel,10,9.73,97.3,30.45,66.85
2024-03-18,Laptop Air 13,Electronics,Central,Ananya Reddy,2,676.25,1352.5,1098.49,254.01
2024-03-19,Stapler Heavy Duty,Office Supplies,North,Karthik Iyer,32,18.68,597.76,217.61,380.15
2024-03-19,Desk Lamp LED,Furniture,North,Vikram Singh,10,36.1,361.0,144.18,216.82
2024-03-19,Standing Desk,Furniture,Central,Sneha Joshi,4,494.68,1978.72,1018.9,959.82
2024-03-19,Power Bank 20000mAh,Accessories,East,Karthik Iyer,37,38.45,1422.65,620.86,801.79
2024-03-19,Desk Organizer,Office Supplies,Central,Karthik Iyer,39,34.76,1355.64,554.05,801.59
2024-03-19,Phone Stand,Accessories,Central,Vikram Singh,25,21.43,535.75,151.15,384.6
2024-03-20,Filing Cabinet,Furniture,West,Rohan Gupta,3,139.57,418.71,207.41,211.3
2024-03-20,Monitor 27 inch,Electronics,East,Arjun Mehta,2,331.77,663.54,420.48,243.06
2024-03-20,Laptop Pro 15,Electronics,North,Arjun Mehta,3,829.89,2489.67,1876.28,613.39
2024-03-20,Power Bank 20000mAh,Accessories,East,Amit Kumar,19,41.09,780.71,291.48,489.23
2024-03-20,Headphones Wireless,Electronics,South,Rohan Gupta,9,157.46,1417.14,645.85,771.29
2024-03-21,Laptop Pro 15,Electronics,Central,Rohan Gupta,4,814.22,3256.88,2655.83,601.05
2024-03-21,Webcam HD,Electronics,North,Arjun Mehta,6,73.0,438.0,181.71,256.29
2024-03-22,Stapler Heavy Duty,Office Supplies,West,Neha Patel,2,21.26,42.52,13.96,28.56
2024-03-23,Phone Stand,Accessories,North,Arjun Mehta,18,19.48,350.64,109.02,241.62
2024-03-23,Cable Organizer,Accessories,West,Neha Patel,30,9.65,289.5,88.36,201.14
2024-03-23,Notebook A4 Pack,Office Supplies,East,Amit Kumar,45,14.03,631.35,171.33,460.02
2024-03-23,Notebook A4 Pack,Office Supplies,North,Neha Patel,11,12.19,134.09,44.04,90.05
2024-03-23,Notebook A4 Pack,Office Supplies,Central,Neha Patel,10,14.25,142.5,38.99,103.51
2024-03-24,Cable Organizer,Accessories,South,Karthik Iyer,41,10.56,432.96,122.78,310.18
2024-03-24,Whiteboard Markers,Office Supplies,West,Ananya Reddy,2,15.25,30.5,10.26,20.24
2024-03-24,Monitor 27 inch,Electronics,South,Divya Nair,2,366.03,732.06,399.41,332.65
2024-03-24,Wireless Mouse,Electronics,North,Amit Kumar,34,27.26,926.84,395.25,531.59
2024-03-24,USB-C Hub,Electronics,East,Priya Sharma,35,47.96,1678.6,741.08,937.52
2024-03-25,Laptop Bag,Accessories,South,Karthik Iyer,13,59.07,767.91,328.16,439.75
2024-03-25,Screen Protector,Accessories,East,Sneha Joshi,10,15.94,159.4,30.74,128.66
2024-03-25,Tablet 10 inch,Electronics,North,Arjun Mehta,4,465.39,1861.56,1234.5,627.06
2024-03-25,Mechanical Keyboard,Electronics,North,Arjun Mehta,9,91.82,826.38,367.38,459.0
2024-03-25,Cable Organizer,Accessories,East,Rohan Gupta,4,9.3,37.2,11.82,25.38
2024-03-25,Desk Lamp LED,Furniture,East,Rohan Gupta,34,42.18,1434.12,509.94,924.18
2024-03-25,Desk Lamp LED,Furniture,North,Sneha Joshi,28,36.5,1022.0,425.45,596.55
2024-03-25,Desk Organizer,Office Supplies,Central,Arjun Mehta,15,32.01,480.15,217.13,263.02
2024-03-25,Wireless Mouse,Electronics,West,Vikram Singh,33,29.13,961.29,413.7,547.59
2024-03-26,Standing Desk,Furniture,South,Priya Sharma,4,413.24,1652.96,971.21,681.75
2024-03-26,Power Bank 20000mAh,Accessories,South,Priya Sharma,17,39.56,672.52,277.42,395.1
2024-03-26,Notebook A4 Pack,Office Supplies,South,Sneha Joshi,33,12.79,422.07,133.44,288.63
2024-03-26,Screen Protector,Accessories,East,Arjun Mehta,12,15.94,191.28,34.21,157.07
2024-03-26,Wireless Mouse,Electronics,South,Vikram Singh,37,28.12,1040.44,431.18,609.26
2024-03-26,Wireless Mouse,Electronics,West,Divya Nair,44,29.44,1295.36,511.59,783.77
2024-03-26,Standing Desk,Furniture,Central,Sneha Joshi,5,417.36,2086.8,1295.61,791.19
2024-03-26,Laptop Air 13,Electronics,West,Amit Kumar,3,718.84,2156.52,1626.94,529.58
2024-03-27,Wireless Mouse,Electronics,North,Neha Patel,12,29.32,351.84,142.59,209.25
2024-03-27,Phone Stand,Accessories,West,Arjun Mehta,16,20.26,324.16,91.43,232.73
2024-03-27,Bookshelf Oak,Furniture,East,Ananya Reddy,17,179.76,3055.92,1550.38,1505.54
2024-03-28,Webcam HD,Electronics,South,Karthik Iyer,11,74.39,818.29,316.56,501.73
2024-03-28,Tablet 10 inch,Electronics,South,Ananya Reddy,3,507.56,1522.68,920.43,602.25
2024-03-28,Filing Cabinet,Furniture,Central,Priya Sharma,3,138.04,414.12,202.31,211.81
2024-03-28,Desk Organizer,Office Supplies,West,Vikram Singh,46,37.58,1728.68,648.81,1079.87
2024-03-29,Webcam HD,Electronics,East,Sneha Joshi,8,70.05,560.4,244.9,315.5
2024-03-30,Desk Lamp LED,Furniture,North,Amit Kumar,25,42.09,1052.25,380.86,671.39
2024-03-30,Cable Organizer,Accessories,West,Arjun Mehta,30,9.38,281.4,91.17,190.23
2024-03-30,Headphones Wireless,Electronics,North,Rohan Gupta,6,171.31,1027.86,460.77,567.09
2024-03-30,Stapler Heavy Duty,Office Supplies,North,Ananya Reddy,12,18.15,217.8,83.73,134.07
2024-03-30,Monitor 27 inch,Electronics,Central,Neha Patel,4,324.78,1299.12,864.07,435.05
2024-03-31,Desk Lamp LED,Furniture,West,Amit Kumar,31,43.14,1337.34,463.51,873.83
2024-03-31,Monitor 27 inch,Electronics,North,Neha Patel,1,316.21,316.21,208.64,107.57
2024-03-31,Desk Lamp LED,Furniture,East,Arjun Mehta,11,40.41,444.51,169.71,274.8
2024-03-31,Phone Stand,Accessories,North,Sneha Joshi,25,20.7,517.5,150.39,367.11
2024-03-31,Office Chair Ergonomic,Furniture,West,Rohan Gupta,4,304.36,1217.44,671.09,546.35
2024-04-01,Tablet 10 inch,Electronics,West,Divya Nair,3,464.92,1394.76,972.6,422.16
2024-04-01,USB-C Hub,Electronics,East,Divya Nair,5,48.89,244.45,105.64,138.81
2024-04-01,Notebook A4 Pack,Office Supplies,South,Ananya Reddy,32,12.54,401.28,132.27,269.01
2024-04-02,Whiteboard Markers,Office Supplies,North,Arjun Mehta,3,13.9,41.7,14.75,26.95
2024-04-02,Laptop Air 13,Electronics,West,Ananya Reddy,2,682.38,1364.76,1077.32,287.44
2024-04-02,Headphones Wireless,Electronics,North,Sneha Joshi,16,173.87,2781.92,1180.79,1601.13
2024-04-02,Headphones Wireless,Electronics,East,Ananya Reddy,4,155.53,622.12,292.2,329.92
2024-04-02,Desk Lamp LED,Furniture,North,Priya Sharma,44,36.87,1622.28,648.56,973.72
2024-04-02,Wireless Mouse,Electronics,South,Neha Patel,6,28.98,173.88,73.02,100.86
2024-04-03,Bookshelf Oak,Furniture,North,Divya Nair,10,166.93,1669.3,981.96,687.34
2024-04-03,Office Chair Ergonomic,Furniture,Central,Priya Sharma,13,320.64,4168.32,1995.7,2172.62
2024-04-03,Wireless Mouse,Electronics,West,Sneha Joshi,5,31.62,158.1,57.76,100.34
2024-04-03,Webcam HD,Electronics,East,Ananya Reddy,15,70.06,1050.9,467.39,583.51
2024-04-03,Phone Stand,Accessories,Central,Neha Patel,4,21.13,84.52,23.67,60.85
2024-04-04,USB-C Hub,Electronics,West,Rohan Gupta,13,46.62,606.06,288.95,317.11
2024-04-04,Laptop Pro 15,Electronics,North,Arjun Mehta,1,862.12,862.12,620.73,241.39
2024-04-04,Bookshelf Oak,Furniture,North,Arjun Mehta,13,169.29,2200.77,1247.98,952.79
2024-04-04,Cable Organizer,Accessories,Central,Vikram Singh,8,10.53,84.24,22.8,61.44
2024-04-05,Bookshelf Oak,Furniture,Central,Vikram Singh,8,170.31,1362.48,775.96,586.52
2024-04-05,Pen Set Premium,Office Supplies,North,Priya Sharma,15,26.61,399.15,120.02,279.13
2024-04-05,Laptop Pro 15,Electronics,Central,Rohan Gupta,3,879.78,2639.34,1893.15,746.19
2024-04-05,Office Chair Ergonomic,Furniture,East,Ananya Reddy,10,310.98,3109.8,1567.01,1542.79
2024-04-05,Stapler Heavy Duty,Office Supplies,Central,Priya Sharma,19,19.53,371.07,139.25,231.82
2024-04-06,Laptop Pro 15,Electronics,South,Neha Patel,2,848.0,1696.0,1237.85,458.15
2024-04-06,Headphones Wireless,Electronics,Central,Neha Patel,8,163.44,1307.52,613.82,693.7
2024-04-06,Pen Set Premium,Office Supplies,West,Arjun Mehta,8,24.07,192.56,62.44,130.12
2024-04-07,Whiteboard Markers,Office Supplies,North,Amit Kumar,34,14.73,500.82,164.69,336.13
2024-04-07,Headphones Wireless,Electronics,North,Rohan Gupta,3,157.02,471.06,216.15,254.91
2024-04-07,Mechanical Keyboard,Electronics,South,Karthik Iyer,13,89.97,1169.61,560.46,609.15
2024-04-07,Stapler Heavy Duty,Office Supplies,West,Rohan Gupta,33,18.62,614.46,239.62,374.84
2024-04-07,Laptop Air 13,Electronics,West,Ananya Reddy,2,821.24,1642.48,1108.84,533.64
2024-04-08,Power Bank 20000mAh,Accessories,South,Sneha Joshi,10,43.83,438.3,160.55,277.75
2024-04-08,Stapler Heavy Duty,Office Supplies,Central,Rohan Gupta,11,21.06,231.66,73.98,157.68
2024-04-08,Notebook A4 Pack,Office Supplies,West,Priya Sharma,17,13.6,231.2,70.58,160.62
2024-04-08,Standing Desk,Furniture,South,Ananya Reddy,5,436.83,2184.15,1204.13,980.02
2024-04-08,Laptop Air 13,Electronics,Central,Rohan Gupta,3,690.97,2072.91,1562.97,509.94
2024-04-08,Desk Organizer,Office Supplies,South,Karthik Iyer,38,37.96,1442.48,513.48,929.0
2024-04-08,Desk Organizer,Office Supplies,North,Rohan Gupta,26,31.71,824.46,351.74,472.72
2024-04-09,Whiteboard Markers,Office Supplies,South,Arjun Mehta,27,15.78,426.06,133.33,292.73
2024-04-10,Tablet 10 inch,Electronics,Central,Arjun Mehta,3,544.71,1634.13,903.64,730.49
2024-04-10,Monitor 27 inch,Electronics,East,Sneha Joshi,1,375.22,375.22,200.98,174.24
2024-04-10,Headphones Wireless,Electronics,North,Sneha Joshi,12,160.39,1924.68,923.5,1001.18
2024-04-10,Webcam HD,Electronics,South,Divya Nair,2,69.43,138.86,61.49,77.37
2024-04-11,Pen Set Premium,Office Supplies,West,Sneha Joshi,33,24.71,815.43,261.05,554.38
2024-04-11,Monitor 27 inch,Electronics,South,Divya Nair,3,325.45,976.35,629.58,346.77
2024-04-11,Bookshelf Oak,Furniture,Central,Sneha Joshi,5,172.26,861.3,484.3,377.0
2024-04-11,Stapler Heavy Duty,Office Supplies,Central,Divya Nair,4,20.45,81.8,28.46,53.34
2024-04-11,Mechanical Keyboard,Electronics,East,Arjun Mehta,1,82.68,82.68,40.24,42.44
2024-04-12,Tablet 10 inch,Electronics,South,Neha Patel,2,547.61,1095.22,639.27,455.95
2024-04-12,Laptop Pro 15,Electronics,East,Neha Patel,5,953.03,4765.15,3264.82,1500.33
2024-04-12,Office Chair Ergonomic,Furniture,South,Sneha Joshi,11,279.93,3079.23,1702.54,1376.69
2024-04-12,Desk Lamp LED,Furniture,South,Karthik Iyer,5,36.03,180.15,78.21,101.94
2024-04-12,Filing Cabinet,Furniture,East,Priya Sharma,15,126.3,1894.5,1064.84,829.66
2024-04-13,Webcam HD,Electronics,North,Priya Sharma,12,69.02,828.24,357.25,470.99
2024-04-13,Power Bank 20000mAh,Accessories,West,Amit Kumar,27,42.56,1149.12,432.66,716.46
2024-04-13,Filing Cabinet,Furniture,North,Karthik Iyer,16,135.82,2173.12,1079.74,1093.38
2024-04-13,Notebook A4 Pack,Office Supplies,South,Vikram Singh,4,13.67,54.68,15.84,38.84
2024-04-13,Phone Stand,Accessories,South,Ananya Reddy,1,21.82,21.82,6.05,15.77
2024-04-13,Desk Organizer,Office Supplies,North,Karthik Iyer,15,33.75,506.25,206.87,299.38
2024-04-13,Printer Paper Ream,Office Supplies,East,Sneha Joshi,37,10.19,377.03,135.75,241.28
2024-04-13,Laptop Air 13,Electronics,Central,Priya Sharma,5,749.92,3749.6,2592.6,1157.0
2024-04-14,Phone Stand,Accessories,South,Arjun Mehta,20,20.21,404.2,121.03,283.17
2024-04-14,Webcam HD,Electronics,South,Vikram Singh,4,71.48,285.92,120.07,165.85
2024-04-14,Filing Cabinet,Furniture,Central,Neha Patel,16,130.85,2093.6,1134.74,958.86
2024-04-15,Tablet 10 inch,Electronics,North,Divya Nair,1,543.87,543.87,299.34,244.53
2024-04-15,USB-C Hub,Electronics,Central,Amit Kumar,25,52.47,1311.75,530.98,780.77
2024-04-15,Tablet 10 inch,Electronics,Central,Karthik Iyer,1,523.07,523.07,318.46,204.61
2024-04-15,Webcam HD,Electronics,South,Divya Nair,4,76.78,307.12,118.23,188.89
2024-04-16,Standing Desk,Furniture,Central,Arjun Mehta,4,453.0,1812.0,1019.96,792.04
2024-04-16,Mechanical Keyboard,Electronics,North,Ananya Reddy,11,86.2,948.2,463.05,485.15
2024-04-16,Printer Paper Ream,Office Supplies,West,Priya Sharma,9,10.33,92.97,31.27,61.7
2024-04-16,Bookshelf Oak,Furniture,South,Ananya Reddy,13,170.14,2211.82,1273.55,938.27
2024-04-16,Pen Set Premium,Office Supplies,North,Amit Kumar,32,25.35,811.2,268.24,542.96
2024-04-16,Mechanical Keyboard,Electronics,West,Vikram Singh,5,90.74,453.7,200.14,253.56
2024-04-16,Whiteboard Markers,Office Supplies,West,Arjun Mehta,20,15.65,313.0,102.33,210.67
2024-04-17,Wireless Mouse,Electronics,West,Divya Nair,23,31.31,720.13,262.87,457.26
2024-04-18,Whiteboard Markers,Office Supplies,North,Arjun Mehta,35,16.22,567.7,177.58,390.12
2024-04-19,Desk Lamp LED,Furniture,South,Arjun Mehta,41,39.96,1638.36,597.02,1041.34
2024-04-19,Desk Lamp LED,Furniture,Central,Amit Kumar,26,39.18,1018.68,374.97,643.71
2024-04-19,Printer Paper Ream,Office Supplies,West,Ananya Reddy,30,9.92,297.6,109.19,188.41
2024-04-19,Mechanical Keyboard,Electronics,West,Amit Kumar,13,82.98,1078.74,571.66,507.08
2024-04-19,Desk Organizer,Office Supplies,West,Arjun Mehta,46,36.86,1695.56,640.32,1055.24
2024-04-20,Office Chair Ergonomic,Furniture,South,Ananya Reddy,9,271.85,2446.65,1451.17,995.48
2024-04-20,Printer Paper Ream,Office Supplies,North,Amit Kumar,2,10.9,21.8,6.94,14.86
2024-04-20,Whiteboard Markers,Office Supplies,Central,Neha Patel,44,15.88,698.72,228.63,470.09
2024-04-21,Desk Lamp LED,Furniture,Central,Sneha Joshi,8,41.69,333.52,123.5,210.02
2024-04-21,Standing Desk,Furniture,Central,Sneha Joshi,5,431.41,2157.05,1240.73,916.32
2024-04-21,Standing Desk,Furniture,East,Sneha Joshi,1,420.13,420.13,242.52,177.61
2024-04-21,Laptop Pro 15,Electronics,South,Karthik Iyer,1,831.82,831.82,645.85,185.97
2024-04-22,Mechanical Keyboard,Electronics,Central,Priya Sharma,12,89.02,1068.24,489.86,578.38
2024-04-22,Standing Desk,Furniture,East,Divya Nair,4,465.26,1861.04,968.84,892.2
2024-04-22,Headphones Wireless,Electronics,East,Rohan Gupta,4,163.71,654.84,311.69,343.15
2024-04-22,Notebook A4 Pack,Office Supplies,West,Amit Kumar,11,13.53,148.83,41.87,106.96
2024-04-23,Filing Cabinet,Furniture,North,Neha Patel,4,123.09,492.36,274.74,217.62
2024-04-23,Wireless Mouse,Electronics,North,Arjun Mehta,32,32.32,1034.24,383.09,651.15
2024-04-23,Cable Organizer,Accessories,West,Arjun Mehta,25,10.79,269.75,72.96,196.79
2024-04-23,Stapler Heavy Duty,Office Supplies,Central,Rohan Gupta,2,21.65,43.3,14.69,28.61
2024-04-23,Power Bank 20000mAh,Accessories,North,Vikram Singh,40,39.43,1577.2,666.28,910.92
2024-04-24,Laptop Pro 15,Electronics,South,Ananya Reddy,4,954.39,3817.56,2694.66,1122.9
2024-04-24,Notebook A4 Pack,Office Supplies,West,Rohan Gupta,27,11.75,317.25,107.86,209.39
2024-04-24,Office Chair Ergonomic,Furniture,South,Vikram Singh,16,286.87,4589.92,2598.42,1991.5
2024-04-24,Desk Organizer,Office Supplies,South,Priya Sharma,33,34.28,1131.24,474.17,657.07
2024-04-24,Filing Cabinet,Furniture,South,Divya Nair,5,124.25,621.25,349.03,272.22
2024-04-24,Monitor 27 inch,Electronics,North,Arjun Mehta,4,370.88,1483.52,804.52,679.0
2024-04-24,Desk Lamp LED,Furniture,East,Vikram Singh,15,36.93,553.95,226.63,327.32
2024-04-24,Power Bank 20000mAh,Accessories,Central,Ananya Reddy,25,41.9,1047.5,402.94,644.56
2024-04-25,Filing Cabinet,Furniture,East,Sneha Joshi,15,132.22,1983.3,1087.71,895.59
2024-04-25,Desk Lamp LED,Furniture,East,Arjun Mehta,19,39.69,754.11,286.68,467.43
2024-04-26,Laptop Bag,Accessories,South,Arjun Mehta,12,65.48,785.76,309.38,476.38
2024-04-26,Mechanical Keyboard,Electronics,East,Neha Patel,9,83.59,752.31,386.48,365.83
2024-04-26,Headphones Wireless,Electronics,Central,Arjun Mehta,2,175.89,351.78,155.86,195.92
2024-04-26,Printer Paper Ream,Office Supplies,South,Rohan Gupta,20,9.74,194.8,68.07,126.73
2024-04-26,Office Chair Ergonomic,Furniture,West,Rohan Gupta,11,276.14,3037.54,1814.92,1222.62
2024-04-27,Laptop Air 13,Electronics,Central,Neha Patel,2,677.42,1354.84,1085.76,269.08
2024-04-27,Notebook A4 Pack,Office Supplies,North,Amit Kumar,18,13.18,237.24,69.62,167.62
2024-04-27,Pen Set Premium,Office Supplies,East,Sneha Joshi,20,23.25,465.0,155.01,309.99
2024-04-27,USB-C Hub,Electronics,South,Divya Nair,23,50.73,1166.79,509.13,657.66
2024-04-27,Laptop Bag,Accessories,West,Neha Patel,5,65.66,328.3,128.17,200.13
2024-04-27,Standing Desk,Furniture,Central,Sneha Joshi,1,479.84,479.84,249.41,230.43
2024-04-27,Wireless Mouse,Electronics,West,Arjun Mehta,24,32.18,772.32,283.19,489.13
2024-04-27,Laptop Pro 15,Electronics,Central,Karthik Iyer,5,871.25,4356.25,3252.73,1103.52
2024-04-28,Laptop Bag,Accessories,South,Rohan Gupta,5,59.54,297.7,128.63,169.07
2024-04-28,Wireless Mouse,Electronics,South,Karthik Iyer,41,27.41,1123.81,496.32,627.49
2024-04-28,Mechanical Keyboard,Electronics,West,Divya Nair,5,91.95,459.75,204.08,255.67
2024-04-28,Laptop Pro 15,Electronics,Central,Rohan Gupta,1,955.19,955.19,676.18,279.01
2024-04-29,Phone Stand,Accessories,North,Sneha Joshi,46,19.62,902.52,288.46,614.06
2024-04-29,Desk Organizer,Office Supplies,North,Arjun Mehta,15,35.62,534.3,203.89,330.41
2024-04-29,Pen Set Premium,Office Supplies,North,Rohan Gupta,25,25.62,640.5,190.5,450.0
2024-04-29,Filing Cabinet,Furniture,West,Ananya Reddy,4,118.93,475.72,267.63,208.09
2024-04-29,Pen Set Premium,Office Supplies,Central,Arjun Mehta,41,26.59,1090.19,331.7,758.49
2024-04-29,USB-C Hub,Electronics,North,Neha Patel,40,54.33,2173.2,907.44,1265.76
2024-04-30,Pen Set Premium,Office Supplies,West,Priya Sharma,40,25.18,1007.2,308.89,698.31
2024-04-30,Office Chair Ergonomic,Furniture,South,Divya Nair,13,295.91,3846.83,2056.01,1790.82
2024-04-30,Power Bank 20000mAh,Accessories,East,Rohan Gupta,24,42.02,1008.48,380.17,628.31
2024-04-30,Laptop Pro 15,Electronics,North,Amit Kumar,5,975.4,4877.0,3118.56,1758.44
2024-04-30,Pen Set Premium,Office Supplies,West,Priya Sharma,1,23.19,23.19,7.85,15.34
2024-04-30,Wireless Mouse,Electronics,Central,Sneha Joshi,15,30.36,455.4,185.18,270.22
2024-04-30,Laptop Air 13,Electronics,North,Rohan Gupta,1,703.08,703.08,566.07,137.01
2024-05-01,Laptop Air 13,Electronics,South,Karthik Iyer,4,810.71,3242.84,2178.16,1064.68
2024-05-01,Desk Organizer,Office Supplies,Central,Karthik Iyer,6,33.94,203.64,87.22,116.42
2024-05-01,Filing Cabinet,Furniture,North,Divya Nair,5,130.74,653.7,358.2,295.5
2024-05-01,Printer Paper Ream,Office Supplies,Central,Karthik Iyer,46,9.35,430.1,161.15,268.95
2024-05-01,Cable Organizer,Accessories,North,Neha Patel,35,9.67,338.45,105.05,233.4
2024-05-01,Whiteboard Markers,Office Supplies,West,Amit Kumar,2,13.59,27.18,10.29,16.89
2024-05-01,Printer Paper Ream,Office Supplies,South,Neha Patel,33,9.49,313.17,110.83,202.34
2024-05-02,Screen Protector,Accessories,East,Ananya Reddy,44,15.66,689.04,135.4,553.64
2024-05-02,Wireless Mouse,Electronics,East,Vikram Singh,35,29.34,1026.9,412.56,614.34
2024-05-02,Wireless Mouse,Electronics,Central,Ananya Reddy,10,28.6,286.0,118.79,167.21
2024-05-03,Laptop Bag,Accessories,Central,Vikram Singh,9,58.15,523.35,223.74,299.61
2024-05-03,Laptop Bag,Accessories,East,Sneha Joshi,15,65.64,984.6,362.33,622.27
2024-05-03,Filing Cabinet,Furniture,North,Rohan Gupta,12,132.71,1592.52,812.05,780.47
2024-05-03,Phone Stand,Accessories,South,Vikram Singh,44,18.08,795.52,253.13,542.39
2024-05-04,Laptop Bag,Accessories,Central,Rohan Gupta,17,64.16,1090.72,438.1,652.62
2024-05-04,Office Chair Ergonomic,Furniture,Central,Vikram Singh,8,328.22,2625.76,1332.45,1293.31
2024-05-04,USB-C Hub,Electronics,East,Vikram Singh,10,45.11,451.1,223.26,227.84
2024-05-04,Laptop Pro 15,Electronics,West,Ananya Reddy,3,924.47,2773.41,1968.68,804.73
2024-05-04,Mechanical Keyboard,Electronics,West,Amit Kumar,1,94.45,94.45,40.2,54.25
2024-05-04,Screen Protector,Accessories,South,Vikram Singh,3,13.77,41.31,8.85,32.46
2024-05-05,Desk Lamp LED,Furniture,North,Karthik Iyer,2,43.72,87.44,29.02,58.42
2024-05-05,Mechanical Keyboard,Electronics,West,Sneha Joshi,13,94.38,1226.94,545.62,681.32
2024-05-05,USB-C Hub,Electronics,South,Arjun Mehta,15,51.04,765.6,328.96,436.64
2024-05-05,Screen Protector,Accessories,West,Vikram Singh,45,16.32,734.4,138.24,596.16
2024-05-06,Tablet 10 inch,Electronics,East,Ananya Reddy,3,513.02,1539.06,945.27,593.79
2024-05-06,Screen Protector,Accessories,West,Ananya Reddy,30,16.35,490.5,93.2,397.3
2024-05-06,Laptop Air 13,Electronics,West,Karthik Iyer,2,733.63,1467.26,1049.59,417.67
2024-05-06,Mechanical Keyboard,Electronics,Central,Arjun Mehta,2,91.37,182.74,85.2,97.54
2024-05-06,Cable Organizer,Accessories,Central,Vikram Singh,6,10.64,63.84,17.72,46.12
2024-05-07,Bookshelf Oak,Furniture,South,Priya Sharma,9,193.53,1741.77,890.1,851.67
2024-05-07,Pen Set Premium,Office Supplies,East,Arjun Mehta,25,22.87,571.75,204.56,367.19
2024-05-08,Webcam HD,Electronics,East,Neha Patel,15,64.53,967.95,437.75,530.2
2024-05-08,Headphones Wireless,Electronics,Central,Neha Patel,10,166.16,1661.6,738.75,922.85
2024-05-08,Tablet 10 inch,Electronics,West,Divya Nair,1,518.94,518.94,305.64,213.3
2024-05-09,Office Chair Ergonomic,Furniture,West,Divya Nair,5,318.56,1592.8,760.52,832.28
2024-05-09,Stapler Heavy Duty,Office Supplies,North,Vikram Singh,20,18.36,367.2,145.9,221.3
2024-05-09,Monitor 27 inch,Electronics,West,Sneha Joshi,4,339.58,1358.32,829.53,528.79
2024-05-09,Whiteboard Markers,Office Supplies,South,Rohan Gupta,13,15.98,207.74,62.35,145.39
2024-05-09,Printer Paper Ream,Office Supplies,East,Neha Patel,32,9.22,295.04,111.61,183.43
2024-05-09,Wireless Mouse,Electronics,North,Sneha Joshi,34,32.89,1118.26,422.53,695.73
2024-05-09,Cable Organizer,Accessories,South,Ananya Reddy,39,9.85,384.15,112.37,271.78
2024-05-09,Wireless Mouse,Electronics,West,Amit Kumar,27,27.03,729.81,309.94,419.87
2024-05-09,Desk Organizer,Office Supplies,North,Karthik Iyer,30,33.31,999.3,431.51,567.79
2024-05-09,Tablet 10 inch,Electronics,East,Karthik Iyer,4,450.06,1800.24,1215.16,585.08
2024-05-09,Headphones Wireless,Electronics,Central,Ananya Reddy,10,154.06,1540.6,732.8,807.8
2024-05-10,Wireless Mouse,Electronics,North,Divya Nair,19,27.68,525.92,235.91,290.01
2024-05-10,Standing Desk,Furniture,Central,Sneha Joshi,1,492.99,492.99,247.64,245.35
2024-05-10,Mechanical Keyboard,Electronics,North,Vikram Singh,4,82.31,329.24,166.57,162.67
2024-05-10,Power Bank 20000mAh,Accessories,West,Ananya Reddy,37,43.16,1596.92,578.03,1018.89
2024-05-10,Tablet 10 inch,Electronics,West,Sneha Joshi,1,480.6,480.6,315.76,164.84
2024-05-11,Webcam HD,Electronics,East,Arjun Mehta,8,71.78,574.24,239.75,334.49
2024-05-11,Standing Desk,Furniture,South,Sneha Joshi,5,478.81,2394.05,1260.65,1133.4
2024-05-11,Webcam HD,Electronics,South,Vikram Singh,4,67.17,268.68,124.13,144.55
2024-05-11,Laptop Pro 15,Electronics,South,Rohan Gupta,5,965.14,4825.7,3340.44,1485.26
2024-05-11,Printer Paper Ream,Office Supplies,North,Vikram Singh,4,10.47,41.88,14.65,27.23
2024-05-12,Office Chair Ergonomic,Furniture,South,Neha Patel,1,314.81,314.81,153.88,160.93
2024-05-12,Webcam HD,Electronics,East,Rohan Gupta,5,66.05,330.25,154.55,175.7
2024-05-12,Monitor 27 inch,Electronics,East,Arjun Mehta,5,346.15,1730.75,1082.34,648.41
2024-05-12,Phone Stand,Accessories,South,Neha Patel,13,20.84,270.92,80.5,190.42
2024-05-13,Stapler Heavy Duty,Office Supplies,South,Amit Kumar,40,20.87,834.8,287.99,546.81
2024-05-13,Laptop Air 13,Electronics,North,Rohan Gupta,3,810.7,2432.1,1642.72,789.38
2024-05-13,Screen Protector,Accessories,East,Divya Nair,28,14.64,409.92,81.89,328.03
2024-05-13,Laptop Bag,Accessories,West,Priya Sharma,3,57.95,173.85,75.65,98.2
2024-05-14,Tablet 10 inch,Electronics,North,Karthik Iyer,4,509.58,2038.32,1236.04,802.28
2024-05-14,Laptop Bag,Accessories,East,Divya Nair,16,62.39,998.24,380.3,617.94
2024-05-14,Desk Organizer,Office Supplies,West,Ananya Reddy,12,33.6,403.2,160.25,242.95
2024-05-14,Screen Protector,Accessories,South,Rohan Gupta,45,14.37,646.65,136.67,509.98
2024-05-14,Desk Lamp LED,Furniture,East,Neha Patel,24,40.8,979.2,372.22,606.98
2024-05-14,Desk Lamp LED,Furniture,East,Priya Sharma,35,42.95,1503.25,523.25,980.0
2024-05-15,Cable Organizer,Accessories,North,Rohan Gupta,32,9.51,304.32,97.29,207.03
2024-05-15,Notebook A4 Pack,Office Supplies,North,Vikram Singh,19,13.57,257.83,77.84,179.99
2024-05-15,Laptop Bag,Accessories,Central,Rohan Gupta,4,65.27,261.08,101.53,159.55
2024-05-15,Laptop Pro 15,Electronics,North,Karthik Iyer,4,929.18,3716.72,2537.8,1178.92
2024-05-15,Webcam HD,Electronics,East,Rohan Gupta,12,66.93,803.16,364.64,438.52
2024-05-15,Desk Lamp LED,Furniture,North,Ananya Reddy,20,42.69,853.8,305.41,548.39
2024-05-15,Stapler Heavy Duty,Office Supplies,West,Sneha Joshi,38,18.06,686.28,277.95,408.33
2024-05-15,Laptop Pro 15,Electronics,Central,Arjun Mehta,5,816.82,4084.1,3101.84,982.26
2024-05-16,Notebook A4 Pack,Office Supplies,North,Sneha Joshi,45,12.94,582.3,178.21,404.09
2024-05-16,Standing Desk,Furniture,North,Priya Sharma,3,436.06,1308.18,748.97,559.21
2024-05-16,Webcam HD,Electronics,South,Priya Sharma,3,65.99,197.97,87.97,110.0
2024-05-16,Power Bank 20000mAh,Accessories,East,Priya Sharma,20,39.33,786.6,304.72,481.88
2024-05-16,Headphones Wireless,Electronics,East,Priya Sharma,15,158.0,2370.0,1138.36,1231.64
2024-05-16,Power Bank 20000mAh,Accessories,West,Rohan Gupta,2,36.52,73.04,31.1,41.94
2024-05-16,Desk Lamp LED,Furniture,South,Ananya Reddy,34,42.7,1451.8,505.23,946.57
2024-05-16,Power Bank 20000mAh,Accessories,Central,Ananya Reddy,23,38.08,875.84,368.07,507.77
2024-05-16,Wireless Mouse,Electronics,East,Divya Nair,27,28.01,756.27,330.63,425.64
2024-05-17,Filing Cabinet,Furniture,East,Neha Patel,6,125.95,755.7,426.53,329.17
2024-05-17,Wireless Mouse,Electronics,South,Neha Patel,12,28.97,347.64,137.7,209.94
2024-05-17,Bookshelf Oak,Furniture,East,Vikram Singh,10,185.88,1858.8,958.62,900.18
2024-05-17,Tablet 10 inch,Electronics,South,Vikram Singh,5,484.69,2423.45,1508.42,915.03
2024-05-18,Mechanical Keyboard,Electronics,South,Amit Kumar,16,93.64,1498.24,704.0,794.24
2024-05-18,Power Bank 20000mAh,Accessories,West,Vikram Singh,44,40.77,1793.88,678.91,1114.97
2024-05-18,Laptop Pro 15,Electronics,South,Sneha Joshi,2,828.08,1656.16,1329.9,326.26
2024-05-18,Desk Organizer,Office Supplies,Central,Sneha Joshi,40,34.27,1370.8,570.01,800.79
2024-05-18,Whiteboard Markers,Office Supplies,Central,Amit Kumar,24,15.28,366.72,123.82,242.9
2024-05-18,Desk Organizer,Office Supplies,Central,Arjun Mehta,24,37.73,905.52,337.62,567.9
2024-05-19,Pen Set Premium,Office Supplies,East,Vikram Singh,26,26.09,678.34,209.09,469.25
2024-05-19,Mechanical Keyboard,Electronics,East,Sneha Joshi,4,90.92,363.68,164.99,198.69
2024-05-19,Desk Organizer,Office Supplies,Central,Ananya Reddy,33,35.67,1177.11,459.83,717.28
2024-05-20,Mechanical Keyboard,Electronics,Central,Neha Patel,12,83.67,1004.04,492.19,511.85
2024-05-20,Mechanical Keyboard,Electronics,South,Rohan Gupta,16,98.98,1583.68,668.62,915.06
2024-05-20,Desk Organizer,Office Supplies,Central,Priya Sharma,8,36.79,294.32,115.8,178.52
2024-05-21,Whiteboard Markers,Office Supplies,West,Sneha Joshi,8,14.85,118.8,38.96,79.84
2024-05-21,Office Chair Ergonomic,Furniture,Central,Ananya Reddy,8,276.38,2211.04,1311.0,900.04
2024-05-21,USB-C Hub,Electronics,South,Sneha Joshi,9,50.8,457.2,204.31,252.89
2024-05-22,Wireless Mouse,Electronics,North,Amit Kumar,25,32.83,820.75,305.29,515.46
2024-05-22,Printer Paper Ream,Office Supplies,West,Karthik Iyer,31,9.73,301.63,108.47,193.16
2024-05-22,Headphones Wireless,Electronics,East,Ananya Reddy,11,168.53,1853.83,860.83,993.0
2024-05-22,Laptop Air 13,Electronics,North,Rohan Gupta,3,741.81,2225.43,1635.3,590.13
2024-05-23,Office Chair Ergonomic,Furniture,West,Karthik Iyer,2,313.45,626.9,308.39,318.51
2024-05-23,Phone Stand,Accessories,North,Amit Kumar,10,18.37,183.7,62.85,120.85
2024-05-23,Mechanical Keyboard,Electronics,South,Priya Sharma,4,89.67,358.68,163.78,194.9
2024-05-23,Desk Lamp LED,Furniture,South,Priya Sharma,24,40.9,981.6,374.98,606.62
2024-05-23,Screen Protector,Accessories,West,Sneha Joshi,23,13.65,313.95,69.27,244.68
2024-05-24,Mechanical Keyboard,Electronics,Central,Divya Nair,12,89.54,1074.48,497.76,576.72
2024-05-24,Standing Desk,Furniture,West,Karthik Iyer,1,427.28,427.28,258.77,168.51
2024-05-25,Desk Organizer,Office Supplies,North,Rohan Gupta,35,32.43,1135.05,499.54,635.51
2024-05-25,Screen Protector,Accessories,South,Rohan Gupta,38,14.98,569.24,116.54,452.7
2024-05-25,Standing Desk,Furniture,North,Sneha Joshi,1,491.89,491.89,250.69,241.2
2024-05-26,Webcam HD,Electronics,North,Sneha Joshi,12,68.13,817.56,342.46,475.1
2024-05-26,Headphones Wireless,Electronics,East,Rohan Gupta,3,170.72,512.16,235.82,276.34
2024-05-27,Bookshelf Oak,Furniture,East,Vikram Singh,4,174.56,698.24,376.93,321.31
2024-05-27,Tablet 10 inch,Electronics,Central,Sneha Joshi,5,509.32,2546.6,1577.76,968.84
2024-05-27,Stapler Heavy Duty,Office Supplies,North,Vikram Singh,4,18.0,72.0,27.1,44.9
2024-05-27,Bookshelf Oak,Furniture,East,Amit Kumar,12,184.95,2219.4,1089.34,1130.06
2024-05-27,Stapler Heavy Duty,Office Supplies,South,Ananya Reddy,26,20.8,540.8,183.72,357.08
2024-05-28,Desk Organizer,Office Supplies,Central,Divya Nair,41,31.67,1298.47,598.63,699.84
2024-05-28,Monitor 27 inch,Electronics,East,Sneha Joshi,1,354.84,354.84,218.33,136.51
2024-05-28,Office Chair Ergonomic,Furniture,East,Neha Patel,6,310.62,1863.72,987.74,875.98
2024-05-28,Whiteboard Markers,Office Supplies,East,Priya Sharma,40,15.83,633.2,195.59,437.61
2024-05-28,Filing Cabinet,Furniture,Central,Ananya Reddy,9,130.18,1171.62,612.55,559.07
2024-05-29,Webcam HD,Electronics,West,Rohan Gupta,6,74.59,447.54,177.08,270.46
2024-05-29,Webcam HD,Electronics,Central,Sneha Joshi,2,66.94,133.88,57.99,75.89
2024-05-29,Desk Lamp LED,Furniture,South,Arjun Mehta,13,40.94,532.22,194.45,337.77
2024-05-30,Office Chair Ergonomic,Furniture,Central,Karthik Iyer,4,306.97,1227.88,633.17,594.71
2024-05-30,Screen Protector,Accessories,West,Amit Kumar,10,13.84,138.4,28.85,109.55
2024-05-30,Cable Organizer,Accessories,South,Karthik Iyer,24,9.12,218.88,72.9,145.98
2024-05-31,Monitor 27 inch,Electronics,South,Karthik Iyer,5,364.25,1821.25,1050.03,771.22
2024-05-31,Monitor 27 inch,Electronics,North,Priya Sharma,5,325.41,1627.05,1017.65,609.4
2024-05-31,Mechanical Keyboard,Electronics,North,Priya Sharma,5,84.99,424.95,215.18,209.77
2024-05-31,Mechanical Keyboard,Electronics,West,Vikram Singh,3,96.14,288.42,124.44,163.98
2024-05-31,Mechanical Keyboard,Electronics,West,Vikram Singh,16,96.33,1541.28,683.51,857.77
2024-05-31,Pen Set Premium,Office Supplies,West,Priya Sharma,3,24.26,72.78,25.05,47.73
2024-06-01,Laptop Air 13,Electronics,West,Neha Patel,1,824.54,824.54,545.77,278.77
2024-06-01,Filing Cabinet,Furniture,South,Priya Sharma,3,140.93,422.79,207.43,215.36
2024-06-01,Phone Stand,Accessories,West,Sneha Joshi,3,21.96,65.88,18.85,47.03
2024-06-02,Screen Protector,Accessories,East,Sneha Joshi,33,15.22,502.26,102.28,399.98
2024-06-03,Monitor 27 inch,Electronics,Central,Karthik Iyer,1,369.04,369.04,205.7,163.34
2024-06-03,Pen Set Premium,Office Supplies,West,Divya Nair,38,26.14,993.32,319.17,674.15
2024-06-03,Wireless Mouse,Electronics,Central,Rohan Gupta,8,28.99,231.92,94.64,137.28
2024-06-03,Webcam HD,Electronics,South,Rohan Gupta,14,68.51,959.14,410.81,548.33
2024-06-03,Power Bank 20000mAh,Accessories,East,Divya Nair,16,41.38,662.08,243.87,418.21
2024-06-03,Webcam HD,Electronics,Central,Arjun Mehta,3,65.26,195.78,93.3,102.48
2024-06-04,Notebook A4 Pack,Office Supplies,South,Vikram Singh,9,12.92,116.28,34.24,82.04
2024-06-04,USB-C Hub,Electronics,North,Vikram Singh,9,53.17,478.53,201.12,277.41
2024-06-04,Monitor 27 inch,Electronics,West,Karthik Iyer,1,375.03,375.03,203.22,171.81
2024-06-04,Pen Set Premium,Office Supplies,West,Amit Kumar,32,22.55,721.6,261.1,460.5
2024-06-04,Notebook A4 Pack,Office Supplies,Central,Karthik Iyer,18,12.02,216.36,71.59,144.77
2024-06-04,Laptop Bag,Accessories,Central,Ananya Reddy,3,61.23,183.69,78.16,105.53
2024-06-05,Headphones Wireless,Electronics,West,Amit Kumar,12,173.47,2081.64,870.95,1210.69
2024-06-05,Laptop Bag,Accessories,South,Neha Patel,1,62.59,62.59,24.72,37.87
2024-06-05,Pen Set Premium,Office Supplies,South,Sneha Joshi,3,24.26,72.78,23.05,49.73
2024-06-06,Cable Organizer,Accessories,South,Sneha Joshi,1,10.51,10.51,2.98,7.53
2024-06-07,Laptop Air 13,Electronics,West,Arjun Mehta,1,810.37,810.37,516.12,294.25
2024-06-07,Filing Cabinet,Furniture,South,Sneha Joshi,1,129.88,129.88,69.72,60.16
2024-06-07,Mechanical Keyboard,Electronics,North,Amit Kumar,6,84.8,508.8,248.76,260.04
2024-06-07,Desk Organizer,Office Supplies,East,Priya Sharma,1,38.3,38.3,13.57,24.73
2024-06-08,Power Bank 20000mAh,Accessories,Central,Karthik Iyer,2,39.22,78.44,31.86,46.58
2024-06-08,Filing Cabinet,Furniture,South,Rohan Gupta,12,123.57,1482.84,801.55,681.29
2024-06-08,Cable Organizer,Accessories,South,Divya Nair,35,9.63,337.05,101.7,235.35
2024-06-08,Laptop Pro 15,Electronics,West,Rohan Gupta,1,817.26,817.26,655.63,161.63
2024-06-09,Office Chair Ergonomic,Furniture,South,Rohan Gupta,11,301.21,3313.31,1769.68,1543.63
2024-06-09,Phone Stand,Accessories,East,Karthik Iyer,19,18.63,353.97,117.26,236.71
2024-06-09,Headphones Wireless,Electronics,Central,Ananya Reddy,1,172.24,172.24,78.69,93.55
2024-06-10,Phone Stand,Accessories,North,Vikram Singh,1,19.83,19.83,5.9,13.93
2024-06-10,Bookshelf Oak,Furniture,East,Neha Patel,3,163.78,491.34,284.83,206.51
2024-06-10,Wireless Mouse,Electronics,East,Karthik Iyer,11,29.54,324.94,129.16,195.78
2024-06-10,Power Bank 20000mAh,Accessories,North,Amit Kumar,6,36.92,221.52,92.44,129.08
2024-06-10,Stapler Heavy Duty,Office Supplies,West,Rohan Gupta,36,19.78,712.08,250.74,461.34
2024-06-10,Stapler Heavy Duty,Office Supplies,East,Amit Kumar,28,21.45,600.6,204.5,396.1
2024-06-11,USB-C Hub,Electronics,East,Karthik Iyer,30,46.5,1395.0,692.18,702.82
2024-06-11,Laptop Pro 15,Electronics,Central,Priya Sharma,4,860.09,3440.36,2618.66,821.7
2024-06-12,Notebook A4 Pack,Office Supplies,North,Amit Kumar,14,11.7,163.8,58.54,105.26
2024-06-12,Standing Desk,Furniture,East,Amit Kumar,3,462.14,1386.42,740.11,646.31
2024-06-12,Desk Organizer,Office Supplies,North,Amit Kumar,11,34.27,376.97,160.8,216.17
2024-06-12,Stapler Heavy Duty,Office Supplies,South,Ananya Reddy,27,21.06,568.62,183.03,385.59
2024-06-12,Desk Lamp LED,Furniture,South,Vikram Singh,8,41.95,335.6,125.7,209.9
2024-06-13,Standing Desk,Furniture,South,Rohan Gupta,4,465.42,1861.68,1010.46,851.22
2024-06-13,Monitor 27 inch,Electronics,South,Amit Kumar,4,356.65,1426.6,846.96,579.64
2024-06-13,Filing Cabinet,Furniture,Central,Vikram Singh,6,138.42,830.52,420.57,409.95
2024-06-13,Desk Organizer,Office Supplies,West,Arjun Mehta,27,35.54,959.58,371.17,588.41
2024-06-14,Notebook A4 Pack,Office Supplies,South,Vikram Singh,24,13.84,332.16,93.32,238.84
2024-06-14,Screen Protector,Accessories,West,Vikram Singh,25,15.86,396.5,71.38,325.12
2024-06-14,Screen Protector,Accessories,Central,Neha Patel,13,15.66,203.58,38.39,165.19
2024-06-14,Stapler Heavy Duty,Office Supplies,East,Karthik Iyer,8,19.97,159.76,53.47,106.29
2024-06-14,Notebook A4 Pack,Office Supplies,East,Vikram Singh,12,13.29,159.48,45.65,113.83
2024-06-15,Printer Paper Ream,Office Supplies,North,Priya Sharma,39,10.21,398.19,141.39,256.8
2024-06-15,Laptop Bag,Accessories,East,Neha Patel,3,62.9,188.7,74.51,114.19
2024-06-15,Power Bank 20000mAh,Accessories,West,Priya Sharma,9,37.34,336.06,138.95,197.11
2024-06-15,Phone Stand,Accessories,South,Ananya Reddy,12,20.23,242.76,73.22,169.54
2024-06-16,Office Chair Ergonomic,Furniture,East,Divya Nair,8,315.76,2526.08,1249.37,1276.71
2024-06-16,USB-C Hub,Electronics,North,Neha Patel,31,48.84,1514.04,715.18,798.86
2024-06-17,Office Chair Ergonomic,Furniture,Central,Neha Patel,12,321.81,3861.72,1834.84,2026.88
2024-06-17,Filing Cabinet,Furniture,West,Amit Kumar,4,124.16,496.64,277.98,218.66
2024-06-18,Tablet 10 inch,Electronics,West,Ananya Reddy,3,538.75,1616.25,923.26,692.99
2024-06-18,Tablet 10 inch,Electronics,West,Divya Nair,4,519.44,2077.76,1268.64,809.12
2024-06-18,Standing Desk,Furniture,West,Karthik Iyer,3,469.15,1407.45,740.37,667.08
2024-06-18,Pen Set Premium,Office Supplies,East,Priya Sharma,7,25.83,180.81,56.08,124.73
2024-06-18,Filing Cabinet,Furniture,Central,Rohan Gupta,6,127.94,767.64,432.58,335.06
2024-06-19,Pen Set Premium,Office Supplies,West,Sneha Joshi,13,24.19,314.47,100.29,214.18
2024-06-20,Bookshelf Oak,Furniture,West,Divya Nair,2,172.81,345.62,191.96,153.66
2024-06-20,Power Bank 20000mAh,Accessories,South,Neha Patel,36,41.86,1506.96,567.08,939.88
2024-06-20,Mechanical Keyboard,Electronics,South,Sneha Joshi,1,86.74,86.74,43.99,42.75
2024-06-20,Whiteboard Markers,Office Supplies,East,Sneha Joshi,1,15.11,15.11,4.78,10.33
2024-06-20,Printer Paper Ream,Office Supplies,West,Ananya Reddy,25,10.8,270.0,83.96,186.04
2024-06-20,Headphones Wireless,Electronics,North,Ananya Reddy,2,149.73,299.46,147.03,152.43
2024-06-20,Printer Paper Ream,Office Supplies,West,Ananya Reddy,24,10.55,253.2,84.69,168.51
2024-06-20,USB-C Hub,Electronics,West,Rohan Gupta,13,50.98,662.74,277.35,385.39
2024-06-21,Laptop Air 13,Electronics,North,Rohan Gupta,2,676.85,1353.7,1119.78,233.92
2024-06-21,Printer Paper Ream,Office Supplies,West,Divya Nair,23,9.93,228.39,82.57,145.82
2024-06-22,Power Bank 20000mAh,Accessories,Central,Sneha Joshi,34,40.86,1389.24,565.61,823.63
2024-06-23,Mechanical Keyboard,Electronics,South,Divya Nair,7,82.63,578.41,294.31,284.1
2024-06-23,Notebook A4 Pack,Office Supplies,West,Vikram Singh,38,13.27,504.26,146.08,358.18
2024-06-24,Phone Stand,Accessories,East,Rohan Gupta,37,18.22,674.14,222.16,451.98
2024-06-24,Phone Stand,Accessories,North,Priya Sharma,31,18.27,566.37,180.28,386.09
2024-06-24,Phone Stand,Accessories,South,Priya Sharma,36,19.94,717.84,213.05,504.79
2024-06-24,Phone Stand,Accessories,East,Ananya Reddy,38,20.95,796.1,235.76,560.34
2024-06-24,Mechanical Keyboard,Electronics,Central,Karthik Iyer,13,81.93,1065.09,520.69,544.4
2024-06-25,Tablet 10 inch,Electronics,Central,Karthik Iyer,4,494.58,1978.32,1197.74,780.58
2024-06-25,Webcam HD,Electronics,North,Priya Sharma,2,73.52,147.04,60.54,86.5
2024-06-25,Office Chair Ergonomic,Furniture,Central,Neha Patel,14,301.32,4218.48,2264.17,1954.31
2024-06-25,Office Chair Ergonomic,Furniture,South,Amit Kumar,2,303.87,607.74,307.77,299.97
2024-06-26,Office Chair Ergonomic,Furniture,East,Divya Nair,8,314.3,2514.4,1241.15,1273.25
2024-06-26,Office Chair Ergonomic,Furniture,South,Arjun Mehta,9,324.62,2921.58,1477.29,1444.29
2024-06-26,Power Bank 20000mAh,Accessories,East,Vikram Singh,7,36.56,255.92,108.21,147.71
2024-06-27,Power Bank 20000mAh,Accessories,East,Vikram Singh,17,38.53,655.01,279.81,375.2
2024-06-27,USB-C Hub,Electronics,East,Ananya Reddy,1,51.36,51.36,22.05,29.31
2024-06-27,Laptop Bag,Accessories,South,Vikram Singh,3,58.66,175.98,72.66,103.32
2024-06-27,Whiteboard Markers,Office Supplies,North,Sneha Joshi,8,15.83,126.64,40.39,86.25
2024-06-27,Cable Organizer,Accessories,West,Divya Nair,28,10.76,301.28,84.73,216.55
2024-06-28,Tablet 10 inch,Electronics,East,Sneha Joshi,1,503.39,503.39,304.09,199.3
2024-06-28,Stapler Heavy Duty,Office Supplies,South,Priya Sharma,36,18.11,651.96,258.58,393.38
2024-06-28,Headphones Wireless,Electronics,West,Priya Sharma,13,159.94,2079.22,957.07,1122.15
2024-06-28,Phone Stand,Accessories,North,Rohan Gupta,7,18.61,130.27,43.6,86.67
2024-06-28,Laptop Air 13,Electronics,South,Neha Patel,3,702.65,2107.95,1608.84,499.11
2024-06-28,Printer Paper Ream,Office Supplies,South,Karthik Iyer,39,10.49,409.11,129.99,279.12
2024-06-30,Laptop Pro 15,Electronics,North,Ananya Reddy,1,987.86,987.86,644.95,342.91
2024-06-30,Monitor 27 inch,Electronics,East,Karthik Iyer,1,356.87,356.87,213.9,142.97
2024-06-30,Stapler Heavy Duty,Office Supplies,West,Arjun Mehta,28,20.33,569.24,190.15,379.09
2024-06-30,Laptop Bag,Accessories,North,Ananya Reddy,13,58.51,760.63,328.29,432.34
2024-06-30,Power Bank 20000mAh,Accessories,West,Ananya Reddy,5,38.81,194.05,80.05,114.0
2024-06-30,Standing Desk,Furniture,East,Rohan Gupta,4,424.26,1697.04,1023.34,673.7
2024-06-30,Power Bank 20000mAh,Accessories,South,Karthik Iyer,33,37.84,1248.72,521.01,727.71
2024-07-01,Cable Organizer,Accessories,Central,Divya Nair,32,9.17,293.44,95.35,198.09
2024-07-01,Screen Protector,Accessories,Central,Amit Kumar,34,14.02,476.68,97.31,379.37
2024-07-02,Webcam HD,Electronics,Central,Rohan Gupta,11,75.82,834.02,329.71,504.31
2024-07-02,Monitor 27 inch,Electronics,South,Divya Nair,4,361.15,1444.6,879.29,565.31
2024-07-02,Desk Lamp LED,Furniture,South,Priya Sharma,8,43.67,349.36,114.04,235.32
2024-07-02,Wireless Mouse,Electronics,East,Amit Kumar,25,30.52,763.0,300.57,462.43
2024-07-02,Laptop Pro 15,Electronics,North,Ananya Reddy,4,948.84,3795.36,2707.76,1087.6
2024-07-02,Laptop Bag,Accessories,Central,Ananya Reddy,8,57.15,457.2,191.34,265.86
2024-07-02,Power Bank 20000mAh,Accessories,North,Amit Kumar,32,39.31,1257.92,493.64,764.28
2024-07-02,Pen Set Premium,Office Supplies,Central,Amit Kumar,33,25.73,849.09,262.81,586.28
2024-07-02,Whiteboard Markers,Office Supplies,North,Priya Sharma,27,16.45,444.15,134.57,309.58
2024-07-03,Stapler Heavy Duty,Office Supplies,East,Vikram Singh,18,19.2,345.6,129.81,215.79
2024-07-03,Monitor 27 inch,Electronics,North,Neha Patel,1,346.71,346.71,220.1,126.61
2024-07-04,Tablet 10 inch,Electronics,Central,Sneha Joshi,1,468.67,468.67,299.9,168.77
2024-07-04,Cable Organizer,Accessories,West,Sneha Joshi,31,9.53,295.43,93.69,201.74
2024-07-04,Filing Cabinet,Furniture,West,Divya Nair,2,142.62,285.24,145.6,139.64
2024-07-05,Wireless Mouse,Electronics,Central,Rohan Gupta,19,28.58,543.02,217.72,325.3
2024-07-05,Mechanical Keyboard,Electronics,East,Karthik Iyer,9,83.7,753.3,361.85,391.45
2024-07-05,Notebook A4 Pack,Office Supplies,Central,Priya Sharma,24,13.68,328.32,91.25,237.07
2024-07-05,Cable Organizer,Accessories,Central,Divya Nair,12,10.32,123.84,36.05,87.79
2024-07-05,Bookshelf Oak,Furniture,East,Arjun Mehta,8,171.33,1370.64,746.31,624.33
2024-07-06,Printer Paper Ream,Office Supplies,East,Rohan Gupta,30,9.45,283.5,103.59,179.91
2024-07-06,Standing Desk,Furniture,East,Divya Nair,3,463.1,1389.3,728.16,661.14
2024-07-06,Stapler Heavy Duty,Office Supplies,West,Arjun Mehta,19,21.08,400.52,134.58,265.94
2024-07-07,Phone Stand,Accessories,South,Rohan Gupta,30,18.31,549.3,188.51,360.79
2024-07-07,Phone Stand,Accessories,North,Karthik Iyer,4,19.92,79.68,24.06,55.62
2024-07-07,Monitor 27 inch,Electronics,North,Rohan Gupta,1,331.74,331.74,213.04,118.7
2024-07-08,Desk Organizer,Office Supplies,Central,Amit Kumar,26,32.21,837.46,349.06,488.4
2024-07-08,Notebook A4 Pack,Office Supplies,Central,Neha Patel,32,13.22,423.04,134.25,288.79
2024-07-08,USB-C Hub,Electronics,West,Karthik Iyer,8,50.95,407.6,173.26,234.34
2024-07-08,Laptop Pro 15,Electronics,South,Rohan Gupta,1,877.57,877.57,626.14,251.43
2024-07-08,Tablet 10 inch,Electronics,Central,Arjun Mehta,2,466.11,932.22,642.83,289.39
2024-07-08,Desk Organizer,Office Supplies,South,Rohan Gupta,28,38.28,1071.84,409.9,661.94
2024-07-09,Headphones Wireless,Electronics,West,Karthik Iyer,1,166.54,166.54,72.79,93.75
2024-07-09,Notebook A4 Pack,Office Supplies,South,Divya Nair,35,12.21,427.35,136.53,290.82
2024-07-09,Office Chair Ergonomic,Furniture,Central,Vikram Singh,1,277.06,277.06,166.6,110.46
2024-07-09,Laptop Pro 15,Electronics,East,Priya Sharma,1,939.13,939.13,656.83,282.3
2024-07-09,Laptop Pro 15,Electronics,West,Divya Nair,1,821.42,821.42,639.6,181.82
2024-07-09,Phone Stand,Accessories,East,Neha Patel,15,18.2,273.0,93.03,179.97
2024-07-09,Office Chair Ergonomic,Furniture,North,Vikram Singh,9,298.57,2687.13,1395.76,1291.37
2024-07-10,Filing Cabinet,Furniture,East,Sneha Joshi,12,118.99,1427.88,809.57,618.31
2024-07-10,Tablet 10 inch,Electronics,East,Ananya Reddy,1,471.1,471.1,296.92,174.18
2024-07-10,Laptop Bag,Accessories,West,Vikram Singh,13,62.72,815.36,311.65,503.71
2024-07-10,Standing Desk,Furniture,South,Ananya Reddy,1,456.98,456.98,246.18,210.8
2024-07-10,Headphones Wireless,Electronics,Central,Divya Nair,9,152.25,1370.25,642.36,727.89
2024-07-10,Standing Desk,Furniture,East,Divya Nair,4,460.2,1840.8,1046.96,793.84
2024-07-10,Laptop Pro 15,Electronics,Central,Neha Patel,1,919.51,919.51,663.52,255.99
2024-07-10,Whiteboard Markers,Office Supplies,North,Karthik Iyer,28,14.79,414.12,136.48,277.64
2024-07-10,Cable Organizer,Accessories,Central,Divya Nair,26,9.9,257.4,79.55,177.85
2024-07-11,USB-C Hub,Electronics,West,Divya Nair,6,45.36,272.16,135.24,136.92
2024-07-11,Pen Set Premium,Office Supplies,South,Vikram Singh,12,26.57,318.84,100.53,218.31
2024-07-12,Tablet 10 inch,Electronics,North,Ananya Reddy,1,498.45,498.45,300.55,197.9
2024-07-12,Monitor 27 inch,Electronics,South,Rohan Gupta,1,378.24,378.24,213.35,164.89
2024-07-12,Desk Organizer,Office Supplies,East,Arjun Mehta,5,38.22,191.1,70.76,120.34
2024-07-12,Filing Cabinet,Furniture,South,Priya Sharma,11,133.78,1471.58,735.0,736.58
2024-07-12,Monitor 27 inch,Electronics,Central,Karthik Iyer,4,347.71,1390.84,805.75,585.09
2024-07-12,Printer Paper Ream,Office Supplies,North,Vikram Singh,6,10.56,63.36,19.97,43.39
2024-07-13,Office Chair Ergonomic,Furniture,West,Ananya Reddy,13,297.2,3863.6,2062.53,1801.07
2024-07-13,Filing Cabinet,Furniture,West,Rohan Gupta,9,118.68,1068.12,626.4,441.72
2024-07-13,Laptop Bag,Accessories,Central,Karthik Iyer,1,65.35,65.35,25.02,40.33
2024-07-13,Power Bank 20000mAh,Accessories,East,Rohan Gupta,10,38.76,387.6,158.14,229.46
2024-07-14,Tablet 10 inch,Electronics,East,Priya Sharma,1,539.18,539.18,308.69,230.49
2024-07-14,Wireless Mouse,Electronics,West,Arjun Mehta,21,31.49,661.29,252.73,408.56
2024-07-14,Office Chair Ergonomic,Furniture,Central,Vikram Singh,12,277.64,3331.68,1935.17,1396.51
2024-07-15,Bookshelf Oak,Furniture,North,Rohan Gupta,1,191.16,191.16,91.34,99.82
2024-07-15,Mechanical Keyboard,Electronics,North,Neha Patel,1,87.13,87.13,43.39,43.74
2024-07-15,Stapler Heavy Duty,Office Supplies,East,Amit Kumar,16,20.64,330.24,109.24,221.0
2024-07-15,Desk Lamp LED,Furniture,Central,Karthik Iyer,3,37.59,112.77,44.27,68.5
2024-07-15,USB-C Hub,Electronics,South,Karthik Iyer,26,54.49,1416.74,593.36,823.38
2024-07-15,Desk Organizer,Office Supplies,South,Arjun Mehta,6,38.35,230.1,84.6,145.5
2024-07-15,Laptop Pro 15,Electronics,South,Karthik Iyer,1,818.2,818.2,657.94,160.26
2024-07-16,USB-C Hub,Electronics,East,Vikram Singh,27,47.78,1290.06,618.71,671.35
2024-07-16,Standing Desk,Furniture,Central,Vikram Singh,3,473.05,1419.15,765.46,653.69
2024-07-16,Mechanical Keyboard,Electronics,South,Arjun Mehta,7,93.82,656.74,289.06,367.68
2024-07-16,Desk Organizer,Office Supplies,West,Rohan Gupta,30,34.95,1048.5,437.06,611.44
2024-07-16,Whiteboard Markers,Office Supplies,East,Vikram Singh,2,16.28,32.56,10.15,22.41
2024-07-17,Mechanical Keyboard,Electronics,East,Amit Kumar,7,90.47,633.29,281.33,351.96
2024-07-18,Wireless Mouse,Electronics,South,Rohan Gupta,37,30.96,1145.52,463.25,682.27
2024-07-18,Filing Cabinet,Furniture,Central,Karthik Iyer,9,136.29,1226.61,608.23,618.38
2024-07-18,Laptop Bag,Accessories,West,Priya Sharma,3,62.55,187.65,72.68,114.97
2024-07-18,Laptop Pro 15,Electronics,West,Arjun Mehta,2,887.85,1775.7,1364.36,411.34
2024-07-18,Power Bank 20000mAh,Accessories,Central,Ananya Reddy,10,38.08,380.8,156.79,224.01
2024-07-18,Bookshelf Oak,Furniture,East,Amit Kumar,2,165.21,330.42,183.52,146.9
2024-07-18,Stapler Heavy Duty,Office Supplies,West,Sneha Joshi,28,21.66,606.48,203.15,403.33
2024-07-19,Bookshelf Oak,Furniture,Central,Divya Nair,9,179.02,1611.18,868.44,742.74
2024-07-19,Desk Organizer,Office Supplies,East,Divya Nair,32,33.63,1076.16,435.78,640.38
2024-07-19,Stapler Heavy Duty,Office Supplies,North,Ananya Reddy,39,18.4,717.6,265.47,452.13
2024-07-19,Laptop Pro 15,Electronics,North,Rohan Gupta,1,838.7,838.7,623.66,215.04
2024-07-19,Phone Stand,Accessories,Central,Karthik Iyer,1,19.15,19.15,5.84,13.31
2024-07-19,Desk Lamp LED,Furniture,South,Amit Kumar,2,37.39,74.78,30.42,44.36
2024-07-19,Stapler Heavy Duty,Office Supplies,North,Priya Sharma,10,19.11,191.1,67.99,123.11
2024-07-20,Headphones Wireless,Electronics,East,Rohan Gupta,1,175.01,175.01,74.99,100.02
2024-07-20,Stapler Heavy Duty,Office Supplies,South,Sneha Joshi,34,21.51,731.34,231.43,499.91
2024-07-20,Whiteboard Markers,Office Supplies,West,Priya Sharma,34,13.64,463.76,178.09,285.67
2024-07-20,Laptop Bag,Accessories,South,Vikram Singh,1,57.75,57.75,25.25,32.5
2024-07-20,Office Chair Ergonomic,Furniture,Central,Amit Kumar,3,289.14,867.42,492.42,375.0
2024-07-22,Desk Organizer,Office Supplies,South,Neha Patel,20,33.51,670.2,280.01,390.19
2024-07-22,Laptop Air 13,Electronics,South,Vikram Singh,1,679.57,679.57,564.85,114.72
2024-07-22,USB-C Hub,Electronics,South,Karthik Iyer,36,47.09,1695.24,792.55,902.69
2024-07-22,Laptop Pro 15,Electronics,South,Amit Kumar,3,836.71,2510.13,1921.75,588.38
2024-07-22,Phone Stand,Accessories,West,Rohan Gupta,15,19.39,290.85,87.94,202.91
2024-07-22,Desk Lamp LED,Furniture,East,Neha Patel,29,36.87,1069.23,456.68,612.55
2024-07-23,Laptop Pro 15,Electronics,West,Neha Patel,1,968.78,968.78,637.12,331.66
2024-07-23,Laptop Air 13,Electronics,East,Neha Patel,2,730.24,1460.48,1076.14,384.34
2024-07-23,Standing Desk,Furniture,West,Sneha Joshi,3,463.39,1390.17,772.27,617.9
2024-07-23,Office Chair Ergonomic,Furniture,East,Ananya Reddy,10,280.27,2802.7,1604.31,1198.39
2024-07-23,Filing Cabinet,Furniture,East,Karthik Iyer,9,138.4,1245.6,652.04,593.56
2024-07-23,Laptop Pro 15,Electronics,East,Karthik Iyer,4,858.72,3434.88,2634.09,800.79
2024-07-23,Wireless Mouse,Electronics,Central,Rohan Gupta,9,30.2,271.8,106.55,165.25
2024-07-23,Filing Cabinet,Furniture,North,Sneha Joshi,13,128.09,1665.17,935.11,730.06
2024-07-23,Mechanical Keyboard,Electronics,North,Divya Nair,10,88.29,882.9,421.03,461.87
2024-07-23,Office Chair Ergonomic,Furniture,North,Sneha Joshi,3,327.68,983.04,497.71,485.33
2024-07-24,Tablet 10 inch,Electronics,East,Sneha Joshi,1,505.38,505.38,303.51,201.87
2024-07-24,Cable Organizer,Accessories,Central,Arjun Mehta,35,10.17,355.95,107.86,248.09
2024-07-24,Power Bank 20000mAh,Accessories,Central,Amit Kumar,36,41.8,1504.8,589.82,914.98
2024-07-24,Bookshelf Oak,Furniture,South,Divya Nair,1,197.29,197.29,97.54,99.75
2024-07-24,Cable Organizer,Accessories,South,Priya Sharma,33,10.22,337.26,97.69,239.57
2024-07-25,Laptop Bag,Accessories,South,Neha Patel,7,63.44,444.08,179.0,265.08
2024-07-25,Standing Desk,Furniture,North,Priya Sharma,2,492.35,984.7,494.29,490.41
2024-07-25,Standing Desk,Furniture,South,Ananya Reddy,3,446.24,1338.72,722.2,616.52
2024-07-25,Laptop Bag,Accessories,East,Divya Nair,1,64.95,64.95,24.53,40.42
2024-07-26,Laptop Air 13,Electronics,East,Neha Patel,1,793.66,793.66,560.83,232.83
2024-07-26,USB-C Hub,Electronics,East,Vikram Singh,5,49.87,249.35,111.44,137.91
2024-07-26,USB-C Hub,Electronics,Central,Amit Kumar,7,51.93,363.51,153.31,210.2
2024-07-26,Cable Organizer,Accessories,Central,Arjun Mehta,27,10.28,277.56,84.37,193.19
2024-07-26,Phone Stand,Accessories,South,Karthik Iyer,18,21.79,392.22,108.04,284.18
2024-07-26,Laptop Bag,Accessories,Central,Divya Nair,5,63.44,317.2,120.19,197.01
2024-07-27,Bookshelf Oak,Furniture,South,Arjun Mehta,11,181.65,1998.15,1045.77,952.38
2024-07-27,Standing Desk,Furniture,North,Vikram Singh,2,450.05,900.1,518.05,382.05
2024-07-27,Screen Protector,Accessories,Central,Neha Patel,33,15.2,501.6,94.45,407.15
2024-07-27,Screen Protector,Accessories,West,Neha Patel,16,14.52,232.32,48.91,183.41
2024-07-27,Webcam HD,Electronics,East,Karthik Iyer,4,63.24,252.96,120.19,132.77
2024-07-27,Phone Stand,Accessories,North,Rohan Gupta,6,18.41,110.46,35.92,74.54
2024-07-28,USB-C Hub,Electronics,East,Vikram Singh,15,52.44,786.6,331.29,455.31
2024-07-28,Screen Protector,Accessories,West,Priya Sharma,10,15.87,158.7,30.15,128.55
2024-07-28,Whiteboard Markers,Office Supplies,East,Arjun Mehta,28,13.93,390.04,133.14,256.9
2024-07-28,Laptop Pro 15,Electronics,East,Rohan Gupta,2,970.44,1940.88,1335.69,605.19
2024-07-28,Laptop Bag,Accessories,South,Karthik Iyer,7,65.83,460.81,175.16,285.65
2024-07-28,Pen Set Premium,Office Supplies,North,Vikram Singh,32,25.67,821.44,265.94,555.5
2024-07-29,Headphones Wireless,Electronics,South,Neha Patel,4,165.88,663.52,310.44,353.08
2024-07-29,Laptop Bag,Accessories,South,Karthik Iyer,1,55.93,55.93,24.18,31.75
2024-07-29,Phone Stand,Accessories,East,Ananya Reddy,8,21.62,172.96,50.08,122.88
2024-07-29,Laptop Bag,Accessories,East,Rohan Gupta,10,54.82,548.2,255.27,292.93
2024-07-29,Monitor 27 inch,Electronics,North,Divya Nair,2,351.08,702.16,429.79,272.37
2024-07-30,Wireless Mouse,Electronics,East,Divya Nair,27,30.43,821.61,330.79,490.82
2024-07-31,Bookshelf Oak,Furniture,North,Arjun Mehta,10,169.58,1695.8,957.7,738.1
2024-07-31,Pen Set Premium,Office Supplies,West,Vikram Singh,3,23.07,69.21,24.65,44.56
2024-07-31,Headphones Wireless,Electronics,West,Vikram Singh,4,164.47,657.88,311.54,346.34
2024-07-31,Notebook A4 Pack,Office Supplies,Central,Divya Nair,11,12.36,135.96,43.73,92.23
2024-08-01,Phone Stand,Accessories,East,Priya Sharma,46,18.48,850.08,281.63,568.45
2024-08-01,Monitor 27 inch,Electronics,East,Arjun Mehta,3,352.2,1056.6,612.67,443.93
2024-08-01,Webcam HD,Electronics,North,Amit Kumar,9,64.71,582.39,266.88,315.51
2024-08-02,Printer Paper Ream,Office Supplies,West,Vikram Singh,31,10.77,333.87,107.29,226.58
2024-08-02,Laptop Air 13,Electronics,North,Sneha Joshi,1,786.32,786.32,530.19,256.13
2024-08-02,Screen Protector,Accessories,North,Neha Patel,10,15.48,154.8,28.52,126.28
2024-08-03,Monitor 27 inch,Electronics,North,Rohan Gupta,4,337.91,1351.64,836.19,515.45
2024-08-03,Bookshelf Oak,Furniture,West,Ananya Reddy,10,187.44,1874.4,939.7,934.7
2024-08-03,Bookshelf Oak,Furniture,South,Ananya Reddy,10,193.39,1933.9,962.81,971.09
2024-08-03,Cable Organizer,Accessories,East,Arjun Mehta,28,9.44,264.32,80.53,183.79
2024-08-03,Laptop Bag,Accessories,South,Karthik Iyer,9,56.17,505.53,214.57,290.96
2024-08-04,Laptop Bag,Accessories,East,Arjun Mehta,8,57.04,456.32,190.06,266.26
2024-08-04,Laptop Bag,Accessories,North,Ananya Reddy,9,59.61,536.49,225.79,310.7
2024-08-04,Laptop Bag,Accessories,Central,Amit Kumar,10,60.92,609.2,259.59,349.61
2024-08-04,USB-C Hub,Electronics,East,Rohan Gupta,13,49.31,641.03,279.98,361.05
2024-08-04,Tablet 10 inch,Electronics,West,Karthik Iyer,5,510.44,2552.2,1571.18,981.02
2024-08-05,Webcam HD,Electronics,East,Vikram Singh,3,70.33,210.99,92.96,118.03
2024-08-05,Printer Paper Ream,Office Supplies,South,Arjun Mehta,26,9.12,237.12,87.38,149.74
2024-08-05,Whiteboard Markers,Office Supplies,North,Ananya Reddy,44,13.69,602.36,219.87,382.49
2024-08-06,Power Bank 20000mAh,Accessories,West,Divya Nair,35,41.31,1445.85,534.8,911.05
2024-08-06,Laptop Bag,Accessories,South,Priya Sharma,8,54.31,434.48,196.02,238.46
2024-08-06,Whiteboard Markers,Office Supplies,Central,Karthik Iyer,16,15.53,248.48,78.89,169.59
2024-08-07,Screen Protector,Accessories,South,Priya Sharma,28,13.88,388.64,86.21,302.43
2024-08-07,Tablet 10 inch,Electronics,Central,Amit Kumar,4,478.36,1913.44,1187.14,726.3
2024-08-07,Filing Cabinet,Furniture,West,Rohan Gupta,12,125.35,1504.2,866.15,638.05
2024-08-08,Screen Protector,Accessories,East,Karthik Iyer,9,13.91,125.19,28.2,96.99
2024-08-08,Pen Set Premium,Office Supplies,West,Arjun Mehta,27,26.4,712.8,216.16,496.64
2024-08-08,Tablet 10 inch,Electronics,East,Neha Patel,2,525.05,1050.1,627.47,422.63
2024-08-08,Laptop Pro 15,Electronics,North,Amit Kumar,3,862.22,2586.66,1995.7,590.96
2024-08-08,USB-C Hub,Electronics,North,Sneha Joshi,28,52.94,1482.32,589.93,892.39
2024-08-09,Headphones Wireless,Electronics,Central,Karthik Iyer,6,144.91,869.46,465.79,403.67
2024-08-09,Whiteboard Markers,Office Supplies,South,Arjun Mehta,10,16.27,162.7,47.59,115.11
2024-08-09,Laptop Bag,Accessories,West,Arjun Mehta,1,58.64,58.64,24.31,34.33
2024-08-10,Desk Lamp LED,Furniture,East,Ananya Reddy,6,40.41,242.46,85.57,156.89
2024-08-10,Mechanical Keyboard,Electronics,North,Vikram Singh,13,82.94,1078.22,571.09,507.13
2024-08-10,Screen Protector,Accessories,West,Arjun Mehta,1,15.47,15.47,2.98,12.49
2024-08-11,Whiteboard Markers,Office Supplies,Central,Amit Kumar,42,14.81,622.02,213.86,408.16
2024-08-12,Cable Organizer,Accessories,East,Karthik Iyer,16,10.22,163.52,49.81,113.71
2024-08-12,Phone Stand,Accessories,South,Karthik Iyer,27,21.87,590.49,165.64,424.85
2024-08-13,Printer Paper Ream,Office Supplies,Central,Vikram Singh,3,9.68,29.04,10.94,18.1
2024-08-14,Power Bank 20000mAh,Accessories,North,Priya Sharma,4,39.21,156.84,62.97,93.87
2024-08-14,Cable Organizer,Accessories,West,Divya Nair,20,9.99,199.8,61.78,138.02
2024-08-14,Filing Cabinet,Furniture,North,Rohan Gupta,11,128.56,1414.16,746.88,667.28
2024-08-14,Laptop Pro 15,Electronics,East,Amit Kumar,1,828.94,828.94,678.27,150.67
2024-08-14,Bookshelf Oak,Furniture,East,Divya Nair,5,172.54,862.7,478.21,384.49
2024-08-15,Standing Desk,Furniture,Central,Divya Nair,4,489.11,1956.44,1022.66,933.78
2024-08-15,Stapler Heavy Duty,Office Supplies,Central,Divya Nair,26,19.49,506.74,176.37,330.37
2024-08-15,USB-C Hub,Electronics,West,Neha Patel,30,50.52,1515.6,680.4,835.2
2024-08-15,Headphones Wireless,Electronics,North,Ananya Reddy,13,158.72,2063.36,982.09,1081.27
2024-08-15,Power Bank 20000mAh,Accessories,Central,Divya Nair,40,43.77,1750.8,669.99,1080.81
2024-08-15,Tablet 10 inch,Electronics,South,Karthik Iyer,3,530.88,1592.64,968.1,624.54
2024-08-15,Notebook A4 Pack,Office Supplies,South,Arjun Mehta,42,11.71,491.82,159.67,332.15
2024-08-16,Cable Organizer,Accessories,West,Ananya Reddy,41,9.08,372.28,125.23,247.05
2024-08-16,Printer Paper Ream,Office Supplies,North,Karthik Iyer,6,9.28,55.68,21.24,34.44
2024-08-16,Desk Organizer,Office Supplies,South,Rohan Gupta,37,34.31,1269.47,527.69,741.78
2024-08-16,Notebook A4 Pack,Office Supplies,North,Sneha Joshi,24,13.89,333.36,98.85,234.51
2024-08-17,Mechanical Keyboard,Electronics,West,Rohan Gupta,12,92.59,1111.08,517.43,593.65
2024-08-17,Laptop Air 13,Electronics,South,Neha Patel,4,802.12,3208.48,2225.08,983.4
2024-08-18,Webcam HD,Electronics,East,Divya Nair,9,69.45,625.05,264.11,360.94
2024-08-18,Mechanical Keyboard,Electronics,East,Arjun Mehta,2,86.42,172.84,79.89,92.95
2024-08-18,Printer Paper Ream,Office Supplies,North,Priya Sharma,38,9.58,364.04,130.59,233.45
2024-08-18,Laptop Bag,Accessories,Central,Amit Kumar,16,63.97,1023.52,395.6,627.92
2024-08-19,Printer Paper Ream,Office Supplies,North,Arjun Mehta,24,9.2,220.8,87.93,132.87
2024-08-19,Laptop Air 13,Electronics,East,Rohan Gupta,5,791.56,3957.8,2795.75,1162.05
2024-08-19,Notebook A4 Pack,Office Supplies,South,Vikram Singh,8,12.54,100.32,32.21,68.11
2024-08-20,Desk Lamp LED,Furniture,North,Neha Patel,22,41.65,916.3,336.7,579.6
2024-08-20,Power Bank 20000mAh,Accessories,North,Vikram Singh,3,42.66,127.98,45.71,82.27
2024-08-20,Whiteboard Markers,Office Supplies,West,Karthik Iyer,44,15.58,685.52,229.32,456.2
2024-08-20,Power Bank 20000mAh,Accessories,West,Neha Patel,32,41.66,1333.12,510.01,823.11
2024-08-20,Webcam HD,Electronics,North,Vikram Singh,15,69.46,1041.9,461.05,580.85
2024-08-21,Whiteboard Markers,Office Supplies,West,Rohan Gupta,13,16.48,214.24,64.58,149.66
2024-08-21,Office Chair Ergonomic,Furniture,South,Vikram Singh,16,323.73,5179.68,2498.06,2681.62
2024-08-21,Stapler Heavy Duty,Office Supplies,South,Vikram Singh,5,21.03,105.15,35.61,69.54
2024-08-21,Monitor 27 inch,Electronics,North,Karthik Iyer,5,351.16,1755.8,1071.93,683.87
2024-08-21,Pen Set Premium,Office Supplies,East,Priya Sharma,45,22.85,1028.25,358.96,669.29
2024-08-21,Laptop Bag,Accessories,North,Sneha Joshi,9,65.41,588.69,221.93,366.76
2024-08-21,Notebook A4 Pack,Office Supplies,East,Arjun Mehta,19,12.88,244.72,78.3,166.42
2024-08-21,Screen Protector,Accessories,West,Neha Patel,37,15.6,577.2,112.21,464.99
2024-08-22,Cable Organizer,Accessories,North,Arjun Mehta,44,9.13,401.72,128.86,272.86
2024-08-22,Power Bank 20000mAh,Accessories,West,Ananya Reddy,32,43.0,1376.0,528.4,847.6
2024-08-22,Phone Stand,Accessories,West,Priya Sharma,10,18.1,181.0,60.45,120.55
2024-08-22,Laptop Bag,Accessories,West,Priya Sharma,6,64.31,385.86,154.51,231.35
2024-08-23,Tablet 10 inch,Electronics,East,Ananya Reddy,2,499.87,999.74,602.05,397.69
2024-08-23,Whiteboard Markers,Office Supplies,North,Karthik Iyer,28,16.35,457.8,136.8,321.0
2024-08-23,Power Bank 20000mAh,Accessories,West,Rohan Gupta,1,39.66,39.66,15.55,24.11
2024-08-23,Desk Organizer,Office Supplies,East,Vikram Singh,6,35.87,215.22,84.66,130.56
2024-08-24,Bookshelf Oak,Furniture,East,Amit Kumar,15,166.21,2493.15,1433.57,1059.58
2024-08-25,Mechanical Keyboard,Electronics,South,Arjun Mehta,10,98.59,985.9,405.63,580.27
2024-08-25,Phone Stand,Accessories,North,Amit Kumar,44,19.24,846.56,252.19,594.37
2024-08-25,USB-C Hub,Electronics,East,Ananya Reddy,15,45.21,678.15,326.44,351.71
2024-08-25,Desk Organizer,Office Supplies,South,Ananya Reddy,27,36.57,987.39,379.54,607.85
2024-08-25,Cable Organizer,Accessories,South,Arjun Mehta,17,9.44,160.48,49.8,110.68
2024-08-25,Mechanical Keyboard,Electronics,North,Ananya Reddy,10,91.08,910.8,436.11,474.69
2024-08-25,Cable Organizer,Accessories,South,Vikram Singh,17,10.18,173.06,50.27,122.79
2024-08-26,Laptop Air 13,Electronics,South,Rohan Gupta,4,696.57,2786.28,2183.47,602.81
2024-08-26,Laptop Pro 15,Electronics,North,Rohan Gupta,1,915.8,915.8,675.5,240.3
2024-08-26,Screen Protector,Accessories,East,Arjun Mehta,10,16.18,161.8,29.31,132.49
2024-08-26,Filing Cabinet,Furniture,South,Neha Patel,8,139.06,1112.48,571.09,541.39
2024-08-26,Laptop Air 13,Electronics,West,Divya Nair,3,703.24,2109.72,1678.43,431.29
2024-08-27,Printer Paper Ream,Office Supplies,East,Arjun Mehta,32,10.46,334.72,109.16,225.56
2024-08-27,Office Chair Ergonomic,Furniture,East,Ananya Reddy,11,290.26,3192.86,1791.43,1401.43
2024-08-27,Printer Paper Ream,Office Supplies,East,Ananya Reddy,10,9.82,98.2,35.94,62.26
2024-08-28,Whiteboard Markers,Office Supplies,West,Vikram Singh,45,16.17,727.65,216.9,510.75
2024-08-28,Pen Set Premium,Office Supplies,North,Priya Sharma,12,27.0,324.0,98.29,225.71
2024-08-28,Screen Protector,Accessories,North,Amit Kumar,46,14.03,645.38,144.8,500.58
2024-08-28,Whiteboard Markers,Office Supplies,East,Ananya Reddy,46,16.19,744.74,238.13,506.61
2024-08-28,Laptop Bag,Accessories,East,Neha Patel,12,65.21,782.52,298.46,484.06
2024-08-28,USB-C Hub,Electronics,South,Sneha Joshi,24,51.6,1238.4,526.54,711.86
2024-08-29,Wireless Mouse,Electronics,North,Priya Sharma,6,29.58,177.48,73.76,103.72
2024-08-29,Screen Protector,Accessories,South,Neha Patel,1,14.39,14.39,3.05,11.34
2024-08-29,Laptop Air 13,Electronics,South,Sneha Joshi,2,769.07,1538.14,1122.34,415.8
2024-08-29,Stapler Heavy Duty,Office Supplies,South,Vikram Singh,3,18.21,54.63,20.71,33.92
2024-08-29,Whiteboard Markers,Office Supplies,East,Amit Kumar,5,16.02,80.1,24.61,55.49
2024-08-29,Whiteboard Markers,Office Supplies,Central,Vikram Singh,41,13.7,561.7,211.04,350.66
2024-08-29,Desk Lamp LED,Furniture,South,Ananya Reddy,26,36.96,960.96,398.72,562.24
2024-08-29,Monitor 27 inch,Electronics,West,Divya Nair,1,329.57,329.57,203.34,126.23
2024-08-30,Printer Paper Ream,Office Supplies,East,Neha Patel,20,10.52,210.4,70.15,140.25
2024-08-30,Headphones Wireless,Electronics,South,Sneha Joshi,5,146.52,732.6,390.1,342.5
2024-08-30,Filing Cabinet,Furniture,Central,Vikram Singh,9,134.5,1210.5,605.26,605.24
2024-08-30,Mechanical Keyboard,Electronics,South,Priya Sharma,15,93.41,1401.15,645.59,755.56
2024-08-30,Wireless Mouse,Electronics,South,Sneha Joshi,31,32.69,1013.39,381.11,632.28
2024-08-30,Laptop Air 13,Electronics,North,Neha Patel,3,711.3,2133.9,1661.95,471.95
2024-08-31,Mechanical Keyboard,Electronics,East,Sneha Joshi,9,96.21,865.89,369.77,496.12
2024-08-31,Desk Organizer,Office Supplies,South,Karthik Iyer,26,37.88,984.88,366.56,618.32
2024-08-31,Headphones Wireless,Electronics,East,Priya Sharma,11,144.51,1589.61,825.98,763.63
2024-09-01,Monitor 27 inch,Electronics,North,Karthik Iyer,2,365.96,731.92,422.15,309.77
2024-09-01,Screen Protector,Accessories,East,Karthik Iyer,10,14.91,149.1,29.01,120.09
2024-09-01,Office Chair Ergonomic,Furniture,West,Vikram Singh,4,312.32,1249.28,642.13,607.15
2024-09-02,Printer Paper Ream,Office Supplies,Central,Rohan Gupta,41,9.88,405.08,150.24,254.84
2024-09-02,Power Bank 20000mAh,Accessories,Central,Neha Patel,28,41.46,1160.88,443.08,717.8
2024-09-02,Laptop Bag,Accessories,North,Karthik Iyer,5,61.28,306.4,127.65,178.75
2024-09-02,Headphones Wireless,Electronics,West,Rohan Gupta,12,163.7,1964.4,895.47,1068.93
2024-09-02,Power Bank 20000mAh,Accessories,East,Amit Kumar,28,41.58,1164.24,443.71,720.53
2024-09-02,Laptop Pro 15,Electronics,North,Priya Sharma,3,964.61,2893.83,1980.01,913.82
2024-09-02,Office Chair Ergonomic,Furniture,North,Arjun Mehta,6,280.88,1685.28,965.79,719.49
2024-09-03,Whiteboard Markers,Office Supplies,Central,Vikram Singh,4,16.37,65.48,19.16,46.32
2024-09-03,USB-C Hub,Electronics,Central,Divya Nair,35,52.11,1823.85,760.29,1063.56
2024-09-03,Power Bank 20000mAh,Accessories,East,Neha Patel,12,38.51,462.12,183.73,278.39
2024-09-03,Screen Protector,Accessories,South,Priya Sharma,26,13.69,355.94,79.71,276.23
2024-09-03,Wireless Mouse,Electronics,South,Vikram Singh,1,32.96,32.96,11.78,21.18
2024-09-04,Laptop Air 13,Electronics,West,Priya Sharma,3,724.71,2174.13,1589.28,584.85
2024-09-04,Bookshelf Oak,Furniture,Central,Divya Nair,2,178.16,356.32,195.91,160.41
2024-09-04,Notebook A4 Pack,Office Supplies,Central,Amit Kumar,34,13.54,460.36,135.33,325.03
2024-09-05,Whiteboard Markers,Office Supplies,North,Divya Nair,12,14.23,170.76,61.52,109.24
2024-09-05,Power Bank 20000mAh,Accessories,East,Arjun Mehta,12,41.83,501.96,186.57,315.39
2024-09-06,Whiteboard Markers,Office Supplies,West,Ananya Reddy,13,14.87,193.31,65.22,128.09
2024-09-06,Power Bank 20000mAh,Accessories,South,Rohan Gupta,13,41.49,539.37,214.8,324.57
2024-09-06,Stapler Heavy Duty,Office Supplies,South,Priya Sharma,13,19.54,254.02,92.21,161.81
2024-09-06,Webcam HD,Electronics,East,Sneha Joshi,15,66.67,1000.05,434.03,566.02
2024-09-06,Webcam HD,Electronics,East,Rohan Gupta,16,68.33,1093.28,460.21,633.07
2024-09-06,Phone Stand,Accessories,Central,Sneha Joshi,2,19.54,39.08,12.39,26.69
2024-09-06,USB-C Hub,Electronics,East,Karthik Iyer,8,48.91,391.28,167.43,223.85
2024-09-06,Desk Organizer,Office Supplies,South,Arjun Mehta,24,35.98,863.52,337.02,526.5
2024-09-06,Laptop Pro 15,Electronics,South,Vikram Singh,1,860.41,860.41,659.37,201.04
2024-09-06,Phone Stand,Accessories,East,Vikram Singh,6,20.52,123.12,36.11,87.01
2024-09-07,Notebook A4 Pack,Office Supplies,West,Priya Sharma,37,13.54,500.98,147.16,353.82
2024-09-07,Whiteboard Markers,Office Supplies,West,Karthik Iyer,42,13.71,575.82,219.92,355.9
2024-09-07,Stapler Heavy Duty,Office Supplies,South,Divya Nair,12,20.58,246.96,83.25,163.71
2024-09-07,Notebook A4 Pack,Office Supplies,North,Rohan Gupta,20,13.32,266.4,83.77,182.63
2024-09-07,Mechanical Keyboard,Electronics,North,Neha Patel,1,95.99,95.99,40.67,55.32
2024-09-07,Headphones Wireless,Electronics,East,Neha Patel,13,173.29,2252.77,1023.05,1229.72
2024-09-08,Headphones Wireless,Electronics,South,Vikram Singh,9,146.35,1317.15,698.34,618.81
2024-09-08,Mechanical Keyboard,Electronics,East,Sneha Joshi,12,83.47,1001.64,497.79,503.85
2024-09-08,Printer Paper Ream,Office Supplies,West,Vikram Singh,44,10.61,466.84,155.37,311.47
2024-09-09,Filing Cabinet,Furniture,East,Ananya Reddy,3,138.23,414.69,218.18,196.51
2024-09-09,Wireless Mouse,Electronics,South,Neha Patel,5,29.38,146.9,59.26,87.64
2024-09-09,Mechanical Keyboard,Electronics,South,Rohan Gupta,9,88.81,799.29,363.28,436.01
2024-09-09,Headphones Wireless,Electronics,East,Neha Patel,4,170.58,682.32,307.87,374.45
2024-09-09,Power Bank 20000mAh,Accessories,North,Priya Sharma,39,39.77,1551.03,618.66,932.37
2024-09-09,Desk Organizer,Office Supplies,West,Neha Patel,1,33.49,33.49,14.08,19.41
2024-09-09,Office Chair Ergonomic,Furniture,Central,Arjun Mehta,10,324.34,3243.4,1653.23,1590.17
2024-09-09,Phone Stand,Accessories,North,Neha Patel,42,19.7,827.4,262.19,565.21
2024-09-09,Notebook A4 Pack,Office Supplies,West,Amit Kumar,4,13.17,52.68,16.03,36.65
2024-09-10,Printer Paper Ream,Office Supplies,East,Rohan Gupta,27,10.11,272.97,92.29,180.68
2024-09-10,Notebook A4 Pack,Office Supplies,East,Amit Kumar,22,13.47,296.34,86.47,209.87
2024-09-11,Bookshelf Oak,Furniture,South,Arjun Mehta,1,186.17,186.17,98.87,87.3
2024-09-11,Wireless Mouse,Electronics,East,Vikram Singh,35,28.16,985.6,437.48,548.12
2024-09-11,Mechanical Keyboard,Electronics,West,Amit Kumar,12,87.68,1052.16,518.49,533.67
2024-09-11,Phone Stand,Accessories,Central,Karthik Iyer,15,18.0,270.0,90.92,179.08
2024-09-11,Laptop Air 13,Electronics,North,Divya Nair,3,759.02,2277.06,1695.24,581.82
2024-09-11,Desk Organizer,Office Supplies,West,Vikram Singh,32,38.1,1219.2,457.07,762.13
2024-09-12,Webcam HD,Electronics,South,Priya Sharma,13,67.28,874.64,400.3,474.34
2024-09-12,Tablet 10 inch,Electronics,West,Vikram Singh,1,469.91,469.91,320.32,149.59
2024-09-12,Stapler Heavy Duty,Office Supplies,North,Ananya Reddy,18,21.44,385.92,119.95,265.97
2024-09-13,Wireless Mouse,Electronics,East,Rohan Gupta,24,32.16,771.84,281.12,490.72
2024-09-13,Filing Cabinet,Furniture,West,Vikram Singh,16,138.48,2215.68,1163.91,1051.77
2024-09-13,Screen Protector,Accessories,North,Vikram Singh,39,16.44,641.16,122.66,518.5
2024-09-13,Pen Set Premium,Office Supplies,West,Priya Sharma,41,26.14,1071.74,321.52,750.22
2024-09-13,Filing Cabinet,Furniture,South,Karthik Iyer,3,141.54,424.62,217.45,207.17
2024-09-13,Power Bank 20000mAh,Accessories,Central,Rohan Gupta,35,43.88,1535.8,581.26,954.54
2024-09-13,Webcam HD,Electronics,Central,Arjun Mehta,2,76.87,153.74,62.31,91.43
2024-09-14,Mechanical Keyboard,Electronics,Central,Amit Kumar,17,98.84,1680.28,702.11,978.17
2024-09-14,Whiteboard Markers,Office Supplies,North,Ananya Reddy,17,15.09,256.53,82.44,174.09
2024-09-15,Screen Protector,Accessories,North,Karthik Iyer,12,15.31,183.72,35.76,147.96
2024-09-15,Desk Lamp LED,Furniture,South,Neha Patel,16,42.42,678.72,232.7,446.02
2024-09-15,Desk Organizer,Office Supplies,Central,Neha Patel,42,31.98,1343.16,606.99,736.17
2024-09-15,Desk Lamp LED,Furniture,Central,Sneha Joshi,34,36.03,1225.02,508.41,716.61
2024-09-15,Standing Desk,Furniture,East,Rohan Gupta,5,440.14,2200.7,1286.79,913.91
2024-09-16,Laptop Bag,Accessories,West,Arjun Mehta,1,60.38,60.38,24.78,35.6
2024-09-16,Printer Paper Ream,Office Supplies,West,Amit Kumar,41,10.99,450.59,139.08,311.51
2024-09-16,Standing Desk,Furniture,East,Amit Kumar,3,449.89,1349.67,766.82,582.85
2024-09-16,Bookshelf Oak,Furniture,East,Priya Sharma,6,192.33,1153.98,580.83,573.15
2024-09-16,Office Chair Ergonomic,Furniture,West,Karthik Iyer,3,287.27,861.81,464.05,397.76
2024-09-17,Filing Cabinet,Furniture,North,Neha Patel,15,129.67,1945.05,1004.1,940.95
2024-09-17,Stapler Heavy Duty,Office Supplies,Central,Karthik Iyer,18,18.11,325.98,123.08,202.9
2024-09-17,Filing Cabinet,Furniture,South,Divya Nair,8,128.74,1029.92,544.03,485.89
2024-09-18,Monitor 27 inch,Electronics,Central,Sneha Joshi,2,372.83,745.66,428.39,317.27
2024-09-18,Desk Organizer,Office Supplies,North,Divya Nair,11,38.27,420.97,159.45,261.52
2024-09-19,Wireless Mouse,Electronics,South,Amit Kumar,5,32.1,160.5,58.67,101.83
2024-09-19,Notebook A4 Pack,Office Supplies,Central,Priya Sharma,26,12.8,332.8,108.49,224.31
2024-09-19,Desk Lamp LED,Furniture,North,Neha Patel,45,37.2,1674.0,648.24,1025.76
2024-09-19,Laptop Pro 15,Electronics,Central,Arjun Mehta,5,950.72,4753.6,3236.12,1517.48
2024-09-19,Laptop Pro 15,Electronics,North,Vikram Singh,1,942.43,942.43,636.69,305.74
2024-09-19,Pen Set Premium,Office Supplies,West,Divya Nair,8,25.6,204.8,62.47,142.33
2024-09-19,Notebook A4 Pack,Office Supplies,West,Arjun Mehta,20,11.87,237.4,77.15,160.25
2024-09-20,Pen Set Premium,Office Supplies,East,Vikram Singh,8,23.58,188.64,64.02,124.62
2024-09-20,Phone Stand,Accessories,South,Amit Kumar,35,18.69,654.15,218.34,435.81
2024-09-20,Headphones Wireless,Electronics,West,Neha Patel,8,159.39,1275.12,613.61,661.51
2024-09-21,Tablet 10 inch,Electronics,West,Karthik Iyer,3,471.55,1414.65,931.15,483.5
2024-09-21,Office Chair Ergonomic,Furniture,Central,Sneha Joshi,4,305.45,1221.8,650.6,571.2
2024-09-21,Filing Cabinet,Furniture,East,Sneha Joshi,17,126.39,2148.63,1149.45,999.18
2024-09-21,Laptop Pro 15,Electronics,North,Arjun Mehta,5,928.08,4640.4,3273.53,1366.87
2024-09-21,Laptop Bag,Accessories,East,Neha Patel,16,60.7,971.2,392.2,579.0
2024-09-21,Whiteboard Markers,Office Supplies,Central,Amit Kumar,41,13.79,565.39,206.92,358.47
2024-09-22,Wireless Mouse,Electronics,Central,Vikram Singh,10,30.95,309.5,125.36,184.14
2024-09-22,Webcam HD,Electronics,South,Vikram Singh,3,64.07,192.21,93.1,99.11
2024-09-22,Notebook A4 Pack,Office Supplies,West,Vikram Singh,31,12.16,376.96,121.85,255.11
2024-09-22,Laptop Bag,Accessories,West,Karthik Iyer,16,64.56,1032.96,412.48,620.48
2024-09-22,Mechanical Keyboard,Electronics,Central,Ananya Reddy,11,83.79,921.69,479.05,442.64
2024-09-22,Mechanical Keyboard,Electronics,East,Ananya Reddy,5,85.9,429.5,218.0,211.5
2024-09-22,Screen Protector,Accessories,North,Neha Patel,3,14.53,43.59,9.0,34.59
2024-09-23,Wireless Mouse,Electronics,West,Neha Patel,10,27.21,272.1,114.3,157.8
2024-09-23,Printer Paper Ream,Office Supplies,South,Vikram Singh,22,10.87,239.14,75.15,163.99
2024-09-24,Wireless Mouse,Electronics,North,Arjun Mehta,13,32.55,423.15,159.23,263.92
2024-09-25,Cable Organizer,Accessories,East,Rohan Gupta,17,9.01,153.17,50.01,103.16
2024-09-25,Laptop Air 13,Electronics,Central,Divya Nair,5,747.44,3737.2,2826.58,910.62
2024-09-26,Desk Organizer,Office Supplies,North,Divya Nair,5,33.13,165.65,71.29,94.36
2024-09-26,Office Chair Ergonomic,Furniture,North,Amit Kumar,1,295.31,295.31,157.05,138.26
2024-09-26,Pen Set Premium,Office Supplies,West,Karthik Iyer,45,26.22,1179.9,371.37,808.53
2024-09-27,Desk Organizer,Office Supplies,South,Sneha Joshi,37,34.63,1281.31,492.99,788.32
2024-09-27,Power Bank 20000mAh,Accessories,West,Sneha Joshi,12,41.85,502.2,189.16,313.04
2024-09-27,Phone Stand,Accessories,West,Priya Sharma,22,18.88,415.36,132.07,283.29
2024-09-28,Bookshelf Oak,Furniture,West,Ananya Reddy,10,195.6,1956.0,978.06,977.94
2024-09-28,Laptop Bag,Accessories,East,Priya Sharma,12,60.52,726.24,290.55,435.69
2024-09-28,Power Bank 20000mAh,Accessories,Central,Ananya Reddy,24,39.31,943.44,372.88,570.56
2024-09-28,Desk Lamp LED,Furniture,East,Priya Sharma,33,43.34,1430.22,474.45,955.77
2024-09-28,Filing Cabinet,Furniture,West,Ananya Reddy,17,136.53,2321.01,1203.52,1117.49
2024-09-28,Notebook A4 Pack,Office Supplies,South,Priya Sharma,3,11.9,35.7,12.6,23.1
2024-09-28,Webcam HD,Electronics,West,Divya Nair,16,71.88,1150.08,462.98,687.1
2024-09-28,Printer Paper Ream,Office Supplies,North,Priya Sharma,9,10.35,93.15,30.9,62.25
2024-09-28,Stapler Heavy Duty,Office Supplies,South,Sneha Joshi,32,19.41,621.12,218.56,402.56
2024-09-29,Power Bank 20000mAh,Accessories,West,Vikram Singh,11,40.04,440.44,175.73,264.71
2024-09-29,Printer Paper Ream,Office Supplies,East,Arjun Mehta,45,10.36,466.2,153.6,312.6
2024-09-29,Whiteboard Markers,Office Supplies,East,Karthik Iyer,41,14.46,592.86,207.25,385.61
2024-09-30,Headphones Wireless,Electronics,South,Priya Sharma,3,156.89,470.67,232.61,238.06
2024-09-30,Filing Cabinet,Furniture,Central,Ananya Reddy,6,137.07,822.42,420.97,401.45
2024-09-30,Stapler Heavy Duty,Office Supplies,South,Vikram Singh,5,19.98,99.9,36.65,63.25
2024-09-30,Notebook A4 Pack,Office Supplies,West,Karthik Iyer,26,13.24,344.24,107.21,237.03
2024-10-01,Laptop Air 13,Electronics,East,Divya Nair,4,749.11,2996.44,2211.81,784.63
2024-10-01,Cable Organizer,Accessories,North,Amit Kumar,21,9.96,209.16,65.13,144.03
2024-10-01,Pen Set Premium,Office Supplies,South,Karthik Iyer,32,25.06,801.92,263.41,538.51
2024-10-01,Webcam HD,Electronics,North,Arjun Mehta,4,73.33,293.32,115.09,178.23
2024-10-02,Mechanical Keyboard,Electronics,North,Divya Nair,8,89.44,715.52,334.0,381.52
2024-10-02,Printer Paper Ream,Office Supplies,West,Divya Nair,4,10.46,41.84,13.7,28.14
2024-10-02,Monitor 27 inch,Electronics,West,Rohan Gupta,3,317.78,953.34,636.37,316.97
2024-10-02,Mechanical Keyboard,Electronics,West,Rohan Gupta,24,84.53,2028.72,1022.29,1006.43
2024-10-02,Standing Desk,Furniture,North,Vikram Singh,4,425.29,1701.16,957.25,743.91
2024-10-02,Notebook A4 Pack,Office Supplies,East,Karthik Iyer,21,13.26,278.46,81.81,196.65
2024-10-02,Office Chair Ergonomic,Furniture,East,Karthik Iyer,11,327.67,3604.37,1819.03,1785.34
2024-10-02,USB-C Hub,Electronics,West,Karthik Iyer,38,46.96,1784.48,799.45,985.03
2024-10-02,Phone Stand,Accessories,Central,Vikram Singh,27,20.63,557.01,158.57,398.44
2024-10-03,Screen Protector,Accessories,North,Neha Patel,14,14.39,201.46,43.02,158.44
2024-10-03,Wireless Mouse,Electronics,West,Arjun Mehta,38,30.34,1152.92,475.98,676.94
2024-10-03,Laptop Bag,Accessories,North,Karthik Iyer,12,60.26,723.12,305.3,417.82
2024-10-03,Laptop Bag,Accessories,Central,Priya Sharma,12,59.25,711.0,308.21,402.79
2024-10-03,Mechanical Keyboard,Electronics,North,Karthik Iyer,8,87.37,698.96,320.73,378.23
2024-10-04,Wireless Mouse,Electronics,West,Ananya Reddy,43,28.99,1246.57,524.78,721.79
2024-10-04,Cable Organizer,Accessories,West,Rohan Gupta,1,10.52,10.52,3.09,7.43
2024-10-04,Webcam HD,Electronics,East,Arjun Mehta,4,63.69,254.76,120.42,134.34
2024-10-04,Mechanical Keyboard,Electronics,West,Sneha Joshi,8,85.22,681.76,337.91,343.85
2024-10-04,Laptop Bag,Accessories,Central,Ananya Reddy,24,58.07,1393.68,575.1,818.58
2024-10-04,Notebook A4 Pack,Office Supplies,Central,Neha Patel,42,12.81,538.02,163.55,374.47
2024-10-04,Desk Lamp LED,Furniture,Central,Arjun Mehta,60,38.57,2314.2,912.62,1401.58
2024-10-04,Printer Paper Ream,Office Supplies,East,Ananya Reddy,63,10.28,647.64,220.96,426.68
2024-10-04,Desk Organizer,Office Supplies,North,Rohan Gupta,11,38.09,418.99,146.65,272.34
2024-10-05,Desk Organizer,Office Supplies,East,Vikram Singh,51,31.76,1619.76,682.31,937.45
2024-10-05,Monitor 27 inch,Electronics,Central,Neha Patel,4,383.54,1534.16,798.13,736.03
2024-10-05,Printer Paper Ream,Office Supplies,South,Rohan Gupta,51,9.97,508.47,174.25,334.22
2024-10-05,Desk Organizer,Office Supplies,Central,Neha Patel,40,32.08,1283.2,572.04,711.16
2024-10-06,Phone Stand,Accessories,South,Priya Sharma,21,19.84,416.64,125.23,291.41
2024-10-06,Notebook A4 Pack,Office Supplies,North,Arjun Mehta,45,13.65,614.25,184.02,430.23
2024-10-06,Webcam HD,Electronics,East,Rohan Gupta,8,76.15,609.2,233.25,375.95
2024-10-06,Desk Lamp LED,Furniture,West,Divya Nair,12,36.9,442.8,188.57,254.23
2024-10-07,Cable Organizer,Accessories,South,Amit Kumar,25,9.29,232.25,78.24,154.01
2024-10-07,Office Chair Ergonomic,Furniture,South,Divya Nair,17,298.53,5075.01,2695.56,2379.45
2024-10-07,Printer Paper Ream,Office Supplies,Central,Arjun Mehta,30,10.81,324.3,109.96,214.34
2024-10-07,Office Chair Ergonomic,Furniture,East,Vikram Singh,3,316.07,948.21,463.24,484.97
2024-10-07,Phone Stand,Accessories,East,Amit Kumar,51,19.29,983.79,311.59,672.2
2024-10-08,Printer Paper Ream,Office Supplies,Central,Divya Nair,47,10.35,486.45,170.78,315.67
2024-10-08,Phone Stand,Accessories,South,Ananya Reddy,32,19.17,613.44,185.97,427.47
2024-10-09,Filing Cabinet,Furniture,South,Karthik Iyer,3,129.76,389.28,199.96,189.32
2024-10-09,Webcam HD,Electronics,West,Sneha Joshi,1,76.39,76.39,30.39,46.0
2024-10-09,Desk Organizer,Office Supplies,South,Neha Patel,9,32.7,294.3,127.2,167.1
2024-10-09,Webcam HD,Electronics,West,Priya Sharma,6,70.61,423.66,186.34,237.32
2024-10-09,Wireless Mouse,Electronics,Central,Arjun Mehta,64,28.87,1847.68,784.92,1062.76
2024-10-10,Tablet 10 inch,Electronics,West,Rohan Gupta,8,450.81,3606.48,2382.66,1223.82
2024-10-10,Headphones Wireless,Electronics,West,Divya Nair,17,155.28,2639.76,1335.92,1303.84
2024-10-10,Laptop Air 13,Electronics,West,Ananya Reddy,8,747.77,5982.16,4316.97,1665.19
2024-10-10,Power Bank 20000mAh,Accessories,North,Ananya Reddy,9,36.74,330.66,142.61,188.05
2024-10-10,Laptop Air 13,Electronics,East,Karthik Iyer,6,676.8,4060.8,3392.12,668.68
2024-10-11,Monitor 27 inch,Electronics,East,Arjun Mehta,1,335.88,335.88,212.16,123.72
2024-10-11,Laptop Bag,Accessories,South,Ananya Reddy,21,63.16,1326.36,545.04,781.32
2024-10-11,Printer Paper Ream,Office Supplies,West,Divya Nair,30,9.77,293.1,100.36,192.74
2024-10-11,Monitor 27 inch,Electronics,Central,Arjun Mehta,8,365.74,2925.92,1710.11,1215.81
2024-10-12,Laptop Air 13,Electronics,East,Karthik Iyer,8,722.8,5782.4,4283.85,1498.55
2024-10-12,Office Chair Ergonomic,Furniture,North,Neha Patel,19,283.81,5392.39,3077.67,2314.72
2024-10-12,Whiteboard Markers,Office Supplies,East,Vikram Singh,16,16.28,260.48,76.64,183.84
2024-10-12,USB-C Hub,Electronics,South,Priya Sharma,3,53.03,159.09,64.38,94.71
2024-10-12,Notebook A4 Pack,Office Supplies,East,Arjun Mehta,58,13.87,804.46,241.56,562.9
2024-10-12,Printer Paper Ream,Office Supplies,East,Vikram Singh,37,10.4,384.8,131.48,253.32
2024-10-12,Bookshelf Oak,Furniture,North,Sneha Joshi,19,185.95,3533.05,1730.64,1802.41
2024-10-13,Power Bank 20000mAh,Accessories,Central,Amit Kumar,11,41.06,451.66,176.06,275.6
2024-10-13,Headphones Wireless,Electronics,North,Arjun Mehta,1,155.04,155.04,72.98,82.06
2024-10-13,Cable Organizer,Accessories,South,Neha Patel,55,9.74,535.7,166.44,369.26
2024-10-13,Filing Cabinet,Furniture,Central,Ananya Reddy,22,131.33,2889.26,1526.66,1362.6
2024-10-14,Desk Lamp LED,Furniture,South,Neha Patel,9,43.6,392.4,139.82,252.58
2024-10-14,Power Bank 20000mAh,Accessories,West,Ananya Reddy,56,41.71,2335.76,891.72,1444.04
2024-10-14,Filing Cabinet,Furniture,South,Arjun Mehta,12,137.88,1654.56,866.14,788.42
2024-10-14,Stapler Heavy Duty,Office Supplies,East,Priya Sharma,22,18.35,403.7,149.43,254.27
2024-10-14,Wireless Mouse,Electronics,East,Karthik Iyer,14,27.99,391.86,175.49,216.37
2024-10-14,Bookshelf Oak,Furniture,West,Amit Kumar,3,175.61,526.83,285.75,241.08
2024-10-14,Printer Paper Ream,Office Supplies,Central,Neha Patel,58,9.69,562.02,206.08,355.94
2024-10-15,Printer Paper Ream,Office Supplies,North,Sneha Joshi,34,10.82,367.88,117.46,250.42
2024-10-15,Power Bank 20000mAh,Accessories,North,Priya Sharma,42,39.29,1650.18,675.84,974.34
2024-10-15,Standing Desk,Furniture,East,Divya Nair,1,491.42,491.42,260.2,231.22
2024-10-15,Monitor 27 inch,Electronics,North,Vikram Singh,6,341.37,2048.22,1284.69,763.53
2024-10-16,Printer Paper Ream,Office Supplies,Central,Sneha Joshi,25,10.65,266.25,87.68,178.57
2024-10-16,Standing Desk,Furniture,Central,Ananya Reddy,8,481.54,3852.32,1956.85,1895.47
2024-10-16,Wireless Mouse,Electronics,North,Rohan Gupta,16,30.63,490.08,186.1,303.98
2024-10-16,Laptop Air 13,Electronics,East,Divya Nair,8,737.15,5897.2,4139.49,1757.71
2024-10-17,Filing Cabinet,Furniture,West,Arjun Mehta,9,119.08,1071.72,645.79,425.93
2024-10-17,Laptop Bag,Accessories,North,Ananya Reddy,1,57.4,57.4,26.2,31.2
2024-10-17,Office Chair Ergonomic,Furniture,Central,Ananya Reddy,8,326.33,2610.64,1267.21,1343.43
2024-10-17,Phone Stand,Accessories,South,Arjun Mehta,14,21.24,297.36,86.4,210.96
2024-10-18,Pen Set Premium,Office Supplies,West,Karthik Iyer,35,22.78,797.3,270.95,526.35
2024-10-18,Laptop Air 13,Electronics,Central,Rohan Gupta,1,716.0,716.0,521.22,194.78
2024-10-19,Standing Desk,Furniture,East,Karthik Iyer,4,486.24,1944.96,976.32,968.64
2024-10-19,Bookshelf Oak,Furniture,North,Karthik Iyer,8,180.73,1445.84,722.28,723.56
2024-10-19,Tablet 10 inch,Electronics,East,Neha Patel,6,493.7,2962.2,1937.81,1024.39
2024-10-19,Stapler Heavy Duty,Office Supplies,South,Priya Sharma,4,19.79,79.16,27.55,51.61
2024-10-20,Desk Organizer,Office Supplies,West,Arjun Mehta,4,33.87,135.48,55.09,80.39
2024-10-20,Laptop Pro 15,Electronics,West,Vikram Singh,8,847.81,6782.48,5029.65,1752.83
2024-10-20,Headphones Wireless,Electronics,South,Priya Sharma,6,168.41,1010.46,445.96,564.5
2024-10-20,Headphones Wireless,Electronics,North,Vikram Singh,24,144.07,3457.68,1830.44,1627.24
2024-10-20,Screen Protector,Accessories,West,Vikram Singh,55,13.56,745.8,172.08,573.72
2024-10-20,Notebook A4 Pack,Office Supplies,Central,Karthik Iyer,37,13.52,500.24,148.98,351.26
2024-10-21,Desk Organizer,Office Supplies,West,Sneha Joshi,9,35.68,321.12,130.91,190.21
2024-10-21,Mechanical Keyboard,Electronics,West,Amit Kumar,8,88.43,707.44,348.46,358.98
2024-10-21,USB-C Hub,Electronics,South,Ananya Reddy,50,52.31,2615.5,1102.6,1512.9
2024-10-21,Phone Stand,Accessories,North,Divya Nair,35,21.48,751.8,218.59,533.21
2024-10-21,Cable Organizer,Accessories,Central,Sneha Joshi,53,9.23,489.19,161.67,327.52
2024-10-21,Whiteboard Markers,Office Supplies,South,Priya Sharma,55,15.04,827.2,277.38,549.82
2024-10-21,Laptop Air 13,Electronics,East,Amit Kumar,4,676.13,2704.52,2084.66,619.86
2024-10-21,Bookshelf Oak,Furniture,West,Rohan Gupta,3,170.03,510.09,278.46,231.63
2024-10-21,Tablet 10 inch,Electronics,West,Vikram Singh,8,480.62,3844.96,2454.92,1390.04
2024-10-22,Laptop Air 13,Electronics,North,Vikram Singh,4,775.36,3101.44,2115.32,986.12
2024-10-22,Printer Paper Ream,Office Supplies,North,Ananya Reddy,53,10.55,559.15,176.44,382.71
2024-10-23,Standing Desk,Furniture,North,Rohan Gupta,6,485.13,2910.78,1547.23,1363.55
2024-10-23,Desk Organizer,Office Supplies,North,Amit Kumar,11,35.52,390.72,150.22,240.5
2024-10-23,Webcam HD,Electronics,South,Vikram Singh,9,72.51,652.59,279.66,372.93
2024-10-23,Cable Organizer,Accessories,North,Amit Kumar,47,10.57,496.79,144.93,351.86
2024-10-23,Notebook A4 Pack,Office Supplies,Central,Neha Patel,4,12.28,49.12,16.52,32.6
2024-10-23,Bookshelf Oak,Furniture,East,Arjun Mehta,6,194.54,1167.24,564.8,602.44
2024-10-24,Power Bank 20000mAh,Accessories,West,Vikram Singh,12,43.65,523.8,197.62,326.18
2024-10-24,Mechanical Keyboard,Electronics,West,Karthik Iyer,1,83.79,83.79,43.67,40.12
2024-10-25,Screen Protector,Accessories,South,Vikram Singh,6,15.51,93.06,18.9,74.16
2024-10-25,Cable Organizer,Accessories,South,Arjun Mehta,61,10.58,645.38,182.58,462.8
2024-10-25,Laptop Bag,Accessories,Central,Vikram Singh,3,62.55,187.65,72.32,115.33
2024-10-25,Bookshelf Oak,Furniture,West,Ananya Reddy,16,165.02,2640.32,1454.12,1186.2
2024-10-25,Screen Protector,Accessories,North,Arjun Mehta,30,14.47,434.1,93.41,340.69
2024-10-25,Pen Set Premium,Office Supplies,East,Ananya Reddy,3,25.87,77.61,25.0,52.61
2024-10-25,Printer Paper Ream,Office Supplies,North,Neha Patel,19,9.42,178.98,68.66,110.32
2024-10-26,Filing Cabinet,Furniture,West,Vikram Singh,12,142.38,1708.56,856.65,851.91
2024-10-26,Laptop Pro 15,Electronics,North,Amit Kumar,3,983.22,2949.66,1906.12,1043.54
2024-10-26,Screen Protector,Accessories,West,Rohan Gupta,21,13.51,283.71,60.75,222.96
2024-10-26,Notebook A4 Pack,Office Supplies,North,Karthik Iyer,22,14.04,308.88,84.71,224.17
2024-10-26,Power Bank 20000mAh,Accessories,Central,Amit Kumar,35,39.48,1381.8,585.92,795.88
2024-10-27,Headphones Wireless,Electronics,East,Vikram Singh,19,172.18,3271.42,1423.73,1847.69
2024-10-27,Whiteboard Markers,Office Supplies,Central,Divya Nair,17,15.42,262.14,88.38,173.76
2024-10-27,Whiteboard Markers,Office Supplies,West,Vikram Singh,43,14.11,606.73,209.8,396.93
2024-10-27,Wireless Mouse,Electronics,South,Rohan Gupta,42,32.87,1380.54,524.37,856.17
2024-10-28,Desk Lamp LED,Furniture,South,Divya Nair,34,40.61,1380.74,523.9,856.84
2024-10-28,Laptop Air 13,Electronics,North,Ananya Reddy,6,692.09,4152.54,3151.45,1001.09
2024-10-28,Laptop Pro 15,Electronics,South,Divya Nair,4,935.4,3741.6,2503.52,1238.08
2024-10-28,Laptop Bag,Accessories,East,Sneha Joshi,9,59.12,532.08,223.21,308.87
2024-10-28,Desk Lamp LED,Furniture,South,Rohan Gupta,9,41.81,376.29,128.76,247.53
2024-10-28,Laptop Air 13,Electronics,West,Neha Patel,8,814.79,6518.32,4111.02,2407.3
2024-10-28,Pen Set Premium,Office Supplies,Central,Vikram Singh,50,25.27,1263.5,390.46,873.04
2024-10-29,Printer Paper Ream,Office Supplies,East,Neha Patel,12,9.65,115.8,42.97,72.83
2024-10-29,USB-C Hub,Electronics,West,Arjun Mehta,55,52.35,2879.25,1216.44,1662.81
2024-10-29,Bookshelf Oak,Furniture,Central,Sneha Joshi,8,182.68,1461.44,770.21,691.23
2024-10-29,Phone Stand,Accessories,East,Rohan Gupta,27,18.63,503.01,162.74,340.27
2024-10-29,Stapler Heavy Duty,Office Supplies,Central,Arjun Mehta,43,21.57,927.51,306.84,620.67
2024-10-29,Screen Protector,Accessories,West,Priya Sharma,53,15.81,837.93,159.42,678.51
2024-10-29,Standing Desk,Furniture,West,Sneha Joshi,8,449.28,3594.24,2046.77,1547.47
2024-10-30,Monitor 27 inch,Electronics,North,Ananya Reddy,1,341.25,341.25,212.95,128.3
2024-10-30,Bookshelf Oak,Furniture,South,Amit Kumar,16,177.94,2847.04,1497.55,1349.49
2024-10-30,Mechanical Keyboard,Electronics,Central,Karthik Iyer,9,87.57,788.13,395.07,393.06
2024-10-30,Desk Organizer,Office Supplies,North,Sneha Joshi,1,36.87,36.87,14.24,22.63
2024-10-30,Stapler Heavy Duty,Office Supplies,North,Karthik Iyer,16,20.17,322.72,109.17,213.55
2024-10-30,Wireless Mouse,Electronics,North,Arjun Mehta,37,27.03,1000.11,427.83,572.28
2024-10-31,Tablet 10 inch,Electronics,North,Amit Kumar,3,521.59,1564.77,948.72,616.05
2024-10-31,USB-C Hub,Electronics,Central,Sneha Joshi,21,53.99,1133.79,479.39,654.4
2024-10-31,Standing Desk,Furniture,Central,Karthik Iyer,8,494.42,3955.36,2022.49,1932.87
2024-10-31,Notebook A4 Pack,Office Supplies,North,Arjun Mehta,21,12.11,254.31,88.2,166.11
2024-10-31,Pen Set Premium,Office Supplies,West,Rohan Gupta,25,26.55,663.75,190.46,473.29
2024-11-01,Printer Paper Ream,Office Supplies,South,Neha Patel,61,9.7,591.7,203.9,387.8
2024-11-01,Webcam HD,Electronics,Central,Amit Kumar,4,65.29,261.16,124.25,136.91
2024-11-01,Printer Paper Ream,Office Supplies,East,Arjun Mehta,64,10.27,657.28,233.72,423.56
2024-11-01,Pen Set Premium,Office Supplies,South,Arjun Mehta,32,23.86,763.52,252.18,511.34
2024-11-01,Laptop Bag,Accessories,North,Priya Sharma,4,61.69,246.76,102.03,144.73
2024-11-01,Tablet 10 inch,Electronics,North,Sneha Joshi,1,453.81,453.81,299.18,154.63
2024-11-02,Pen Set Premium,Office Supplies,North,Divya Nair,64,26.93,1723.52,528.07,1195.45
2024-11-02,Filing Cabinet,Furniture,South,Priya Sharma,8,119.82,958.56,573.1,385.46
2024-11-03,Screen Protector,Accessories,West,Amit Kumar,4,15.86,63.44,11.83,51.61
2024-11-03,Printer Paper Ream,Office Supplies,Central,Ananya Reddy,4,10.1,40.4,13.62,26.78
2024-11-03,Monitor 27 inch,Electronics,North,Priya Sharma,3,367.09,1101.27,633.88,467.39
2024-11-03,Notebook A4 Pack,Office Supplies,Central,Rohan Gupta,9,12.54,112.86,36.32,76.54
2024-11-03,Tablet 10 inch,Electronics,North,Karthik Iyer,3,474.24,1422.72,956.25,466.47
2024-11-03,Pen Set Premium,Office Supplies,East,Ananya Reddy,51,25.82,1316.82,408.93,907.89
2024-11-04,Office Chair Ergonomic,Furniture,Central,Karthik Iyer,11,319.02,3509.22,1685.87,1823.35
2024-11-05,Screen Protector,Accessories,West,Amit Kumar,34,13.81,469.54,105.33,364.21
2024-11-05,USB-C Hub,Electronics,West,Arjun Mehta,64,45.38,2904.32,1413.29,1491.03
2024-11-05,Desk Lamp LED,Furniture,South,Rohan Gupta,63,38.69,2437.47,967.25,1470.22
2024-11-05,Printer Paper Ream,Office Supplies,North,Sneha Joshi,9,9.7,87.3,30.49,56.81
2024-11-06,Headphones Wireless,Electronics,West,Neha Patel,19,146.6,2785.4,1420.82,1364.58
2024-11-06,Bookshelf Oak,Furniture,North,Sneha Joshi,8,175.3,1402.4,725.73,676.67
2024-11-06,Phone Stand,Accessories,Central,Amit Kumar,50,20.85,1042.5,288.65,753.85
2024-11-06,Standing Desk,Furniture,West,Sneha Joshi,3,464.25,1392.75,770.92,621.83
2024-11-06,Phone Stand,Accessories,Central,Karthik Iyer,35,18.86,660.1,215.46,444.64
2024-11-07,Filing Cabinet,Furniture,North,Ananya Reddy,8,121.68,973.44,543.99,429.45
2024-11-07,Cable Organizer,Accessories,South,Arjun Mehta,63,10.79,679.77,197.69,482.08
2024-11-07,Tablet 10 inch,Electronics,Central,Ananya Reddy,1,477.09,477.09,295.15,181.94
2024-11-07,Standing Desk,Furniture,North,Karthik Iyer,4,427.63,1710.52,1003.18,707.34
2024-11-07,Laptop Air 13,Electronics,Central,Sneha Joshi,8,722.93,5783.44,4312.4,1471.04
2024-11-08,Filing Cabinet,Furniture,West,Amit Kumar,12,121.64,1459.68,857.85,601.83
2024-11-08,Monitor 27 inch,Electronics,East,Vikram Singh,6,343.0,2058.0,1214.9,843.1
2024-11-09,Stapler Heavy Duty,Office Supplies,North,Arjun Mehta,12,18.6,223.2,81.14,142.06
2024-11-09,Office Chair Ergonomic,Furniture,North,Divya Nair,16,329.23,5267.68,2554.75,2712.93
2024-11-09,Pen Set Premium,Office Supplies,South,Neha Patel,63,25.1,1581.3,503.86,1077.44
2024-11-09,Office Chair Ergonomic,Furniture,West,Arjun Mehta,17,301.37,5123.29,2658.34,2464.95
2024-11-09,Headphones Wireless,Electronics,North,Rohan Gupta,8,164.41,1315.28,573.68,741.6
2024-11-10,Desk Organizer,Office Supplies,South,Priya Sharma,37,37.61,1391.57,521.62,869.95
2024-11-10,Wireless Mouse,Electronics,West,Neha Patel,29,27.67,802.43,349.93,452.5
2024-11-11,Cable Organizer,Accessories,North,Rohan Gupta,30,9.93,297.9,89.19,208.71
2024-11-11,Headphones Wireless,Electronics,East,Sneha Joshi,11,159.42,1753.62,787.56,966.06
2024-11-11,Stapler Heavy Duty,Office Supplies,North,Neha Patel,40,20.19,807.6,287.82,519.78
2024-11-11,Printer Paper Ream,Office Supplies,West,Ananya Reddy,45,10.38,467.1,163.98,303.12
2024-11-11,Cable Organizer,Accessories,West,Priya Sharma,38,10.82,411.16,111.86,299.3
2024-11-12,Webcam HD,Electronics,South,Neha Patel,21,63.23,1327.83,644.7,683.13
2024-11-12,Cable Organizer,Accessories,West,Karthik Iyer,58,9.47,549.26,167.08,382.18
2024-11-12,Laptop Pro 15,Electronics,East,Vikram Singh,1,847.08,847.08,671.16,175.92
2024-11-12,Stapler Heavy Duty,Office Supplies,South,Arjun Mehta,27,19.76,533.52,188.49,345.03
2024-11-13,Laptop Air 13,Electronics,South,Sneha Joshi,1,814.03,814.03,520.56,293.47
2024-11-13,Desk Organizer,Office Supplies,West,Arjun Mehta,9,37.34,336.06,125.93,210.13
2024-11-13,Office Chair Ergonomic,Furniture,South,Priya Sharma,24,280.35,6728.4,3860.81,2867.59
2024-11-14,Cable Organizer,Accessories,West,Neha Patel,19,9.22,175.18,56.36,118.82
2024-11-14,Desk Organizer,Office Supplies,North,Priya Sharma,30,33.92,1017.6,425.29,592.31
2024-11-14,Laptop Air 13,Electronics,North,Amit Kumar,8,804.51,6436.08,4257.9,2178.18
2024-11-14,Printer Paper Ream,Office Supplies,West,Neha Patel,55,9.04,497.2,185.87,311.33
2024-11-14,Standing Desk,Furniture,East,Karthik Iyer,1,445.11,445.11,252.74,192.37
2024-11-14,Notebook A4 Pack,Office Supplies,North,Vikram Singh,12,12.64,151.68,48.44,103.24
2024-11-15,USB-C Hub,Electronics,South,Vikram Singh,24,51.16,1227.84,514.94,712.9
2024-11-15,Webcam HD,Electronics,West,Sneha Joshi,24,68.42,1642.08,703.33,938.75
2024-11-15,Notebook A4 Pack,Office Supplies,South,Rohan Gupta,19,12.21,231.99,78.63,153.36
2024-11-15,Laptop Bag,Accessories,East,Amit Kumar,19,58.62,1113.78,480.8,632.98
2024-11-15,Phone Stand,Accessories,North,Amit Kumar,27,21.09,569.43,169.6,399.83
2024-11-16,Laptop Bag,Accessories,North,Ananya Reddy,24,65.09,1562.16,596.0,966.16
2024-11-17,USB-C Hub,Electronics,West,Priya Sharma,24,53.16,1275.84,548.31,727.53
2024-11-17,Screen Protector,Accessories,South,Vikram Singh,16,14.63,234.08,49.13,184.95
2024-11-17,Cable Organizer,Accessories,South,Rohan Gupta,22,9.93,218.46,62.91,155.55
2024-11-17,Wireless Mouse,Electronics,Central,Sneha Joshi,64,30.89,1976.96,744.26,1232.7
2024-11-17,Desk Lamp LED,Furniture,North,Amit Kumar,11,36.88,405.68,169.56,236.12
2024-11-17,Whiteboard Markers,Office Supplies,West,Karthik Iyer,38,15.36,583.68,190.83,392.85
2024-11-17,Notebook A4 Pack,Office Supplies,South,Amit Kumar,58,12.69,736.02,237.54,498.48
2024-11-18,Mechanical Keyboard,Electronics,West,Arjun Mehta,11,86.01,946.11,451.11,495.0
2024-11-18,Desk Organizer,Office Supplies,South,Arjun Mehta,38,35.5,1349.0,516.85,832.15
2024-11-18,Laptop Bag,Accessories,West,Vikram Singh,6,59.55,357.3,157.49,199.81
2024-11-18,Standing Desk,Furniture,Central,Priya Sharma,8,492.8,3942.4,2031.0,1911.4
2024-11-19,Bookshelf Oak,Furniture,East,Vikram Singh,8,174.27,1394.16,788.27,605.89
2024-11-19,Whiteboard Markers,Office Supplies,Central,Ananya Reddy,42,13.98,587.16,202.37,384.79
2024-11-19,Laptop Pro 15,Electronics,Central,Ananya Reddy,1,845.01,845.01,664.55,180.46
2024-11-20,Printer Paper Ream,Office Supplies,West,Rohan Gupta,51,9.04,461.04,186.45,274.59
2024-11-20,Mechanical Keyboard,Electronics,North,Neha Patel,19,89.0,1691.0,804.36,886.64
2024-11-20,Laptop Air 13,Electronics,Central,Amit Kumar,3,700.16,2100.48,1558.62,541.86
2024-11-20,Whiteboard Markers,Office Supplies,North,Amit Kumar,51,16.34,833.34,257.4,575.94
2024-11-20,Bookshelf Oak,Furniture,South,Vikram Singh,8,178.73,1429.84,778.59,651.25
2024-11-20,USB-C Hub,Electronics,West,Rohan Gupta,61,53.66,3273.26,1402.74,1870.52
2024-11-21,Headphones Wireless,Electronics,South,Vikram Singh,8,157.73,1261.84,606.89,654.95
2024-11-21,Webcam HD,Electronics,Central,Amit Kumar,9,76.36,687.24,273.69,413.55
2024-11-21,Power Bank 20000mAh,Accessories,West,Ananya Reddy,24,37.87,908.88,397.18,511.7
2024-11-22,Mechanical Keyboard,Electronics,East,Priya Sharma,21,83.88,1761.48,877.53,883.95
2024-11-23,Headphones Wireless,Electronics,South,Ananya Reddy,12,147.13,1765.56,919.05,846.51
2024-11-23,Standing Desk,Furniture,East,Vikram Singh,3,491.53,1474.59,749.6,724.99
2024-11-23,Bookshelf Oak,Furniture,West,Rohan Gupta,12,165.95,1991.4,1178.85,812.55
2024-11-23,Whiteboard Markers,Office Supplies,North,Rohan Gupta,29,15.25,442.25,138.26,303.99
2024-11-23,Tablet 10 inch,Electronics,South,Karthik Iyer,1,528.26,528.26,305.09,223.17
2024-11-23,Desk Organizer,Office Supplies,East,Vikram Singh,25,34.97,874.25,357.76,516.49
2024-11-24,USB-C Hub,Electronics,West,Sneha Joshi,9,52.22,469.98,190.34,279.64
2024-11-24,Headphones Wireless,Electronics,North,Sneha Joshi,21,159.59,3351.39,1616.52,1734.87
2024-11-24,Monitor 27 inch,Electronics,South,Rohan Gupta,6,331.82,1990.92,1214.17,776.75
2024-11-24,Desk Lamp LED,Furniture,Central,Divya Nair,48,40.65,1951.2,715.54,1235.66
2024-11-24,Wireless Mouse,Electronics,Central,Priya Sharma,1,32.75,32.75,12.36,20.39
2024-11-25,Wireless Mouse,Electronics,North,Ananya Reddy,34,29.4,999.6,419.11,580.49
2024-11-25,Desk Lamp LED,Furniture,North,Priya Sharma,51,37.84,1929.84,772.76,1157.08
2024-11-25,Desk Organizer,Office Supplies,Central,Neha Patel,25,33.29,832.25,349.04,483.21
2024-11-25,Pen Set Premium,Office Supplies,West,Rohan Gupta,11,24.45,268.95,87.92,181.03
2024-11-26,Printer Paper Ream,Office Supplies,North,Amit Kumar,25,10.82,270.5,84.19,186.31
2024-11-26,Whiteboard Markers,Office Supplies,Central,Amit Kumar,45,14.35,645.75,222.39,423.36
2024-11-26,Webcam HD,Electronics,South,Priya Sharma,19,68.2,1295.8,555.07,740.73
2024-11-27,Desk Lamp LED,Furniture,South,Arjun Mehta,63,40.07,2524.41,963.75,1560.66
2024-11-27,USB-C Hub,Electronics,East,Karthik Iyer,56,48.32,2705.92,1276.14,1429.78
2024-11-28,Filing Cabinet,Furniture,South,Divya Nair,1,129.09,129.09,70.85,58.24
2024-11-28,Power Bank 20000mAh,Accessories,Central,Ananya Reddy,35,37.35,1307.25,564.04,743.21
2024-11-28,Laptop Bag,Accessories,West,Arjun Mehta,16,55.28,884.48,413.53,470.95
2024-11-28,Screen Protector,Accessories,North,Sneha Joshi,19,15.85,301.15,59.28,241.87
2024-11-28,Mechanical Keyboard,Electronics,West,Sneha Joshi,9,94.63,851.67,365.82,485.85
2024-11-29,Standing Desk,Furniture,North,Karthik Iyer,1,443.74,443.74,262.38,181.36
2024-11-29,Wireless Mouse,Electronics,North,Amit Kumar,19,32.03,608.57,229.75,378.82
2024-11-29,Tablet 10 inch,Electronics,East,Rohan Gupta,1,488.56,488.56,316.33,172.23
2024-11-29,Stapler Heavy Duty,Office Supplies,Central,Vikram Singh,61,20.22,1233.42,426.47,806.95
2024-11-30,Desk Organizer,Office Supplies,South,Ananya Reddy,45,31.98,1439.1,640.35,798.75
2024-11-30,Pen Set Premium,Office Supplies,East,Sneha Joshi,9,25.39,228.51,72.04,156.47
2024-11-30,Phone Stand,Accessories,East,Karthik Iyer,61,19.36,1180.96,371.35,809.61
2024-11-30,Power Bank 20000mAh,Accessories,North,Vikram Singh,21,39.49,829.29,351.86,477.43
2024-11-30,Stapler Heavy Duty,Office Supplies,West,Priya Sharma,43,21.82,938.26,312.54,625.72
2024-11-30,Filing Cabinet,Furniture,Central,Divya Nair,19,138.77,2636.63,1317.39,1319.24
2024-11-30,USB-C Hub,Electronics,Central,Priya Sharma,61,45.5,2775.5,1294.15,1481.35
2024-11-30,Stapler Heavy Duty,Office Supplies,West,Sneha Joshi,38,20.26,769.88,262.3,507.58
2024-11-30,Screen Protector,Accessories,Central,Sneha Joshi,64,16.39,1048.96,187.62,861.34
2024-11-30,Laptop Pro 15,Electronics,Central,Neha Patel,4,922.87,3691.48,2617.65,1073.83
2024-12-01,Headphones Wireless,Electronics,Central,Arjun Mehta,4,159.92,639.68,287.61,352.07
2024-12-01,Phone Stand,Accessories,Central,Priya Sharma,50,20.11,1005.5,305.46,700.04
2024-12-01,Cable Organizer,Accessories,Central,Divya Nair,60,9.73,583.8,182.55,401.25
2024-12-02,Desk Organizer,Office Supplies,North,Rohan Gupta,9,32.33,290.97,130.29,160.68
2024-12-02,Phone Stand,Accessories,East,Divya Nair,50,21.57,1078.5,302.45,776.05
2024-12-03,Bookshelf Oak,Furniture,South,Arjun Mehta,1,194.04,194.04,95.38,98.66
2024-12-03,Bookshelf Oak,Furniture,South,Amit Kumar,17,192.14,3266.38,1635.36,1631.02
2024-12-03,Headphones Wireless,Electronics,East,Neha Patel,14,149.38,2091.32,1072.92,1018.4
2024-12-04,Tablet 10 inch,Electronics,West,Arjun Mehta,1,541.53,541.53,300.57,240.96
2024-12-04,USB-C Hub,Electronics,East,Neha Patel,14,48.82,683.48,302.55,380.93
2024-12-05,Notebook A4 Pack,Office Supplies,West,Karthik Iyer,40,11.99,479.6,166.56,313.04
2024-12-05,Headphones Wireless,Electronics,East,Priya Sharma,6,149.04,894.24,471.03,423.21
2024-12-05,USB-C Hub,Electronics,West,Priya Sharma,3,45.89,137.67,68.5,69.17
2024-12-05,Printer Paper Ream,Office Supplies,North,Priya Sharma,50,8.99,449.5,175.25,274.25
2024-12-06,Mechanical Keyboard,Electronics,North,Karthik Iyer,4,81.95,327.8,160.55,167.25
2024-12-06,Filing Cabinet,Furniture,Central,Amit Kumar,14,122.45,1714.3,940.7,773.6
2024-12-06,Wireless Mouse,Electronics,Central,Sneha Joshi,22,30.28,666.16,262.5,403.66
2024-12-06,Standing Desk,Furniture,East,Neha Patel,6,409.6,2457.6,1534.16,923.44
2024-12-06,Webcam HD,Electronics,Central,Divya Nair,17,69.77,1186.09,513.79,672.3
2024-12-06,Power Bank 20000mAh,Accessories,South,Neha Patel,1,40.0,40.0,16.41,23.59
2024-12-06,Desk Lamp LED,Furniture,North,Vikram Singh,58,43.82,2541.56,855.24,1686.32
2024-12-06,Cable Organizer,Accessories,Central,Amit Kumar,61,10.1,616.1,186.94,429.16
2024-12-07,Laptop Bag,Accessories,North,Arjun Mehta,22,65.24,1435.28,532.33,902.95
2024-12-07,Printer Paper Ream,Office Supplies,West,Neha Patel,19,10.21,193.99,63.43,130.56
2024-12-07,Power Bank 20000mAh,Accessories,Central,Neha Patel,6,42.13,252.78,93.62,159.16
2024-12-07,Webcam HD,Electronics,North,Arjun Mehta,21,71.28,1496.88,635.59,861.29
2024-12-08,Office Chair Ergonomic,Furniture,South,Priya Sharma,9,320.35,2883.15,1441.97,1441.18
2024-12-08,Printer Paper Ream,Office Supplies,East,Amit Kumar,43,10.61,456.23,155.86,300.37
2024-12-08,Standing Desk,Furniture,West,Priya Sharma,4,440.29,1761.16,1032.93,728.23
2024-12-08,Screen Protector,Accessories,East,Priya Sharma,50,16.34,817.0,151.07,665.93
2024-12-09,Mechanical Keyboard,Electronics,Central,Sneha Joshi,6,92.88,557.28,246.93,310.35
2024-12-09,Standing Desk,Furniture,Central,Neha Patel,4,474.5,1898.0,1010.02,887.98
2024-12-09,Tablet 10 inch,Electronics,West,Ananya Reddy,3,514.16,1542.48,907.56,634.92
2024-12-10,Cable Organizer,Accessories,Central,Divya Nair,24,10.94,262.56,73.22,189.34
2024-12-10,Pen Set Premium,Office Supplies,West,Vikram Singh,58,26.6,1542.8,478.59,1064.21
2024-12-10,Laptop Pro 15,Electronics,North,Vikram Singh,3,957.65,2872.95,2046.97,825.98
2024-12-10,Tablet 10 inch,Electronics,South,Sneha Joshi,3,507.76,1523.28,952.52,570.76
2024-12-10,Notebook A4 Pack,Office Supplies,North,Karthik Iyer,27,13.84,373.68,110.2,263.48
2024-12-11,Standing Desk,Furniture,West,Priya Sharma,3,458.97,1376.91,770.49,606.42
2024-12-11,Monitor 27 inch,Electronics,South,Priya Sharma,1,339.4,339.4,204.18,135.22
2024-12-12,Office Chair Ergonomic,Furniture,Central,Arjun Mehta,11,316.9,3485.9,1735.2,1750.7
2024-12-12,Screen Protector,Accessories,West,Sneha Joshi,50,14.3,715.0,148.51,566.49
2024-12-12,Screen Protector,Accessories,East,Arjun Mehta,1,15.21,15.21,2.92,12.29
2024-12-12,Power Bank 20000mAh,Accessories,South,Rohan Gupta,35,41.09,1438.15,550.34,887.81
2024-12-12,Desk Organizer,Office Supplies,North,Karthik Iyer,1,37.69,37.69,13.7,23.99
2024-12-13,Desk Organizer,Office Supplies,South,Divya Nair,17,33.19,564.23,234.07,330.16
2024-12-13,Mechanical Keyboard,Electronics,East,Priya Sharma,14,83.81,1173.34,567.15,606.19
2024-12-13,Tablet 10 inch,Electronics,Central,Neha Patel,4,544.44,2177.76,1216.09,961.67
2024-12-14,Standing Desk,Furniture,East,Rohan Gupta,6,412.1,2472.6,1568.89,903.71
2024-12-14,Monitor 27 inch,Electronics,North,Arjun Mehta,4,375.22,1500.88,825.32,675.56
2024-12-14,Mechanical Keyboard,Electronics,West,Amit Kumar,17,95.85,1629.45,742.52,886.93
2024-12-14,Phone Stand,Accessories,South,Vikram Singh,27,18.53,500.31,165.89,334.42
2024-12-14,Whiteboard Markers,Office Supplies,West,Sneha Joshi,38,13.7,520.6,191.16,329.44
2024-12-14,Laptop Bag,Accessories,Central,Vikram Singh,14,54.29,760.06,334.11,425.95
2024-12-15,Headphones Wireless,Electronics,South,Priya Sharma,6,155.56,933.36,436.65,496.71
2024-12-15,Headphones Wireless,Electronics,Central,Amit Kumar,14,156.6,2192.4,1054.87,1137.53
2024-12-15,Stapler Heavy Duty,Office Supplies,North,Neha Patel,51,20.82,1061.82,368.33,693.49
2024-12-15,Printer Paper Ream,Office Supplies,Central,Divya Nair,8,9.84,78.72,28.35,50.37
2024-12-15,Whiteboard Markers,Office Supplies,South,Amit Kumar,17,16.41,278.97,83.48,195.49
2024-12-16,Cable Organizer,Accessories,West,Arjun Mehta,42,10.14,425.88,119.78,306.1
2024-12-16,Pen Set Premium,Office Supplies,East,Rohan Gupta,45,23.43,1054.35,367.72,686.63
2024-12-17,Screen Protector,Accessories,East,Priya Sharma,60,13.83,829.8,185.92,643.88
2024-12-17,Office Chair Ergonomic,Furniture,North,Vikram Singh,8,280.59,2244.72,1303.48,941.24
2024-12-18,Webcam HD,Electronics,North,Divya Nair,1,71.8,71.8,30.51,41.29
2024-12-18,Laptop Air 13,Electronics,Central,Ananya Reddy,1,759.85,759.85,566.77,193.08
2024-12-18,Desk Lamp LED,Furniture,Central,Vikram Singh,16,40.37,645.92,235.62,410.3
2024-12-19,Filing Cabinet,Furniture,Central,Rohan Gupta,14,124.04,1736.56,940.71,795.85
2024-12-19,Whiteboard Markers,Office Supplies,South,Karthik Iyer,12,16.23,194.76,57.04,137.72
2024-12-19,Power Bank 20000mAh,Accessories,North,Rohan Gupta,27,43.69,1179.63,438.21,741.42
2024-12-19,Cable Organizer,Accessories,West,Neha Patel,21,10.84,227.64,64.55,163.09
2024-12-19,Stapler Heavy Duty,Office Supplies,West,Arjun Mehta,38,21.91,832.58,259.8,572.78
2024-12-20,Pen Set Premium,Office Supplies,South,Vikram Singh,45,24.56,1105.2,356.74,748.46
2024-12-20,Desk Lamp LED,Furniture,East,Ananya Reddy,14,38.95,545.3,219.88,325.42
2024-12-20,Wireless Mouse,Electronics,Central,Sneha Joshi,37,28.81,1065.97,431.76,634.21
2024-12-20,Laptop Pro 15,Electronics,East,Neha Patel,6,883.83,5302.98,4092.41,1210.57
2024-12-20,Desk Lamp LED,Furniture,Central,Ananya Reddy,9,42.96,386.64,133.9,252.74
2024-12-21,Pen Set Premium,Office Supplies,South,Sneha Joshi,40,24.24,969.6,329.75,639.85
2024-12-21,Stapler Heavy Duty,Office Supplies,North,Amit Kumar,61,20.15,1229.15,440.61,788.54
2024-12-21,Bookshelf Oak,Furniture,East,Sneha Joshi,21,165.17,3468.57,2054.0,1414.57
2024-12-21,Headphones Wireless,Electronics,Central,Sneha Joshi,17,172.54,2933.18,1287.84,1645.34
2024-12-22,Laptop Pro 15,Electronics,Central,Ananya Reddy,6,813.5,4881.0,4067.35,813.65
2024-12-22,Stapler Heavy Duty,Office Supplies,Central,Arjun Mehta,12,20.67,248.04,83.54,164.5
2024-12-22,Pen Set Premium,Office Supplies,South,Rohan Gupta,12,24.06,288.72,100.59,188.13
2024-12-22,Wireless Mouse,Electronics,Central,Neha Patel,17,32.66,555.22,210.81,344.41
2024-12-22,Power Bank 20000mAh,Accessories,North,Priya Sharma,8,36.68,293.44,121.71,171.73
2024-12-22,Headphones Wireless,Electronics,South,Arjun Mehta,21,173.73,3648.33,1541.81,2106.52
2024-12-22,Screen Protector,Accessories,North,Amit Kumar,6,14.14,84.84,18.04,66.8
2024-12-23,Webcam HD,Electronics,North,Arjun Mehta,17,73.26,1245.42,496.04,749.38
2024-12-23,Desk Lamp LED,Furniture,North,Vikram Singh,8,42.96,343.68,122.39,221.29
2024-12-23,Headphones Wireless,Electronics,Central,Ananya Reddy,24,158.49,3803.76,1859.18,1944.58
2024-12-23,Printer Paper Ream,Office Supplies,Central,Arjun Mehta,25,10.38,259.5,91.72,167.78
2024-12-23,Stapler Heavy Duty,Office Supplies,South,Karthik Iyer,42,18.55,779.1,292.23,486.87
2024-12-23,Desk Organizer,Office Supplies,South,Karthik Iyer,25,34.52,863.0,350.91,512.09
2024-12-23,Cable Organizer,Accessories,East,Priya Sharma,21,9.81,206.01,61.35,144.66
2024-12-23,Desk Organizer,Office Supplies,East,Rohan Gupta,56,34.84,1951.04,819.05,1131.99
2024-12-23,Standing Desk,Furniture,East,Vikram Singh,6,455.1,2730.6,1478.62,1251.98
2024-12-24,Whiteboard Markers,Office Supplies,North,Priya Sharma,50,15.47,773.5,260.05,513.45
2024-12-24,Phone Stand,Accessories,East,Karthik Iyer,64,21.66,1386.24,397.76,988.48
2024-12-24,Desk Organizer,Office Supplies,Central,Karthik Iyer,50,35.64,1782.0,683.13,1098.87
2024-12-24,Webcam HD,Electronics,Central,Ananya Reddy,19,63.91,1214.29,575.86,638.43
2024-12-25,Notebook A4 Pack,Office Supplies,South,Neha Patel,48,12.59,604.32,187.69,416.63
2024-12-25,Office Chair Ergonomic,Furniture,East,Rohan Gupta,17,303.67,5162.39,2667.99,2494.4
2024-12-25,Headphones Wireless,Electronics,West,Karthik Iyer,1,162.11,162.11,75.17,86.94
2024-12-25,Power Bank 20000mAh,Accessories,West,Neha Patel,43,38.09,1637.87,655.47,982.4
2024-12-25,Laptop Pro 15,Electronics,North,Vikram Singh,3,928.19,2784.57,1934.13,850.44
2024-12-26,Whiteboard Markers,Office Supplies,North,Vikram Singh,47,15.74,739.78,232.28,507.5
2024-12-26,Laptop Air 13,Electronics,West,Amit Kumar,4,821.04,3284.16,2189.28,1094.88
2024-12-26,Screen Protector,Accessories,East,Arjun Mehta,51,15.7,800.7,152.01,648.69
2024-12-27,Filing Cabinet,Furniture,Central,Neha Patel,19,141.62,2690.78,1334.11,1356.67
2024-12-27,Standing Desk,Furniture,East,Vikram Singh,4,410.49,1641.96,966.62,675.34
2024-12-27,Printer Paper Ream,Office Supplies,South,Vikram Singh,8,9.55,76.4,28.3,48.1
2024-12-28,Desk Lamp LED,Furniture,North,Arjun Mehta,42,43.44,1824.48,646.92,1177.56
2024-12-28,Whiteboard Markers,Office Supplies,North,Ananya Reddy,3,13.7,41.1,14.39,26.71
2024-12-28,Mechanical Keyboard,Electronics,Central,Sneha Joshi,11,97.36,1070.96,465.73,605.23
2024-12-28,Standing Desk,Furniture,North,Neha Patel,3,423.23,1269.69,729.91,539.78
2024-12-28,Phone Stand,Accessories,North,Priya Sharma,35,20.45,715.75,211.31,504.44
2024-12-28,Desk Organizer,Office Supplies,South,Divya Nair,1,33.6,33.6,14.36,19.24
2024-12-28,Filing Cabinet,Furniture,West,Divya Nair,6,121.84,731.04,424.5,306.54
2024-12-29,Laptop Pro 15,Electronics,North,Divya Nair,8,817.11,6536.88,4955.32,1581.56
2024-12-30,Headphones Wireless,Electronics,East,Vikram Singh,1,148.37,148.37,73.36,75.01
2024-12-30,Laptop Pro 15,Electronics,North,Rohan Gupta,6,843.87,5063.22,4081.03,982.19
2024-12-30,Cable Organizer,Accessories,North,Rohan Gupta,35,9.74,340.9,104.38,236.52
2024-12-30,Webcam HD,Electronics,West,Divya Nair,4,65.07,260.28,116.37,143.91
2024-12-31,Tablet 10 inch,Electronics,North,Divya Nair,1,516.19,516.19,314.76,201.43
2024-12-31,Monitor 27 inch,Electronics,South,Ananya Reddy,1,367.45,367.45,202.15,165.3
2025-01-01,Filing Cabinet,Furniture,West,Rohan Gupta,9,134.01,1206.09,634.54,571.55
2025-01-01,Webcam HD,Electronics,East,Priya Sharma,19,72.55,1378.45,550.32,828.13
2025-01-01,Printer Paper Ream,Office Supplies,South,Amit Kumar,14,9.12,127.68,47.5,80.18
2025-01-02,Cable Organizer,Accessories,South,Neha Patel,19,10.47,198.93,55.73,143.2
2025-01-02,Phone Stand,Accessories,Central,Karthik Iyer,7,18.13,126.91,43.08,83.83
2025-01-03,USB-C Hub,Electronics,Central,Neha Patel,7,45.36,317.52,148.48,169.04
2025-01-03,Headphones Wireless,Electronics,North,Arjun Mehta,19,167.02,3173.38,1469.55,1703.83
2025-01-03,Laptop Pro 15,Electronics,South,Sneha Joshi,4,949.79,3799.16,2496.94,1302.22
2025-01-03,Mechanical Keyboard,Electronics,North,Divya Nair,5,91.97,459.85,220.2,239.65
2025-01-03,Monitor 27 inch,Electronics,West,Priya Sharma,7,325.76,2280.32,1499.76,780.56
2025-01-03,Webcam HD,Electronics,East,Neha Patel,7,67.98,475.86,210.82,265.04
2025-01-03,Laptop Bag,Accessories,West,Ananya Reddy,21,64.48,1354.08,509.18,844.9
2025-01-03,Stapler Heavy Duty,Office Supplies,South,Vikram Singh,32,21.76,696.32,223.29,473.03
2025-01-03,Filing Cabinet,Furniture,East,Ananya Reddy,12,117.45,1409.4,863.12,546.28
2025-01-03,Laptop Bag,Accessories,East,Karthik Iyer,5,57.78,288.9,118.87,170.03
2025-01-04,Tablet 10 inch,Electronics,North,Priya Sharma,2,515.75,1031.5,611.01,420.49
2025-01-04,Bookshelf Oak,Furniture,West,Karthik Iyer,21,188.72,3963.12,2061.85,1901.27
2025-01-04,Printer Paper Ream,Office Supplies,South,Divya Nair,1,9.61,9.61,3.49,6.12
2025-01-04,Laptop Pro 15,Electronics,North,Sneha Joshi,7,902.92,6320.44,4502.72,1817.72
2025-01-04,Printer Paper Ream,Office Supplies,South,Sneha Joshi,14,9.67,135.38,50.82,84.56
2025-01-04,Headphones Wireless,Electronics,North,Vikram Singh,18,157.75,2839.5,1401.41,1438.09
2025-01-04,Wireless Mouse,Electronics,Central,Divya Nair,21,30.68,644.28,255.61,388.67
2025-01-04,Desk Lamp LED,Furniture,South,Karthik Iyer,48,42.87,2057.76,744.23,1313.53
2025-01-04,Pen Set Premium,Office Supplies,South,Divya Nair,1,23.39,23.39,7.68,15.71
2025-01-05,Monitor 27 inch,Electronics,West,Arjun Mehta,5,353.91,1769.55,1053.82,715.73
2025-01-05,Laptop Bag,Accessories,Central,Priya Sharma,17,62.94,1069.98,419.98,650.0
2025-01-05,Mechanical Keyboard,Electronics,Central,Amit Kumar,17,81.42,1384.14,712.63,671.51
2025-01-05,Whiteboard Markers,Office Supplies,Central,Rohan Gupta,47,13.58,638.26,242.53,395.73
2025-01-05,Office Chair Ergonomic,Furniture,South,Priya Sharma,15,271.37,4070.55,2318.86,1751.69
2025-01-05,Office Chair Ergonomic,Furniture,Central,Karthik Iyer,18,293.33,5279.94,3008.66,2271.28
2025-01-05,Pen Set Premium,Office Supplies,East,Priya Sharma,42,25.76,1081.92,350.23,731.69
2025-01-06,Desk Organizer,Office Supplies,North,Priya Sharma,19,36.18,687.42,273.28,414.14
2025-01-06,Headphones Wireless,Electronics,East,Sneha Joshi,9,162.01,1458.09,693.22,764.87
2025-01-06,Webcam HD,Electronics,South,Amit Kumar,12,73.49,881.88,361.76,520.12
2025-01-06,Desk Lamp LED,Furniture,East,Divya Nair,2,40.53,81.06,28.6,52.46
2025-01-06,Wireless Mouse,Electronics,North,Sneha Joshi,52,30.13,1566.76,608.07,958.69
2025-01-06,Headphones Wireless,Electronics,South,Neha Patel,17,166.3,2827.1,1237.67,1589.43
2025-01-06,Webcam HD,Electronics,North,Divya Nair,5,67.35,336.75,153.93,182.82
2025-01-06,Laptop Bag,Accessories,East,Sneha Joshi,12,62.76,753.12,300.37,452.75
2025-01-06,Webcam HD,Electronics,West,Divya Nair,1,72.76,72.76,29.12,43.64
2025-01-07,Wireless Mouse,Electronics,East,Arjun Mehta,22,27.31,600.82,263.86,336.96
2025-01-08,Wireless Mouse,Electronics,East,Ananya Reddy,52,27.06,1407.12,644.03,763.09
2025-01-08,Printer Paper Ream,Office Supplies,South,Arjun Mehta,34,9.51,323.34,120.28,203.06
2025-01-09,USB-C Hub,Electronics,Central,Divya Nair,44,47.42,2086.48,965.38,1121.1
2025-01-09,Laptop Pro 15,Electronics,West,Amit Kumar,5,876.66,4383.3,3101.62,1281.68
2025-01-09,Monitor 27 inch,Electronics,Central,Divya Nair,5,359.16,1795.8,1064.26,731.54
2025-01-09,Laptop Air 13,Electronics,Central,Priya Sharma,5,698.89,3494.45,2605.56,888.89
2025-01-09,Standing Desk,Furniture,West,Karthik Iyer,7,448.63,3140.41,1814.58,1325.83
2025-01-10,Desk Organizer,Office Supplies,South,Arjun Mehta,45,37.32,1679.4,600.12,1079.28
2025-01-10,Laptop Pro 15,Electronics,North,Karthik Iyer,1,950.47,950.47,639.16,311.31
2025-01-10,Laptop Pro 15,Electronics,South,Divya Nair,5,880.85,4404.25,3139.6,1264.65
2025-01-10,Whiteboard Markers,Office Supplies,West,Priya Sharma,47,15.79,742.13,242.41,499.72
2025-01-10,Whiteboard Markers,Office Supplies,South,Sneha Joshi,25,14.23,355.75,122.05,233.7
2025-01-11,Standing Desk,Furniture,East,Rohan Gupta,2,413.62,827.24,494.65,332.59
2025-01-11,Tablet 10 inch,Electronics,West,Sneha Joshi,1,519.72,519.72,306.32,213.4
2025-01-11,Office Chair Ergonomic,Furniture,South,Priya Sharma,12,284.84,3418.08,1829.31,1588.77
2025-01-12,Laptop Air 13,Electronics,West,Rohan Gupta,1,804.88,804.88,551.19,253.69
2025-01-12,Monitor 27 inch,Electronics,North,Priya Sharma,5,318.84,1594.2,1014.13,580.07
2025-01-12,Desk Organizer,Office Supplies,West,Amit Kumar,24,33.19,796.56,324.29,472.27
2025-01-12,Whiteboard Markers,Office Supplies,South,Ananya Reddy,17,14.87,252.79,85.85,166.94
2025-01-12,Filing Cabinet,Furniture,West,Divya Nair,9,140.71,1266.39,633.54,632.85
2025-01-13,Cable Organizer,Accessories,South,Vikram Singh,44,9.61,422.84,129.93,292.91
2025-01-13,Office Chair Ergonomic,Furniture,West,Vikram Singh,19,307.58,5844.02,2951.26,2892.76
2025-01-13,Wireless Mouse,Electronics,South,Vikram Singh,47,27.86,1309.42,578.69,730.73
2025-01-13,Wireless Mouse,Electronics,Central,Divya Nair,49,28.77,1409.73,591.08,818.65
2025-01-13,Laptop Bag,Accessories,East,Karthik Iyer,11,60.82,669.02,275.07,393.95
2025-01-13,Wireless Mouse,Electronics,East,Karthik Iyer,2,32.13,64.26,24.83,39.43
2025-01-13,Phone Stand,Accessories,South,Arjun Mehta,34,19.54,664.36,199.58,464.78
2025-01-14,Notebook A4 Pack,Office Supplies,West,Priya Sharma,21,12.25,257.25,82.8,174.45
2025-01-14,Mechanical Keyboard,Electronics,East,Vikram Singh,14,97.9,1370.6,611.23,759.37
2025-01-14,Laptop Bag,Accessories,Central,Vikram Singh,7,55.09,385.63,178.72,206.91
2025-01-14,Screen Protector,Accessories,East,Divya Nair,7,14.26,99.82,21.87,77.95
2025-01-14,Cable Organizer,Accessories,South,Divya Nair,2,10.66,21.32,6.18,15.14
2025-01-14,Whiteboard Markers,Office Supplies,West,Sneha Joshi,31,14.37,445.47,152.36,293.11
2025-01-14,Screen Protector,Accessories,South,Ananya Reddy,51,16.33,832.83,156.71,676.12
2025-01-14,Webcam HD,Electronics,South,Sneha Joshi,4,72.43,289.72,123.72,166.0
2025-01-15,Pen Set Premium,Office Supplies,Central,Ananya Reddy,11,27.12,298.32,87.64,210.68
2025-01-15,Whiteboard Markers,Office Supplies,East,Karthik Iyer,37,14.75,545.75,181.88,363.87
2025-01-15,USB-C Hub,Electronics,West,Vikram Singh,55,46.24,2543.2,1229.61,1313.59
2025-01-17,Headphones Wireless,Electronics,North,Vikram Singh,21,171.2,3595.2,1498.72,2096.48
2025-01-17,Filing Cabinet,Furniture,Central,Arjun Mehta,18,135.68,2442.24,1265.84,1176.4
2025-01-17,Headphones Wireless,Electronics,East,Arjun Mehta,18,171.03,3078.54,1299.5,1779.04
2025-01-17,Wireless Mouse,Electronics,Central,Karthik Iyer,44,32.99,1451.56,522.11,929.45
2025-01-17,Laptop Air 13,Electronics,Central,Vikram Singh,5,687.54,3437.7,2673.21,764.49
2025-01-18,Headphones Wireless,Electronics,North,Arjun Mehta,8,158.87,1270.96,606.29,664.67
2025-01-19,Notebook A4 Pack,Office Supplies,West,Karthik Iyer,44,12.2,536.8,180.74,356.06
2025-01-19,Monitor 27 inch,Electronics,East,Amit Kumar,4,340.09,1360.36,806.77,553.59
2025-01-20,Stapler Heavy Duty,Office Supplies,East,Divya Nair,47,19.28,906.16,321.45,584.71
2025-01-20,Pen Set Premium,Office Supplies,East,Neha Patel,19,27.19,516.61,154.81,361.8
2025-01-21,Wireless Mouse,Electronics,Central,Karthik Iyer,4,27.17,108.68,46.65,62.03
2025-01-21,Standing Desk,Furniture,North,Divya Nair,1,494.28,494.28,241.56,252.72
2025-01-21,Wireless Mouse,Electronics,South,Sneha Joshi,14,28.06,392.84,169.0,223.84
2025-01-22,Desk Lamp LED,Furniture,South,Rohan Gupta,34,43.65,1484.1,485.07,999.03
2025-01-22,Wireless Mouse,Electronics,South,Ananya Reddy,57,30.42,1733.94,690.53,1043.41
2025-01-22,Pen Set Premium,Office Supplies,North,Karthik Iyer,41,23.46,961.86,329.57,632.29
2025-01-22,Whiteboard Markers,Office Supplies,Central,Karthik Iyer,51,13.64,695.64,249.9,445.74
2025-01-22,Phone Stand,Accessories,Central,Karthik Iyer,57,21.56,1228.92,346.19,882.73
2025-01-23,Filing Cabinet,Furniture,East,Divya Nair,11,121.99,1341.89,750.48,591.41
2025-01-23,Power Bank 20000mAh,Accessories,South,Neha Patel,54,37.36,2017.44,880.49,1136.95
2025-01-23,Bookshelf Oak,Furniture,West,Divya Nair,11,170.41,1874.51,1037.27,837.24
2025-01-23,Laptop Pro 15,Electronics,North,Sneha Joshi,5,969.03,4845.15,3334.33,1510.82
2025-01-23,Filing Cabinet,Furniture,Central,Arjun Mehta,11,123.7,1360.7,778.35,582.35
2025-01-23,Pen Set Premium,Office Supplies,South,Sneha Joshi,34,26.52,901.68,280.22,621.46
2025-01-24,USB-C Hub,Electronics,North,Amit Kumar,52,54.59,2838.68,1175.88,1662.8
2025-01-25,Pen Set Premium,Office Supplies,West,Arjun Mehta,27,23.08,623.16,226.71,396.45
2025-01-25,Office Chair Ergonomic,Furniture,East,Rohan Gupta,5,326.4,1632.0,782.93,849.07
2025-01-25,Bookshelf Oak,Furniture,North,Amit Kumar,2,184.52,369.04,199.29,169.75
2025-01-25,Filing Cabinet,Furniture,North,Arjun Mehta,21,118.15,2481.15,1406.46,1074.69
2025-01-25,Office Chair Ergonomic,Furniture,South,Arjun Mehta,8,276.47,2211.76,1312.18,899.58
2025-01-26,Wireless Mouse,Electronics,East,Neha Patel,32,28.26,904.32,399.58,504.74
2025-01-26,Monitor 27 inch,Electronics,North,Amit Kumar,2,355.37,710.74,407.94,302.8
2025-01-26,Power Bank 20000mAh,Accessories,East,Sneha Joshi,2,42.09,84.18,32.45,51.73
2025-01-26,Stapler Heavy Duty,Office Supplies,West,Neha Patel,48,18.77,900.96,343.33,557.63
2025-01-26,Wireless Mouse,Electronics,East,Neha Patel,34,29.29,995.86,391.39,604.47
2025-01-26,Laptop Air 13,Electronics,North,Amit Kumar,5,782.56,3912.8,2693.93,1218.87
2025-01-26,Bookshelf Oak,Furniture,North,Vikram Singh,17,190.85,3244.45,1589.69,1654.76
2025-01-26,Phone Stand,Accessories,North,Rohan Gupta,42,18.87,792.54,241.95,550.59
2025-01-26,Desk Lamp LED,Furniture,West,Sneha Joshi,41,36.49,1496.09,632.32,863.77
2025-01-27,Notebook A4 Pack,Office Supplies,East,Priya Sharma,37,12.99,480.63,152.05,328.58
2025-01-27,Phone Stand,Accessories,North,Vikram Singh,39,21.28,829.92,237.66,592.26
2025-01-28,Printer Paper Ream,Office Supplies,South,Sneha Joshi,11,9.95,109.45,38.66,70.79
2025-01-28,Laptop Air 13,Electronics,South,Karthik Iyer,1,700.28,700.28,546.32,153.96
2025-01-28,Bookshelf Oak,Furniture,Central,Karthik Iyer,5,186.06,930.3,452.49,477.81
2025-01-29,Standing Desk,Furniture,South,Karthik Iyer,7,431.53,3020.71,1834.92,1185.79
2025-01-29,Printer Paper Ream,Office Supplies,North,Ananya Reddy,48,9.52,456.96,172.74,284.22
2025-01-29,USB-C Hub,Electronics,South,Arjun Mehta,39,49.9,1946.1,886.99,1059.11
2025-01-29,Printer Paper Ream,Office Supplies,North,Amit Kumar,25,9.63,240.75,84.95,155.8
2025-01-29,Headphones Wireless,Electronics,West,Divya Nair,8,146.68,1173.44,618.39,555.05
2025-01-29,Stapler Heavy Duty,Office Supplies,East,Sneha Joshi,47,18.49,869.03,318.68,550.35
2025-01-30,Stapler Heavy Duty,Office Supplies,South,Arjun Mehta,34,18.01,612.34,228.19,384.15
2025-01-30,Bookshelf Oak,Furniture,East,Vikram Singh,17,190.93,3245.81,1626.96,1618.85
2025-01-31,Laptop Air 13,Electronics,West,Priya Sharma,4,712.85,2851.4,2077.04,774.36
2025-01-31,Standing Desk,Furniture,Central,Divya Nair,1,416.57,416.57,239.92,176.65
2025-01-31,Laptop Pro 15,Electronics,West,Neha Patel,5,953.57,4767.85,3357.67,1410.18
2025-01-31,Office Chair Ergonomic,Furniture,North,Sneha Joshi,2,318.22,636.44,308.47,327.97
2025-01-31,Laptop Bag,Accessories,West,Neha Patel,21,59.66,1252.86,518.51,734.35
2025-01-31,Desk Organizer,Office Supplies,North,Divya Nair,29,35.47,1028.63,404.53,624.1
2025-02-01,Notebook A4 Pack,Office Supplies,North,Vikram Singh,31,13.16,407.96,125.98,281.98
2025-02-01,Wireless Mouse,Electronics,East,Karthik Iyer,19,27.89,529.91,228.05,301.86
2025-02-01,Laptop Bag,Accessories,South,Neha Patel,15,62.51,937.65,368.81,568.84
2025-02-01,Phone Stand,Accessories,South,Neha Patel,29,19.23,557.67,180.37,377.3
2025-02-02,USB-C Hub,Electronics,West,Neha Patel,55,50.07,2753.85,1255.9,1497.95
2025-02-02,Standing Desk,Furniture,South,Rohan Gupta,7,453.0,3171.0,1750.45,1420.55
2025-02-02,Pen Set Premium,Office Supplies,Central,Priya Sharma,52,27.0,1404.0,397.05,1006.95
2025-02-02,USB-C Hub,Electronics,North,Sneha Joshi,45,47.61,2142.45,984.98,1157.47
2025-02-03,USB-C Hub,Electronics,Central,Priya Sharma,7,48.08,336.56,161.69,174.87
2025-02-03,Phone Stand,Accessories,Central,Vikram Singh,12,19.72,236.64,74.96,161.68
2025-02-03,Webcam HD,Electronics,North,Neha Patel,7,64.18,449.26,211.47,237.79
2025-02-03,Power Bank 20000mAh,Accessories,East,Priya Sharma,57,42.48,2421.36,938.1,1483.26
2025-02-03,Whiteboard Markers,Office Supplies,South,Priya Sharma,25,15.65,391.25,125.28,265.97
2025-02-03,Desk Lamp LED,Furniture,East,Rohan Gupta,14,36.11,505.54,202.86,302.68
2025-02-03,Laptop Air 13,Electronics,East,Vikram Singh,4,746.72,2986.88,2120.47,866.41
2025-02-04,Desk Lamp LED,Furniture,Central,Ananya Reddy,52,37.53,1951.56,746.43,1205.13
2025-02-04,Bookshelf Oak,Furniture,East,Amit Kumar,11,195.01,2145.11,994.04,1151.07
2025-02-04,Printer Paper Ream,Office Supplies,West,Ananya Reddy,21,9.36,196.56,74.27,122.29
2025-02-04,Wireless Mouse,Electronics,Central,Rohan Gupta,52,27.01,1404.52,608.36,796.16
2025-02-04,Phone Stand,Accessories,South,Vikram Singh,45,19.13,860.85,280.63,580.22
2025-02-04,Standing Desk,Furniture,West,Sneha Joshi,7,434.06,3038.42,1707.91,1330.51
2025-02-04,Laptop Air 13,Electronics,South,Ananya Reddy,2,770.24,1540.48,1081.3,459.18
2025-02-05,Cable Organizer,Accessories,West,Sneha Joshi,31,10.57,327.67,91.26,236.41
2025-02-05,Stapler Heavy Duty,Office Supplies,East,Vikram Singh,29,21.32,618.28,200.46,417.82
2025-02-05,Filing Cabinet,Furniture,South,Vikram Singh,1,131.39,131.39,68.72,62.67
2025-02-05,Wireless Mouse,Electronics,East,Amit Kumar,49,27.55,1349.95,573.96,775.99
2025-02-05,Bookshelf Oak,Furniture,East,Sneha Joshi,18,175.39,3157.02,1722.34,1434.68
2025-02-05,Laptop Pro 15,Electronics,North,Ananya Reddy,1,898.15,898.15,636.96,261.19
2025-02-05,Phone Stand,Accessories,East,Divya Nair,24,18.66,447.84,145.77,302.07
2025-02-06,Printer Paper Ream,Office Supplies,East,Arjun Mehta,49,9.32,456.68,171.01,285.67
2025-02-06,Desk Organizer,Office Supplies,South,Neha Patel,15,33.77,506.55,207.14,299.41
2025-02-06,Desk Organizer,Office Supplies,South,Ananya Reddy,35,33.97,1188.95,503.67,685.28
2025-02-06,Pen Set Premium,Office Supplies,Central,Arjun Mehta,7,24.76,173.32,53.48,119.84
2025-02-06,Laptop Bag,Accessories,East,Sneha Joshi,15,54.32,814.8,367.1,447.7
2025-02-07,Whiteboard Markers,Office Supplies,East,Karthik Iyer,51,14.48,738.48,260.17,478.31
2025-02-07,Laptop Air 13,Electronics,West,Amit Kumar,5,819.83,4099.15,2750.51,1348.64
2025-02-07,Phone Stand,Accessories,South,Neha Patel,19,20.49,389.31,111.61,277.7
2025-02-07,Desk Lamp LED,Furniture,East,Ananya Reddy,1,42.61,42.61,15.6,27.01
2025-02-07,Printer Paper Ream,Office Supplies,North,Rohan Gupta,8,10.97,87.76,29.29,58.47
2025-02-07,Tablet 10 inch,Electronics,North,Priya Sharma,2,529.98,1059.96,634.94,425.02
2025-02-08,Screen Protector,Accessories,North,Amit Kumar,12,14.65,175.8,35.19,140.61
2025-02-08,Wireless Mouse,Electronics,East,Sneha Joshi,51,27.32,1393.32,621.93,771.39
2025-02-08,Screen Protector,Accessories,East,Ananya Reddy,27,14.52,392.04,77.6,314.44
2025-02-09,Wireless Mouse,Electronics,Central,Divya Nair,29,32.17,932.93,331.03,601.9
2025-02-09,Office Chair Ergonomic,Furniture,South,Neha Patel,1,280.56,280.56,156.19,124.37
2025-02-09,Laptop Pro 15,Electronics,Central,Sneha Joshi,2,871.66,1743.32,1265.87,477.45
2025-02-09,Tablet 10 inch,Electronics,West,Sneha Joshi,4,528.35,2113.4,1297.81,815.59
2025-02-09,Desk Lamp LED,Furniture,Central,Priya Sharma,29,41.89,1214.81,435.45,779.36
2025-02-10,USB-C Hub,Electronics,North,Arjun Mehta,1,50.72,50.72,21.77,28.95
2025-02-10,Laptop Air 13,Electronics,North,Amit Kumar,1,680.8,680.8,514.44,166.36
2025-02-10,Desk Organizer,Office Supplies,West,Vikram Singh,7,37.77,264.39,96.57,167.82
2025-02-10,Tablet 10 inch,Electronics,East,Neha Patel,1,458.51,458.51,323.77,134.74
2025-02-11,Cable Organizer,Accessories,East,Arjun Mehta,44,9.31,409.64,126.72,282.92
2025-02-11,Wireless Mouse,Electronics,West,Sneha Joshi,35,32.53,1138.55,440.24,698.31
2025-02-11,Printer Paper Ream,Office Supplies,North,Neha Patel,35,10.02,350.7,116.97,233.73
2025-02-11,Tablet 10 inch,Electronics,South,Arjun Mehta,5,472.19,2360.95,1525.87,835.08
2025-02-11,Laptop Bag,Accessories,North,Amit Kumar,4,63.53,254.12,100.11,154.01
2025-02-12,Tablet 10 inch,Electronics,Central,Amit Kumar,2,512.74,1025.48,649.6,375.88
2025-02-12,Webcam HD,Electronics,Central,Divya Nair,21,68.39,1436.19,648.25,787.94
2025-02-12,Bookshelf Oak,Furniture,East,Amit Kumar,8,168.15,1345.2,766.42,578.78
2025-02-12,Whiteboard Markers,Office Supplies,North,Rohan Gupta,47,14.52,682.44,245.24,437.2
2025-02-12,Wireless Mouse,Electronics,West,Arjun Mehta,5,32.22,161.1,62.97,98.13
2025-02-13,Cable Organizer,Accessories,East,Sneha Joshi,57,9.09,518.13,167.55,350.58
2025-02-13,Desk Organizer,Office Supplies,West,Ananya Reddy,52,37.51,1950.52,697.99,1252.53
2025-02-13,Desk Organizer,Office Supplies,North,Karthik Iyer,28,38.41,1075.48,401.8,673.68
2025-02-13,Pen Set Premium,Office Supplies,South,Neha Patel,18,24.31,437.58,137.26,300.32
2025-02-14,Standing Desk,Furniture,South,Amit Kumar,7,465.24,3256.68,1786.12,1470.56
2025-02-14,Laptop Air 13,Electronics,East,Priya Sharma,2,675.25,1350.5,1132.39,218.11
2025-02-15,Whiteboard Markers,Office Supplies,South,Karthik Iyer,22,14.26,313.72,108.13,205.59
2025-02-15,Tablet 10 inch,Electronics,South,Ananya Reddy,4,489.3,1957.2,1227.68,729.52
2025-02-15,Screen Protector,Accessories,East,Neha Patel,1,16.3,16.3,2.96,13.34
2025-02-15,Monitor 27 inch,Electronics,South,Ananya Reddy,2,380.7,761.4,404.43,356.97
2025-02-16,Desk Lamp LED,Furniture,South,Rohan Gupta,27,41.63,1124.01,412.7,711.31
2025-02-16,Headphones Wireless,Electronics,Central,Neha Patel,11,155.96,1715.56,821.95,893.61
2025-02-16,Laptop Pro 15,Electronics,North,Neha Patel,5,817.62,4088.1,3158.68,929.42
2025-02-16,Pen Set Premium,Office Supplies,South,Vikram Singh,24,24.36,584.64,187.07,397.57
2025-02-16,Desk Organizer,Office Supplies,North,Ananya Reddy,54,34.44,1859.76,777.5,1082.26
2025-02-16,Monitor 27 inch,Electronics,East,Ananya Reddy,2,384.82,769.64,400.08,369.56
2025-02-17,Cable Organizer,Accessories,North,Karthik Iyer,19,9.26,175.94,55.84,120.1
2025-02-17,Screen Protector,Accessories,East,Arjun Mehta,45,16.24,730.8,137.73,593.07
2025-02-17,Desk Organizer,Office Supplies,East,Divya Nair,27,36.1,974.7,382.14,592.56
2025-02-18,Notebook A4 Pack,Office Supplies,East,Vikram Singh,48,11.93,572.64,195.27,377.37
2025-02-18,Standing Desk,Furniture,North,Amit Kumar,5,473.75,2368.75,1237.96,1130.79
2025-02-18,Pen Set Premium,Office Supplies,North,Neha Patel,28,22.94,642.32,218.55,423.77
2025-02-19,Laptop Air 13,Electronics,West,Ananya Reddy,2,821.47,1642.94,1095.18,547.76
2025-02-19,Tablet 10 inch,Electronics,North,Sneha Joshi,5,481.31,2406.55,1571.99,834.56
2025-02-19,Cable Organizer,Accessories,South,Arjun Mehta,12,10.12,121.44,34.52,86.92
2025-02-19,Filing Cabinet,Furniture,East,Vikram Singh,19,122.89,2334.91,1286.78,1048.13
2025-02-19,Phone Stand,Accessories,North,Neha Patel,42,20.22,849.24,258.88,590.36
2025-02-19,Phone Stand,Accessories,Central,Divya Nair,34,20.42,694.28,211.73,482.55
2025-02-19,Webcam HD,Electronics,North,Amit Kumar,11,66.1,727.1,335.45,391.65
2025-02-19,Phone Stand,Accessories,South,Arjun Mehta,41,19.56,801.96,249.93,552.03
2025-02-20,Pen Set Premium,Office Supplies,West,Arjun Mehta,18,23.29,419.22,138.76,280.46
2025-02-20,Bookshelf Oak,Furniture,South,Vikram Singh,17,196.75,3344.75,1694.03,1650.72
2025-02-20,USB-C Hub,Electronics,Central,Ananya Reddy,9,50.48,454.32,201.7,252.62
2025-02-21,Desk Organizer,Office Supplies,North,Vikram Singh,45,38.35,1725.75,599.02,1126.73
2025-02-21,Headphones Wireless,Electronics,South,Rohan Gupta,19,158.99,3020.81,1401.67,1619.14
2025-02-21,Desk Organizer,Office Supplies,South,Rohan Gupta,7,38.27,267.89,95.26,172.63
2025-02-21,Mechanical Keyboard,Electronics,South,Ananya Reddy,5,84.1,420.5,219.06,201.44
2025-02-22,Wireless Mouse,Electronics,South,Sneha Joshi,38,31.81,1208.78,446.36,762.42
2025-02-22,Standing Desk,Furniture,West,Rohan Gupta,7,450.58,3154.06,1729.42,1424.64
2025-02-22,Pen Set Premium,Office Supplies,North,Amit Kumar,37,25.9,958.3,294.31,663.99
2025-02-22,Whiteboard Markers,Office Supplies,North,Priya Sharma,52,16.01,832.52,252.49,580.03
2025-02-22,Notebook A4 Pack,Office Supplies,West,Vikram Singh,18,13.44,241.92,69.97,171.95
2025-02-23,Desk Organizer,Office Supplies,South,Priya Sharma,54,32.56,1758.24,773.44,984.8
2025-02-23,Filing Cabinet,Furniture,North,Neha Patel,17,142.6,2424.2,1174.43,1249.77
2025-02-23,Cable Organizer,Accessories,North,Divya Nair,12,9.94,119.28,36.19,83.09
2025-02-23,Monitor 27 inch,Electronics,South,Neha Patel,1,356.52,356.52,210.01,146.51
2025-02-23,Filing Cabinet,Furniture,West,Ananya Reddy,15,135.45,2031.75,1034.1,997.65
2025-02-24,Webcam HD,Electronics,East,Amit Kumar,7,64.02,448.14,210.09,238.05
2025-02-24,Office Chair Ergonomic,Furniture,Central,Karthik Iyer,5,300.65,1503.25,823.75,679.5
2025-02-24,Office Chair Ergonomic,Furniture,West,Rohan Gupta,8,317.08,2536.64,1314.48,1222.16
2025-02-24,Power Bank 20000mAh,Accessories,South,Amit Kumar,55,37.75,2076.25,894.97,1181.28
2025-02-24,Cable Organizer,Accessories,South,Karthik Iyer,38,10.09,383.42,111.65,271.77
2025-02-24,Standing Desk,Furniture,South,Sneha Joshi,5,408.04,2040.2,1273.88,766.32
2025-02-25,Screen Protector,Accessories,East,Vikram Singh,9,15.34,138.06,27.23,110.83
2025-02-25,Monitor 27 inch,Electronics,West,Divya Nair,2,353.8,707.6,413.43,294.17
2025-02-25,Phone Stand,Accessories,North,Rohan Gupta,1,21.78,21.78,5.91,15.87
2025-02-26,Office Chair Ergonomic,Furniture,North,Priya Sharma,1,311.13,311.13,163.54,147.59
2025-02-26,Wireless Mouse,Electronics,West,Rohan Gupta,19,27.44,521.36,219.46,301.9
2025-02-27,Filing Cabinet,Furniture,North,Vikram Singh,5,133.54,667.7,349.94,317.76
2025-02-27,Laptop Pro 15,Electronics,North,Sneha Joshi,2,920.75,1841.5,1246.63,594.87
2025-02-27,Pen Set Premium,Office Supplies,North,Vikram Singh,39,26.08,1017.12,310.52,706.6
2025-02-28,Notebook A4 Pack,Office Supplies,Central,Arjun Mehta,29,13.51,391.79,117.5,274.29
2025-02-28,Bookshelf Oak,Furniture,East,Arjun Mehta,9,170.2,1531.8,839.1,692.7
2025-02-28,Monitor 27 inch,Electronics,South,Vikram Singh,4,321.47,1285.88,820.31,465.57
2025-03-01,Pen Set Premium,Office Supplies,Central,Amit Kumar,24,27.03,648.72,191.65,457.07
2025-03-01,Notebook A4 Pack,Office Supplies,North,Divya Nair,24,11.78,282.72,97.44,185.28
2025-03-01,Filing Cabinet,Furniture,East,Vikram Singh,11,141.81,1559.91,788.87,771.04
2025-03-02,Webcam HD,Electronics,North,Amit Kumar,4,71.2,284.8,123.76,161.04
2025-03-02,Phone Stand,Accessories,Central,Vikram Singh,2,19.29,38.58,11.61,26.97
2025-03-02,Desk Organizer,Office Supplies,North,Rohan Gupta,8,33.09,264.72,114.95,149.77
2025-03-02,Power Bank 20000mAh,Accessories,West,Arjun Mehta,18,38.38,690.84,283.29,407.55
2025-03-03,Notebook A4 Pack,Office Supplies,Central,Arjun Mehta,21,13.21,277.41,85.67,191.74
2025-03-03,USB-C Hub,Electronics,South,Karthik Iyer,3,47.04,141.12,65.42,75.7
2025-03-03,Screen Protector,Accessories,Central,Priya Sharma,21,13.56,284.76,65.75,219.01
2025-03-03,Pen Set Premium,Office Supplies,Central,Vikram Singh,37,24.7,913.9,284.45,629.45
2025-03-03,Power Bank 20000mAh,Accessories,West,Priya Sharma,35,41.13,1439.55,579.42,860.13
2025-03-03,Tablet 10 inch,Electronics,West,Arjun Mehta,2,476.49,952.98,589.24,363.74
2025-03-03,Wireless Mouse,Electronics,South,Divya Nair,48,32.18,1544.64,559.93,984.71
2025-03-04,Power Bank 20000mAh,Accessories,West,Amit Kumar,40,36.9,1476.0,615.31,860.69
2025-03-04,Monitor 27 inch,Electronics,East,Ananya Reddy,2,357.15,714.3,427.19,287.11
2025-03-04,Notebook A4 Pack,Office Supplies,East,Rohan Gupta,3,12.17,36.51,12.07,24.44
2025-03-04,Laptop Bag,Accessories,North,Sneha Joshi,17,65.26,1109.42,428.9,680.52
2025-03-04,Printer Paper Ream,Office Supplies,South,Rohan Gupta,29,10.23,296.67,101.19,195.48
2025-03-04,Cable Organizer,Accessories,South,Neha Patel,12,9.65,115.8,36.84,78.96
2025-03-05,Laptop Air 13,Electronics,East,Amit Kumar,4,774.22,3096.88,2066.89,1029.99
2025-03-05,USB-C Hub,Electronics,South,Vikram Singh,28,49.04,1373.12,608.42,764.7
2025-03-06,Stapler Heavy Duty,Office Supplies,East,Arjun Mehta,6,20.73,124.38,41.08,83.3
2025-03-06,Monitor 27 inch,Electronics,East,Vikram Singh,3,369.12,1107.36,654.84,452.52
2025-03-06,Monitor 27 inch,Electronics,Central,Ananya Reddy,3,366.26,1098.78,615.85,482.93
2025-03-06,Standing Desk,Furniture,South,Amit Kumar,1,432.88,432.88,242.91,189.97
2025-03-06,Notebook A4 Pack,Office Supplies,South,Rohan Gupta,13,14.22,184.86,51.19,133.67
2025-03-06,Office Chair Ergonomic,Furniture,South,Arjun Mehta,18,274.73,4945.14,3001.47,1943.67
2025-03-07,Screen Protector,Accessories,East,Neha Patel,39,14.68,572.52,121.85,450.67
2025-03-07,Bookshelf Oak,Furniture,Central,Neha Patel,3,185.84,557.52,272.97,284.55
2025-03-07,Mechanical Keyboard,Electronics,South,Arjun Mehta,12,90.81,1089.72,479.8,609.92
2025-03-07,Cable Organizer,Accessories,West,Neha Patel,43,9.47,407.21,122.6,284.61
2025-03-07,Printer Paper Ream,Office Supplies,South,Ananya Reddy,9,10.72,96.48,30.84,65.64
2025-03-08,Laptop Air 13,Electronics,South,Divya Nair,3,813.14,2439.42,1695.74,743.68
2025-03-08,Whiteboard Markers,Office Supplies,West,Karthik Iyer,47,15.16,712.52,228.26,484.26
2025-03-08,Pen Set Premium,Office Supplies,East,Karthik Iyer,43,27.13,1166.59,356.34,810.25
2025-03-08,Headphones Wireless,Electronics,West,Ananya Reddy,2,146.77,293.54,144.03,149.51
2025-03-08,Power Bank 20000mAh,Accessories,North,Sneha Joshi,48,41.62,1997.76,773.55,1224.21
2025-03-09,Cable Organizer,Accessories,South,Neha Patel,14,10.65,149.1,41.12,107.98
2025-03-09,Monitor 27 inch,Electronics,North,Arjun Mehta,3,330.06,990.18,610.52,379.66
2025-03-09,Printer Paper Ream,Office Supplies,Central,Ananya Reddy,12,9.5,114.0,40.2,73.8
2025-03-09,Laptop Air 13,Electronics,North,Rohan Gupta,4,766.16,3064.64,2106.62,958.02
2025-03-09,Filing Cabinet,Furniture,North,Sneha Joshi,12,122.44,1469.28,817.57,651.71
2025-03-10,Laptop Pro 15,Electronics,South,Neha Patel,2,960.65,1921.3,1267.43,653.87
2025-03-10,Standing Desk,Furniture,East,Rohan Gupta,6,412.35,2474.1,1500.52,973.58
2025-03-10,Webcam HD,Electronics,West,Ananya Reddy,13,74.34,966.42,401.55,564.87
2025-03-11,Laptop Bag,Accessories,West,Vikram Singh,12,58.55,702.6,295.76,406.84
2025-03-11,USB-C Hub,Electronics,South,Arjun Mehta,23,48.22,1109.06,483.51,625.55
2025-03-11,Monitor 27 inch,Electronics,East,Priya Sharma,6,337.7,2026.2,1276.49,749.71
2025-03-11,Tablet 10 inch,Electronics,East,Neha Patel,1,531.03,531.03,304.74,226.29
2025-03-11,Power Bank 20000mAh,Accessories,West,Rohan Gupta,42,42.25,1774.5,679.38,1095.12
2025-03-12,Office Chair Ergonomic,Furniture,Central,Divya Nair,1,307.15,307.15,158.71,148.44
2025-03-12,Office Chair Ergonomic,Furniture,West,Amit Kumar,13,326.6,4245.8,2046.21,2199.59
2025-03-12,Notebook A4 Pack,Office Supplies,North,Ananya Reddy,1,11.96,11.96,4.14,7.82
2025-03-12,USB-C Hub,Electronics,Central,Neha Patel,33,51.73,1707.09,738.04,969.05
2025-03-12,Standing Desk,Furniture,North,Divya Nair,4,443.76,1775.04,1026.44,748.6
2025-03-13,Printer Paper Ream,Office Supplies,West,Arjun Mehta,19,10.21,193.99,67.49,126.5
2025-03-13,Tablet 10 inch,Electronics,South,Arjun Mehta,1,486.91,486.91,312.82,174.09
2025-03-13,Filing Cabinet,Furniture,East,Arjun Mehta,18,125.9,2266.2,1309.97,956.23
2025-03-14,Power Bank 20000mAh,Accessories,Central,Arjun Mehta,37,39.7,1468.9,570.61,898.29
2025-03-14,Office Chair Ergonomic,Furniture,North,Arjun Mehta,18,303.5,5463.0,2912.26,2550.74
2025-03-14,Power Bank 20000mAh,Accessories,West,Arjun Mehta,26,40.87,1062.62,402.12,660.5
2025-03-14,Phone Stand,Accessories,Central,Karthik Iyer,22,19.56,430.32,133.43,296.89
2025-03-15,Filing Cabinet,Furniture,North,Ananya Reddy,13,125.8,1635.4,932.73,702.67
2025-03-15,Printer Paper Ream,Office Supplies,South,Arjun Mehta,14,9.22,129.08,48.9,80.18
2025-03-15,Printer Paper Ream,Office Supplies,South,Rohan Gupta,23,10.68,245.64,81.33,164.31
2025-03-15,USB-C Hub,Electronics,South,Priya Sharma,37,45.58,1686.46,826.04,860.42
2025-03-15,Printer Paper Ream,Office Supplies,East,Rohan Gupta,13,10.64,138.32,44.27,94.05
2025-03-15,Office Chair Ergonomic,Furniture,Central,Neha Patel,6,327.35,1964.1,977.66,986.44
2025-03-15,Webcam HD,Electronics,Central,Ananya Reddy,9,74.93,674.37,265.03,409.34
2025-03-16,Webcam HD,Electronics,Central,Divya Nair,14,70.33,984.62,409.18,575.44
2025-03-16,Power Bank 20000mAh,Accessories,East,Sneha Joshi,2,43.16,86.32,30.88,55.44
2025-03-16,Filing Cabinet,Furniture,South,Priya Sharma,16,128.98,2063.68,1101.59,962.09
2025-03-16,Power Bank 20000mAh,Accessories,South,Vikram Singh,27,37.11,1001.97,449.27,552.7
2025-03-17,Cable Organizer,Accessories,South,Neha Patel,18,10.35,186.3,52.75,133.55
2025-03-17,Stapler Heavy Duty,Office Supplies,West,Amit Kumar,13,20.02,260.26,90.01,170.25
2025-03-17,Phone Stand,Accessories,East,Amit Kumar,9,20.57,185.13,51.76,133.37
2025-03-17,Desk Lamp LED,Furniture,West,Rohan Gupta,37,42.76,1582.12,575.64,1006.48
2025-03-17,Wireless Mouse,Electronics,Central,Arjun Mehta,4,32.95,131.8,50.21,81.59
2025-03-17,Bookshelf Oak,Furniture,North,Amit Kumar,14,169.79,2377.06,1388.36,988.7
2025-03-17,Laptop Air 13,Electronics,South,Divya Nair,4,767.03,3068.12,2183.15,884.97
2025-03-17,Monitor 27 inch,Electronics,North,Vikram Singh,2,329.34,658.68,408.19,250.49
2025-03-18,Bookshelf Oak,Furniture,Central,Rohan Gupta,11,165.14,1816.54,1028.46,788.08
2025-03-18,Mechanical Keyboard,Electronics,West,Neha Patel,7,92.73,649.11,288.07,361.04
2025-03-18,Laptop Bag,Accessories,East,Rohan Gupta,2,63.51,127.02,50.52,76.5
2025-03-18,Cable Organizer,Accessories,East,Neha Patel,47,10.28,483.16,137.79,345.37
2025-03-19,Laptop Bag,Accessories,South,Karthik Iyer,11,62.84,691.24,264.14,427.1
2025-03-20,Standing Desk,Furniture,South,Neha Patel,4,471.33,1885.32,973.49,911.83
2025-03-20,Laptop Bag,Accessories,South,Divya Nair,14,64.87,908.18,347.97,560.21
2025-03-20,USB-C Hub,Electronics,South,Karthik Iyer,7,53.22,372.54,159.86,212.68
2025-03-20,Screen Protector,Accessories,North,Neha Patel,32,15.08,482.56,97.22,385.34
2025-03-21,Laptop Bag,Accessories,West,Vikram Singh,2,63.34,126.68,47.88,78.8
2025-03-21,Stapler Heavy Duty,Office Supplies,North,Divya Nair,48,19.84,952.32,337.85,614.47
2025-03-22,Standing Desk,Furniture,West,Vikram Singh,6,430.21,2581.26,1458.31,1122.95
2025-03-22,Filing Cabinet,Furniture,Central,Vikram Singh,4,137.09,548.36,271.77,276.59
2025-03-22,Pen Set Premium,Office Supplies,South,Vikram Singh,14,24.36,341.04,117.51,223.53
2025-03-22,Bookshelf Oak,Furniture,Central,Sneha Joshi,7,167.27,1170.89,647.11,523.78
2025-03-23,Notebook A4 Pack,Office Supplies,West,Vikram Singh,39,13.34,520.26,159.02,361.24
2025-03-24,Headphones Wireless,Electronics,North,Rohan Gupta,12,145.28,1743.36,923.06,820.3
2025-03-24,Whiteboard Markers,Office Supplies,West,Karthik Iyer,16,15.63,250.08,82.4,167.68
2025-03-25,Laptop Bag,Accessories,West,Karthik Iyer,14,56.37,789.18,353.22,435.96
2025-03-25,Mechanical Keyboard,Electronics,West,Vikram Singh,6,89.58,537.48,245.26,292.22
2025-03-25,Laptop Bag,Accessories,South,Priya Sharma,14,57.23,801.22,340.75,460.47
2025-03-25,Laptop Pro 15,Electronics,West,Rohan Gupta,2,961.49,1922.98,1287.37,635.61
2025-03-25,Stapler Heavy Duty,Office Supplies,South,Rohan Gupta,27,21.95,592.65,190.04,402.61
2025-03-25,Laptop Pro 15,Electronics,East,Vikram Singh,4,874.42,3497.68,2700.08,797.6
2025-03-25,Headphones Wireless,Electronics,North,Amit Kumar,3,146.23,438.69,218.63,220.06
2025-03-25,Whiteboard Markers,Office Supplies,Central,Amit Kumar,28,15.43,432.04,133.34,298.7
2025-03-26,Phone Stand,Accessories,North,Sneha Joshi,37,20.03,741.11,212.13,528.98
2025-03-26,Mechanical Keyboard,Electronics,Central,Rohan Gupta,1,94.14,94.14,42.32,51.82
2025-03-26,Stapler Heavy Duty,Office Supplies,West,Rohan Gupta,34,18.36,624.24,249.11,375.13
2025-03-26,Headphones Wireless,Electronics,Central,Neha Patel,14,157.17,2200.38,1015.48,1184.9
2025-03-26,Power Bank 20000mAh,Accessories,West,Divya Nair,17,40.72,692.24,270.66,421.58
2025-03-26,Notebook A4 Pack,Office Supplies,North,Ananya Reddy,18,14.23,256.14,69.39,186.75
2025-03-26,Monitor 27 inch,Electronics,South,Divya Nair,1,361.28,361.28,203.02,158.26
2025-03-26,Office Chair Ergonomic,Furniture,West,Ananya Reddy,6,272.72,1636.32,991.18,645.14
2025-03-26,Power Bank 20000mAh,Accessories,Central,Arjun Mehta,21,41.42,869.82,333.01,536.81
2025-03-27,USB-C Hub,Electronics,North,Amit Kumar,34,49.77,1692.18,751.05,941.13
2025-03-27,Desk Organizer,Office Supplies,North,Rohan Gupta,21,34.4,722.4,291.62,430.78
2025-03-27,Tablet 10 inch,Electronics,North,Divya Nair,6,518.08,3108.48,1870.45,1238.03
2025-03-27,Laptop Bag,Accessories,Central,Karthik Iyer,4,55.7,222.8,100.84,121.96
2025-03-28,Notebook A4 Pack,Office Supplies,Central,Arjun Mehta,13,13.02,169.26,54.2,115.06
2025-03-28,Monitor 27 inch,Electronics,Central,Ananya Reddy,1,321.46,321.46,203.68,117.78
2025-03-28,Laptop Pro 15,Electronics,North,Karthik Iyer,6,887.12,5322.72,4061.46,1261.26
2025-03-28,Wireless Mouse,Electronics,Central,Karthik Iyer,47,30.44,1430.68,547.69,882.99
2025-03-29,USB-C Hub,Electronics,Central,Sneha Joshi,27,53.93,1456.11,609.58,846.53
2025-03-29,Stapler Heavy Duty,Office Supplies,South,Amit Kumar,22,19.63,431.86,154.71,277.15
2025-03-29,Laptop Pro 15,Electronics,West,Neha Patel,4,876.56,3506.24,2616.42,889.82
2025-03-29,Desk Organizer,Office Supplies,East,Priya Sharma,32,36.89,1180.48,437.41,743.07
2025-03-30,Headphones Wireless,Electronics,South,Arjun Mehta,12,159.36,1912.32,902.18,1010.14
2025-03-30,Monitor 27 inch,Electronics,South,Priya Sharma,4,361.02,1444.08,848.92,595.16
2025-03-30,Cable Organizer,Accessories,North,Amit Kumar,17,10.42,177.14,53.37,123.77
2025-03-30,Laptop Air 13,Electronics,South,Ananya Reddy,1,680.47,680.47,565.65,114.82
2025-03-30,Mechanical Keyboard,Electronics,South,Karthik Iyer,13,95.11,1236.43,539.1,697.33
2025-03-31,Wireless Mouse,Electronics,North,Karthik Iyer,29,27.71,803.59,331.64,471.95
2025-03-31,Filing Cabinet,Furniture,North,Divya Nair,16,138.39,2214.24,1125.87,1088.37
2025-04-01,Pen Set Premium,Office Supplies,Central,Amit Kumar,40,26.37,1054.8,332.31,722.49
2025-04-01,Notebook A4 Pack,Office Supplies,West,Arjun Mehta,37,12.41,459.17,142.34,316.83
2025-04-02,Cable Organizer,Accessories,North,Vikram Singh,29,9.82,284.78,85.61,199.17
2025-04-02,Pen Set Premium,Office Supplies,East,Karthik Iyer,1,22.7,22.7,8.34,14.36
2025-04-03,Screen Protector,Accessories,South,Neha Patel,26,14.55,378.3,76.19,302.11
2025-04-03,Laptop Air 13,Electronics,East,Sneha Joshi,2,761.56,1523.12,1073.72,449.4
2025-04-03,Laptop Bag,Accessories,Central,Karthik Iyer,17,58.72,998.24,435.38,562.86
2025-04-03,Wireless Mouse,Electronics,East,Neha Patel,26,27.94,726.44,305.99,420.45
2025-04-03,Pen Set Premium,Office Supplies,South,Amit Kumar,1,25.42,25.42,7.84,17.58
2025-04-03,Laptop Bag,Accessories,East,Arjun Mehta,3,63.58,190.74,72.25,118.49
2025-04-05,Stapler Heavy Duty,Office Supplies,West,Priya Sharma,43,21.52,925.36,287.49,637.87
2025-04-05,Webcam HD,Electronics,East,Karthik Iyer,18,66.48,1196.64,545.55,651.09
2025-04-05,Laptop Bag,Accessories,East,Ananya Reddy,9,58.08,522.72,221.47,301.25
2025-04-06,Power Bank 20000mAh,Accessories,East,Vikram Singh,3,38.81,116.43,47.23,69.2
2025-04-06,Laptop Air 13,Electronics,South,Priya Sharma,6,731.41,4388.46,3129.11,1259.35
2025-04-06,Headphones Wireless,Electronics,East,Karthik Iyer,7,159.22,1114.54,530.42,584.12
2025-04-06,Headphones Wireless,Electronics,Central,Divya Nair,4,155.2,620.8,293.54,327.26
2025-04-06,Wireless Mouse,Electronics,West,Divya Nair,13,27.17,353.21,153.9,199.31
2025-04-06,Pen Set Premium,Office Supplies,North,Sneha Joshi,16,25.43,406.88,129.73,277.15
2025-04-06,Stapler Heavy Duty,Office Supplies,South,Amit Kumar,22,19.32,425.04,159.88,265.16
2025-04-06,Monitor 27 inch,Electronics,North,Amit Kumar,6,322.02,1932.12,1279.43,652.69
2025-04-06,Screen Protector,Accessories,East,Karthik Iyer,34,14.81,503.54,104.2,399.34
2025-04-06,Pen Set Premium,Office Supplies,South,Ananya Reddy,9,27.09,243.81,73.47,170.34
2025-04-07,Filing Cabinet,Furniture,West,Divya Nair,6,138.64,831.84,414.21,417.63
2025-04-08,Cable Organizer,Accessories,South,Divya Nair,40,9.52,380.8,122.69,258.11
2025-04-08,Filing Cabinet,Furniture,East,Rohan Gupta,4,132.76,531.04,271.45,259.59
2025-04-08,Laptop Air 13,Electronics,South,Karthik Iyer,1,818.27,818.27,564.77,253.5
2025-04-08,Stapler Heavy Duty,Office Supplies,North,Ananya Reddy,7,20.32,142.24,48.35,93.89
2025-04-08,Mechanical Keyboard,Electronics,North,Karthik Iyer,2,84.34,168.68,80.77,87.91
2025-04-09,Stapler Heavy Duty,Office Supplies,North,Priya Sharma,18,21.86,393.48,121.19,272.29
2025-04-09,Bookshelf Oak,Furniture,East,Neha Patel,9,179.83,1618.47,849.48,768.99
2025-04-09,Office Chair Ergonomic,Furniture,South,Karthik Iyer,11,293.01,3223.11,1680.14,1542.97
2025-04-09,Mechanical Keyboard,Electronics,West,Vikram Singh,6,96.48,578.88,262.94,315.94
2025-04-10,Headphones Wireless,Electronics,Central,Ananya Reddy,18,152.33,2741.94,1372.91,1369.03
2025-04-10,Laptop Pro 15,Electronics,East,Karthik Iyer,1,887.06,887.06,681.98,205.08
2025-04-10,Laptop Pro 15,Electronics,Central,Divya Nair,2,884.95,1769.9,1244.99,524.91
2025-04-10,Phone Stand,Accessories,North,Neha Patel,18,21.57,388.26,107.48,280.78
2025-04-10,Stapler Heavy Duty,Office Supplies,South,Sneha Joshi,9,18.4,165.6,60.73,104.87
2025-04-10,Whiteboard Markers,Office Supplies,West,Sneha Joshi,43,14.82,637.26,210.67,426.59
2025-04-10,Cable Organizer,Accessories,West,Priya Sharma,48,9.94,477.12,143.78,333.34
2025-04-10,Office Chair Ergonomic,Furniture,East,Divya Nair,11,276.36,3039.96,1728.93,1311.03
2025-04-11,Headphones Wireless,Electronics,West,Rohan Gupta,3,150.27,450.81,218.93,231.88
2025-04-11,USB-C Hub,Electronics,Central,Divya Nair,29,53.07,1539.03,667.26,871.77
2025-04-11,Webcam HD,Electronics,East,Rohan Gupta,12,63.46,761.52,357.71,403.81
2025-04-12,Pen Set Premium,Office Supplies,Central,Karthik Iyer,29,23.59,684.11,243.54,440.57
2025-04-12,Mechanical Keyboard,Electronics,South,Priya Sharma,3,89.08,267.24,123.66,143.58
2025-04-12,Tablet 10 inch,Electronics,West,Priya Sharma,1,452.94,452.94,317.22,135.72
2025-04-12,Printer Paper Ream,Office Supplies,South,Priya Sharma,7,10.94,76.58,25.63,50.95
2025-04-12,Wireless Mouse,Electronics,North,Neha Patel,43,27.74,1192.82,519.79,673.03
2025-04-12,Stapler Heavy Duty,Office Supplies,Central,Vikram Singh,28,19.38,542.64,203.39,339.25
2025-04-12,Office Chair Ergonomic,Furniture,East,Priya Sharma,2,298.59,597.18,332.86,264.32
2025-04-13,Desk Organizer,Office Supplies,East,Karthik Iyer,48,35.2,1689.6,668.89,1020.71
2025-04-13,Screen Protector,Accessories,Central,Vikram Singh,32,14.73,471.36,95.53,375.83
2025-04-13,Stapler Heavy Duty,Office Supplies,North,Karthik Iyer,12,18.86,226.32,84.92,141.4
2025-04-13,Monitor 27 inch,Electronics,West,Rohan Gupta,2,351.59,703.18,402.72,300.46
2025-04-13,Webcam HD,Electronics,South,Ananya Reddy,2,71.78,143.56,60.94,82.62
2025-04-13,Laptop Air 13,Electronics,West,Divya Nair,4,757.71,3030.84,2234.93,795.91
2025-04-13,Headphones Wireless,Electronics,East,Arjun Mehta,4,156.64,626.56,302.18,324.38
2025-04-13,Pen Set Premium,Office Supplies,West,Karthik Iyer,19,24.25,460.75,147.41,313.34
2025-04-13,Whiteboard Markers,Office Supplies,South,Priya Sharma,26,15.18,394.68,123.81,270.87
2025-04-14,Laptop Air 13,Electronics,North,Ananya Reddy,6,690.91,4145.46,3332.95,812.51
2025-04-14,Office Chair Ergonomic,Furniture,West,Sneha Joshi,13,315.62,4103.06,1977.98,2125.08
2025-04-14,Laptop Pro 15,Electronics,North,Priya Sharma,1,905.8,905.8,653.52,252.28
2025-04-15,Office Chair Ergonomic,Furniture,West,Amit Kumar,16,300.26,4804.16,2675.04,2129.12
2025-04-15,Power Bank 20000mAh,Accessories,North,Neha Patel,39,40.45,1577.55,621.37,956.18
2025-04-15,USB-C Hub,Electronics,South,Karthik Iyer,35,45.75,1601.25,749.14,852.11
2025-04-16,Bookshelf Oak,Furniture,North,Divya Nair,1,187.63,187.63,93.65,93.98
2025-04-16,Tablet 10 inch,Electronics,South,Arjun Mehta,4,478.07,1912.28,1289.91,622.37
2025-04-16,Filing Cabinet,Furniture,North,Amit Kumar,7,121.79,852.53,483.25,369.28
2025-04-16,Tablet 10 inch,Electronics,Central,Sneha Joshi,2,475.31,950.62,634.16,316.46
2025-04-17,Mechanical Keyboard,Electronics,East,Ananya Reddy,17,89.23,1516.91,690.62,826.29
2025-04-17,Whiteboard Markers,Office Supplies,West,Karthik Iyer,13,14.04,182.52,61.9,120.62
2025-04-17,Power Bank 20000mAh,Accessories,Central,Sneha Joshi,12,41.94,503.28,201.27,302.01
2025-04-17,Laptop Bag,Accessories,North,Rohan Gupta,6,59.4,356.4,150.03,206.37
2025-04-18,Power Bank 20000mAh,Accessories,Central,Neha Patel,38,37.66,1431.08,632.75,798.33
2025-04-18,Power Bank 20000mAh,Accessories,Central,Amit Kumar,14,41.12,575.68,229.36,346.32
2025-04-18,Monitor 27 inch,Electronics,East,Sneha Joshi,1,336.04,336.04,200.2,135.84
2025-04-18,Tablet 10 inch,Electronics,East,Vikram Singh,6,483.29,2899.74,1909.44,990.3
2025-04-19,Headphones Wireless,Electronics,North,Priya Sharma,12,168.93,2027.16,925.72,1101.44
2025-04-19,Standing Desk,Furniture,North,Neha Patel,3,449.39,1348.17,716.12,632.05
2025-04-19,Notebook A4 Pack,Office Supplies,South,Divya Nair,24,13.73,329.52,95.28,234.24
2025-04-19,Laptop Pro 15,Electronics,North,Sneha Joshi,1,894.45,894.45,640.97,253.48
2025-04-19,Tablet 10 inch,Electronics,Central,Divya Nair,3,507.53,1522.59,932.5,590.09
2025-04-19,Filing Cabinet,Furniture,West,Ananya Reddy,9,135.33,1217.97,632.86,585.11
2025-04-19,Whiteboard Markers,Office Supplies,East,Karthik Iyer,43,14.29,614.47,223.39,391.08
2025-04-20,Office Chair Ergonomic,Furniture,North,Priya Sharma,14,307.86,4310.04,2179.28,2130.76
2025-04-20,Pen Set Premium,Office Supplies,East,Divya Nair,49,22.79,1116.71,410.04,706.67
2025-04-20,Screen Protector,Accessories,Central,Vikram Singh,28,16.48,461.44,83.86,377.58
2025-04-20,Bookshelf Oak,Furniture,North,Arjun Mehta,1,169.14,169.14,97.59,71.55
2025-04-20,Headphones Wireless,Electronics,South,Arjun Mehta,2,175.45,350.9,148.53,202.37
2025-04-21,Notebook A4 Pack,Office Supplies,Central,Priya Sharma,32,13.95,446.4,131.15,315.25
2025-04-21,Standing Desk,Furniture,West,Priya Sharma,6,460.38,2762.28,1457.15,1305.13
2025-04-21,Monitor 27 inch,Electronics,West,Priya Sharma,1,318.85,318.85,208.69,110.16
2025-04-22,Cable Organizer,Accessories,Central,Divya Nair,23,10.95,251.85,71.3,180.55
2025-04-22,Whiteboard Markers,Office Supplies,East,Divya Nair,19,14.17,269.23,90.46,178.77
2025-04-22,Desk Lamp LED,Furniture,Central,Sneha Joshi,32,42.26,1352.32,481.4,870.92
2025-04-22,Printer Paper Ream,Office Supplies,Central,Karthik Iyer,3,10.55,31.65,10.09,21.56
2025-04-22,Desk Organizer,Office Supplies,West,Ananya Reddy,8,34.0,272.0,113.32,158.68
2025-04-22,Webcam HD,Electronics,North,Priya Sharma,2,73.22,146.44,57.9,88.54
2025-04-22,Headphones Wireless,Electronics,West,Sneha Joshi,16,151.27,2420.32,1194.64,1225.68
2025-04-22,Wireless Mouse,Electronics,West,Divya Nair,44,28.13,1237.72,539.48,698.24
2025-04-22,USB-C Hub,Electronics,North,Neha Patel,13,49.69,645.97,277.66,368.31
2025-04-23,Laptop Bag,Accessories,East,Arjun Mehta,18,56.76,1021.68,461.29,560.39
2025-04-23,Filing Cabinet,Furniture,West,Ananya Reddy,16,119.4,1910.4,1123.68,786.72
2025-04-23,Phone Stand,Accessories,Central,Divya Nair,4,19.56,78.24,25.15,53.09
2025-04-23,Stapler Heavy Duty,Office Supplies,South,Rohan Gupta,9,20.21,181.89,64.35,117.54
2025-04-23,Power Bank 20000mAh,Accessories,Central,Vikram Singh,33,36.53,1205.49,529.02,676.47
2025-04-23,Monitor 27 inch,Electronics,East,Vikram Singh,6,347.81,2086.86,1284.43,802.43
2025-04-23,Laptop Air 13,Electronics,Central,Arjun Mehta,6,762.91,4577.46,3256.38,1321.08
2025-04-23,Headphones Wireless,Electronics,South,Rohan Gupta,8,170.92,1367.36,579.65,787.71
2025-04-24,Pen Set Premium,Office Supplies,South,Divya Nair,19,25.23,479.37,159.2,320.17
2025-04-24,Standing Desk,Furniture,South,Divya Nair,4,455.36,1821.44,1000.47,820.97
2025-04-24,Notebook A4 Pack,Office Supplies,North,Arjun Mehta,31,13.79,427.49,125.18,302.31
2025-04-25,Wireless Mouse,Electronics,North,Priya Sharma,39,30.56,1191.84,473.41,718.43
2025-04-25,Phone Stand,Accessories,South,Neha Patel,9,18.52,166.68,51.51,115.17
2025-04-25,Notebook A4 Pack,Office Supplies,South,Divya Nair,2,12.43,24.86,8.11,16.75
2025-04-26,Laptop Pro 15,Electronics,East,Divya Nair,6,835.57,5013.42,4074.86,938.56
2025-04-26,Webcam HD,Electronics,East,Ananya Reddy,14,68.32,956.48,432.22,524.26
2025-04-26,Standing Desk,Furniture,Central,Sneha Joshi,1,452.04,452.04,237.88,214.16
2025-04-27,Monitor 27 inch,Electronics,West,Vikram Singh,3,315.17,945.51,649.58,295.93
2025-04-28,Standing Desk,Furniture,East,Neha Patel,1,430.09,430.09,248.77,181.32
2025-04-28,Desk Organizer,Office Supplies,Central,Sneha Joshi,1,32.2,32.2,13.71,18.49
2025-04-29,Office Chair Ergonomic,Furniture,West,Karthik Iyer,2,317.55,635.1,324.59,310.51
2025-04-29,Office Chair Ergonomic,Furniture,Central,Karthik Iyer,11,296.27,3258.97,1760.29,1498.68
2025-04-29,Stapler Heavy Duty,Office Supplies,East,Divya Nair,16,19.39,310.24,115.82,194.42
2025-04-30,Desk Lamp LED,Furniture,West,Sneha Joshi,11,37.64,414.04,167.31,246.73
2025-04-30,Headphones Wireless,Electronics,East,Sneha Joshi,8,154.24,1233.92,580.6,653.32
2025-04-30,Desk Lamp LED,Furniture,Central,Amit Kumar,6,42.64,255.84,88.06,167.78
2025-04-30,Notebook A4 Pack,Office Supplies,South,Vikram Singh,28,13.84,387.52,113.25,274.27
2025-04-30,Power Bank 20000mAh,Accessories,Central,Karthik Iyer,24,37.33,895.92,366.58,529.34
2025-05-01,Laptop Air 13,Electronics,West,Divya Nair,1,711.7,711.7,515.39,196.31
2025-05-01,Desk Organizer,Office Supplies,Central,Arjun Mehta,42,32.26,1354.92,585.47,769.45
2025-05-01,Laptop Bag,Accessories,South,Divya Nair,13,55.45,720.85,339.88,380.97
2025-05-01,Filing Cabinet,Furniture,West,Divya Nair,1,129.69,129.69,68.23,61.46
2025-05-02,Wireless Mouse,Electronics,East,Sneha Joshi,3,27.61,82.83,36.96,45.87
2025-05-02,Desk Organizer,Office Supplies,Central,Neha Patel,35,34.46,1206.1,495.44,710.66
2025-05-02,Screen Protector,Accessories,South,Amit Kumar,35,15.17,530.95,109.08,421.87
2025-05-02,USB-C Hub,Electronics,West,Priya Sharma,27,51.95,1402.65,619.84,782.81
2025-05-02,USB-C Hub,Electronics,North,Divya Nair,23,53.17,1222.91,484.23,738.68
2025-05-03,Headphones Wireless,Electronics,Central,Vikram Singh,9,167.97,1511.73,665.56,846.17
2025-05-03,Laptop Air 13,Electronics,South,Vikram Singh,1,810.61,810.61,554.94,255.67
2025-05-03,Headphones Wireless,Electronics,South,Priya Sharma,11,158.18,1739.98,793.15,946.83
2025-05-04,Printer Paper Ream,Office Supplies,West,Ananya Reddy,28,9.5,266.0,97.38,168.62
2025-05-04,Wireless Mouse,Electronics,Central,Ananya Reddy,18,31.64,569.52,226.71,342.81
2025-05-05,Stapler Heavy Duty,Office Supplies,North,Rohan Gupta,42,20.9,877.8,279.91,597.89
2025-05-05,Laptop Air 13,Electronics,North,Neha Patel,4,694.15,2776.6,2091.92,684.68
2025-05-05,Laptop Air 13,Electronics,North,Arjun Mehta,4,762.91,3051.64,2099.4,952.24
2025-05-06,USB-C Hub,Electronics,East,Priya Sharma,19,46.57,884.83,400.92,483.91
2025-05-06,Cable Organizer,Accessories,West,Ananya Reddy,39,10.28,400.92,111.87,289.05
2025-05-06,Desk Lamp LED,Furniture,North,Priya Sharma,14,40.02,560.28,214.21,346.07
2025-05-06,Filing Cabinet,Furniture,South,Arjun Mehta,18,142.16,2558.88,1242.04,1316.84
2025-05-06,Monitor 27 inch,Electronics,North,Priya Sharma,6,363.94,2183.64,1208.67,974.97
2025-05-06,Printer Paper Ream,Office Supplies,East,Ananya Reddy,35,10.63,372.05,125.5,246.55
2025-05-07,Office Chair Ergonomic,Furniture,North,Amit Kumar,7,281.3,1969.1,1162.8,806.3
2025-05-07,Screen Protector,Accessories,Central,Neha Patel,45,15.75,708.75,130.0,578.75
2025-05-07,Cable Organizer,Accessories,North,Amit Kumar,16,10.53,168.48,49.08,119.4
2025-05-07,Screen Protector,Accessories,East,Amit Kumar,3,14.56,43.68,9.24,34.44
2025-05-07,Wireless Mouse,Electronics,South,Sneha Joshi,1,32.05,32.05,11.79,20.26
2025-05-07,Whiteboard Markers,Office Supplies,South,Rohan Gupta,32,16.12,515.84,161.51,354.33
2025-05-08,Power Bank 20000mAh,Accessories,East,Divya Nair,21,36.48,766.08,335.1,430.98
2025-05-08,Whiteboard Markers,Office Supplies,East,Vikram Singh,24,13.58,325.92,123.77,202.15
2025-05-08,Whiteboard Markers,Office Supplies,North,Neha Patel,31,14.49,449.19,157.12,292.07
2025-05-08,Office Chair Ergonomic,Furniture,Central,Karthik Iyer,7,280.23,1961.61,1158.99,802.62
2025-05-08,Headphones Wireless,Electronics,North,Vikram Singh,8,174.03,1392.24,621.46,770.78
2025-05-08,Notebook A4 Pack,Office Supplies,East,Ananya Reddy,37,12.5,462.5,154.39,308.11
2025-05-09,Standing Desk,Furniture,West,Ananya Reddy,2,457.65,915.3,500.52,414.78
2025-05-09,Laptop Air 13,Electronics,West,Sneha Joshi,2,760.89,1521.78,1048.07,473.71
2025-05-09,Standing Desk,Furniture,East,Karthik Iyer,3,434.98,1304.94,728.74,576.2
2025-05-09,Standing Desk,Furniture,East,Vikram Singh,1,442.52,442.52,254.61,187.91
2025-05-10,Wireless Mouse,Electronics,West,Priya Sharma,38,28.78,1093.64,472.65,620.99
2025-05-10,Wireless Mouse,Electronics,West,Karthik Iyer,1,31.77,31.77,12.1,19.67
2025-05-11,Desk Organizer,Office Supplies,South,Priya Sharma,42,32.58,1368.36,575.99,792.37
2025-05-11,Laptop Air 13,Electronics,East,Ananya Reddy,4,761.81,3047.24,2080.69,966.55
2025-05-12,Laptop Bag,Accessories,Central,Arjun Mehta,9,58.6,527.4,231.64,295.76
2025-05-12,USB-C Hub,Electronics,North,Amit Kumar,29,54.16,1570.64,623.96,946.68
2025-05-12,Screen Protector,Accessories,South,Amit Kumar,28,14.72,412.16,86.01,326.15
2025-05-12,Screen Protector,Accessories,South,Rohan Gupta,11,14.92,164.12,34.12,130.0
2025-05-13,Notebook A4 Pack,Office Supplies,East,Vikram Singh,2,13.39,26.78,8.4,18.38
2025-05-13,Screen Protector,Accessories,East,Divya Nair,45,16.38,737.1,136.57,600.53
2025-05-13,Laptop Pro 15,Electronics,North,Priya Sharma,6,942.49,5654.94,3836.97,1817.97
2025-05-13,Notebook A4 Pack,Office Supplies,West,Neha Patel,18,11.95,215.1,68.99,146.11
2025-05-13,Wireless Mouse,Electronics,West,Vikram Singh,8,29.9,239.2,100.33,138.87
2025-05-13,Desk Lamp LED,Furniture,North,Sneha Joshi,47,43.97,2066.59,726.99,1339.6
2025-05-13,Notebook A4 Pack,Office Supplies,East,Karthik Iyer,2,14.2,28.4,7.96,20.44
2025-05-14,Pen Set Premium,Office Supplies,North,Karthik Iyer,29,25.56,741.24,230.47,510.77
2025-05-14,USB-C Hub,Electronics,South,Arjun Mehta,24,45.86,1100.64,526.1,574.54
2025-05-14,Screen Protector,Accessories,South,Ananya Reddy,44,16.13,709.72,126.28,583.44
2025-05-14,Pen Set Premium,Office Supplies,North,Vikram Singh,47,23.59,1108.73,387.76,720.97
2025-05-14,Filing Cabinet,Furniture,South,Arjun Mehta,2,127.15,254.3,144.99,109.31
2025-05-15,Monitor 27 inch,Electronics,East,Arjun Mehta,4,340.17,1360.68,843.5,517.18
2025-05-16,Laptop Pro 15,Electronics,South,Rohan Gupta,6,954.9,5729.4,3824.13,1905.27
2025-05-17,Office Chair Ergonomic,Furniture,North,Amit Kumar,9,270.03,2430.27,1500.18,930.09
2025-05-17,Power Bank 20000mAh,Accessories,West,Rohan Gupta,49,42.49,2082.01,793.15,1288.86
2025-05-17,Mechanical Keyboard,Electronics,North,Divya Nair,18,96.9,1744.2,780.0,964.2
2025-05-17,Headphones Wireless,Electronics,Central,Ananya Reddy,2,156.15,312.3,151.87,160.43
2025-05-17,Cable Organizer,Accessories,South,Vikram Singh,35,10.29,360.15,106.84,253.31
2025-05-18,Screen Protector,Accessories,Central,Rohan Gupta,44,16.07,707.08,134.8,572.28
2025-05-18,Screen Protector,Accessories,West,Vikram Singh,23,15.66,360.18,68.24,291.94
2025-05-18,Phone Stand,Accessories,South,Rohan Gupta,11,20.41,224.51,65.86,158.65
2025-05-18,Filing Cabinet,Furniture,South,Amit Kumar,3,134.08,402.24,211.28,190.96
2025-05-18,Bookshelf Oak,Furniture,East,Divya Nair,16,184.31,2948.96,1566.94,1382.02
2025-05-18,Laptop Air 13,Electronics,Central,Amit Kumar,6,781.7,4690.2,3265.4,1424.8
2025-05-18,Printer Paper Ream,Office Supplies,West,Arjun Mehta,39,10.59,413.01,135.49,277.52
2025-05-19,Power Bank 20000mAh,Accessories,East,Priya Sharma,35,39.11,1368.85,542.82,826.03
2025-05-19,Notebook A4 Pack,Office Supplies,East,Rohan Gupta,33,13.74,453.42,127.59,325.83
2025-05-20,Tablet 10 inch,Electronics,East,Neha Patel,4,533.66,2134.64,1297.44,837.2
2025-05-20,Power Bank 20000mAh,Accessories,Central,Neha Patel,17,38.56,655.52,273.44,382.08
2025-05-20,Office Chair Ergonomic,Furniture,North,Sneha Joshi,12,293.99,3527.88,1951.0,1576.88
2025-05-20,Wireless Mouse,Electronics,Central,Rohan Gupta,28,29.74,832.72,347.38,485.34
2025-05-21,Printer Paper Ream,Office Supplies,Central,Ananya Reddy,38,10.41,395.58,137.58,258.0
2025-05-22,Laptop Pro 15,Electronics,Central,Vikram Singh,4,839.8,3359.2,2490.04,869.16
2025-05-22,Standing Desk,Furniture,North,Karthik Iyer,6,406.6,2439.6,1484.24,955.36
2025-05-22,Stapler Heavy Duty,Office Supplies,South,Sneha Joshi,9,19.1,171.9,60.09,111.81
2025-05-22,Webcam HD,Electronics,West,Arjun Mehta,8,66.09,528.72,231.03,297.69
2025-05-22,Cable Organizer,Accessories,South,Divya Nair,33,9.0,297.0,94.89,202.11
2025-05-23,Laptop Pro 15,Electronics,South,Ananya Reddy,3,878.22,2634.66,1874.96,759.7
2025-05-23,Desk Lamp LED,Furniture,East,Ananya Reddy,18,40.1,721.8,259.86,461.94
2025-05-24,Pen Set Premium,Office Supplies,North,Priya Sharma,44,26.09,1147.96,341.97,805.99
2025-05-24,Bookshelf Oak,Furniture,Central,Arjun Mehta,17,193.09,3282.53,1547.37,1735.16
2025-05-24,Phone Stand,Accessories,West,Rohan Gupta,35,21.11,738.85,219.21,519.64
2025-05-24,Headphones Wireless,Electronics,North,Sneha Joshi,9,155.72,1401.48,688.43,713.05
2025-05-24,Tablet 10 inch,Electronics,Central,Vikram Singh,4,483.7,1934.8,1263.74,671.06
2025-05-24,Power Bank 20000mAh,Accessories,South,Sneha Joshi,1,38.16,38.16,15.41,22.75
2025-05-24,Screen Protector,Accessories,Central,Arjun Mehta,26,15.18,394.68,77.84,316.84
2025-05-24,Mechanical Keyboard,Electronics,North,Divya Nair,14,87.95,1231.3,564.93,666.37
2025-05-24,Standing Desk,Furniture,Central,Priya Sharma,3,405.39,1216.17,733.56,482.61
2025-05-25,Filing Cabinet,Furniture,West,Amit Kumar,18,129.23,2326.14,1264.73,1061.41
2025-05-25,Mechanical Keyboard,Electronics,South,Sneha Joshi,18,92.06,1657.08,721.15,935.93
2025-05-25,Laptop Air 13,Electronics,North,Neha Patel,3,757.9,2273.7,1589.1,684.6
2025-05-25,Standing Desk,Furniture,East,Ananya Reddy,3,415.61,1246.83,743.14,503.69
2025-05-25,Laptop Bag,Accessories,North,Divya Nair,6,62.72,376.32,147.29,229.03
2025-05-25,Stapler Heavy Duty,Office Supplies,South,Divya Nair,32,19.37,619.84,221.52,398.32
2025-05-25,Screen Protector,Accessories,South,Sneha Joshi,4,15.67,62.68,11.72,50.96
2025-05-26,Cable Organizer,Accessories,North,Neha Patel,22,9.27,203.94,64.07,139.87
2025-05-26,Laptop Air 13,Electronics,North,Arjun Mehta,2,773.24,1546.48,1126.5,419.98
2025-05-27,Stapler Heavy Duty,Office Supplies,West,Vikram Singh,18,21.31,383.58,127.27,256.31
2025-05-27,Printer Paper Ream,Office Supplies,North,Amit Kumar,18,10.07,181.26,63.37,117.89
2025-05-27,Phone Stand,Accessories,South,Ananya Reddy,32,19.48,623.36,188.86,434.5
2025-05-28,Mechanical Keyboard,Electronics,North,Karthik Iyer,4,84.79,339.16,161.46,177.7
2025-05-28,Stapler Heavy Duty,Office Supplies,North,Amit Kumar,13,21.31,277.03,88.27,188.76
2025-05-28,Bookshelf Oak,Furniture,North,Divya Nair,1,171.25,171.25,91.04,80.21
2025-05-28,Whiteboard Markers,Office Supplies,North,Sneha Joshi,38,14.61,555.18,181.8,373.38
2025-05-28,Bookshelf Oak,Furniture,West,Rohan Gupta,13,191.87,2494.31,1238.55,1255.76
2025-05-29,Office Chair Ergonomic,Furniture,East,Rohan Gupta,12,297.04,3564.48,1867.47,1697.01
2025-05-29,Laptop Pro 15,Electronics,West,Rohan Gupta,4,835.68,3342.72,2630.51,712.21
2025-05-29,Filing Cabinet,Furniture,West,Neha Patel,6,123.46,740.76,430.52,310.24
2025-05-30,Phone Stand,Accessories,South,Divya Nair,42,18.88,792.96,262.98,529.98
2025-05-30,Laptop Pro 15,Electronics,North,Rohan Gupta,6,928.93,5573.58,4031.04,1542.54
2025-05-31,Cable Organizer,Accessories,East,Rohan Gupta,47,9.42,442.74,134.34,308.4
2025-05-31,Cable Organizer,Accessories,East,Priya Sharma,17,9.53,162.01,51.4,110.61
2025-05-31,Printer Paper Ream,Office Supplies,East,Ananya Reddy,37,10.4,384.8,129.8,255.0
2025-06-01,Headphones Wireless,Electronics,North,Arjun Mehta,3,158.48,475.44,234.55,240.89
2025-06-01,Desk Lamp LED,Furniture,South,Vikram Singh,28,42.16,1180.48,424.62,755.86
2025-06-01,Office Chair Ergonomic,Furniture,East,Ananya Reddy,12,316.08,3792.96,1950.86,1842.1
2025-06-02,Tablet 10 inch,Electronics,East,Ananya Reddy,2,539.85,1079.7,592.51,487.19
2025-06-02,USB-C Hub,Electronics,North,Arjun Mehta,23,47.23,1086.29,505.01,581.28
2025-06-02,Mechanical Keyboard,Electronics,East,Rohan Gupta,9,98.4,885.6,370.74,514.86
2025-06-03,Screen Protector,Accessories,North,Ananya Reddy,5,16.34,81.7,15.15,66.55
2025-06-03,Pen Set Premium,Office Supplies,East,Karthik Iyer,27,26.34,711.18,213.99,497.19
2025-06-03,USB-C Hub,Electronics,Central,Neha Patel,11,52.5,577.5,252.83,324.67
2025-06-04,USB-C Hub,Electronics,West,Sneha Joshi,14,53.87,754.18,311.83,442.35
2025-06-04,Monitor 27 inch,Electronics,West,Priya Sharma,1,337.04,337.04,208.48,128.56
2025-06-04,USB-C Hub,Electronics,West,Vikram Singh,12,45.74,548.88,255.63,293.25
2025-06-04,USB-C Hub,Electronics,Central,Neha Patel,28,54.94,1538.32,641.68,896.64
2025-06-05,Whiteboard Markers,Office Supplies,East,Karthik Iyer,42,13.66,573.72,214.15,359.57
2025-06-06,Mechanical Keyboard,Electronics,North,Rohan Gupta,13,91.76,1192.88,559.45,633.43
2025-06-07,Webcam HD,Electronics,West,Arjun Mehta,8,76.49,611.92,242.18,369.74
2025-06-07,Filing Cabinet,Furniture,South,Neha Patel,6,128.37,770.22,435.96,334.26
2025-06-08,Desk Organizer,Office Supplies,Central,Neha Patel,6,35.83,214.98,82.62,132.36
2025-06-08,Wireless Mouse,Electronics,Central,Sneha Joshi,9,28.61,257.49,103.05,154.44
2025-06-08,Desk Organizer,Office Supplies,East,Priya Sharma,41,33.02,1353.82,580.01,773.81
2025-06-08,Phone Stand,Accessories,East,Ananya Reddy,40,21.02,840.8,243.34,597.46
2025-06-09,Bookshelf Oak,Furniture,South,Karthik Iyer,10,188.61,1886.1,930.93,955.17
2025-06-09,Laptop Air 13,Electronics,North,Vikram Singh,5,802.32,4011.6,2795.01,1216.59
2025-06-09,USB-C Hub,Electronics,East,Neha Patel,25,52.12,1303.0,552.91,750.09
2025-06-09,Laptop Air 13,Electronics,South,Rohan Gupta,3,807.06,2421.18,1566.56,854.62
2025-06-10,Filing Cabinet,Furniture,South,Divya Nair,14,121.55,1701.7,961.07,740.63
2025-06-10,Tablet 10 inch,Electronics,South,Priya Sharma,2,488.93,977.86,648.46,329.4
2025-06-11,Screen Protector,Accessories,North,Vikram Singh,26,16.38,425.88,74.14,351.74
2025-06-11,Laptop Pro 15,Electronics,Central,Arjun Mehta,4,876.81,3507.24,2552.01,955.23
2025-06-11,Phone Stand,Accessories,North,Sneha Joshi,17,18.4,312.8,97.64,215.16
2025-06-11,Tablet 10 inch,Electronics,Central,Arjun Mehta,2,502.16,1004.32,604.78,399.54
2025-06-11,Wireless Mouse,Electronics,West,Sneha Joshi,42,30.18,1267.56,498.18,769.38
2025-06-11,Pen Set Premium,Office Supplies,Central,Neha Patel,13,24.18,314.34,105.98,208.36
2025-06-11,Cable Organizer,Accessories,North,Priya Sharma,8,10.51,84.08,23.41,60.67
2025-06-11,Filing Cabinet,Furniture,East,Priya Sharma,8,142.77,1142.16,576.52,565.64
2025-06-12,Pen Set Premium,Office Supplies,West,Karthik Iyer,29,27.32,792.28,229.29,562.99
2025-06-12,Power Bank 20000mAh,Accessories,West,Karthik Iyer,4,39.71,158.84,61.06,97.78
2025-06-12,Mechanical Keyboard,Electronics,North,Karthik Iyer,6,81.45,488.7,262.9,225.8
2025-06-12,Office Chair Ergonomic,Furniture,South,Rohan Gupta,8,271.86,2174.88,1288.15,886.73
2025-06-13,Monitor 27 inch,Electronics,North,Ananya Reddy,2,360.84,721.68,439.98,281.7
2025-06-13,Desk Lamp LED,Furniture,East,Karthik Iyer,13,39.97,519.61,201.77,317.84
2025-06-13,USB-C Hub,Electronics,North,Priya Sharma,10,47.42,474.2,219.92,254.28
2025-06-14,Filing Cabinet,Furniture,East,Neha Patel,6,128.34,770.04,401.43,368.61
2025-06-14,Standing Desk,Furniture,East,Rohan Gupta,3,475.41,1426.23,773.27,652.96
2025-06-14,Bookshelf Oak,Furniture,North,Ananya Reddy,5,167.95,839.75,464.92,374.83
2025-06-14,Headphones Wireless,Electronics,South,Vikram Singh,5,166.3,831.5,357.79,473.71
2025-06-14,Cable Organizer,Accessories,East,Vikram Singh,4,9.55,38.2,11.89,26.31
2025-06-14,Wireless Mouse,Electronics,North,Neha Patel,35,29.0,1015.0,412.04,602.96
2025-06-15,Laptop Pro 15,Electronics,South,Priya Sharma,3,861.58,2584.74,1869.3,715.44
2025-06-15,Laptop Bag,Accessories,South,Priya Sharma,11,62.15,683.65,262.24,421.41
2025-06-16,Webcam HD,Electronics,North,Karthik Iyer,12,70.47,845.64,354.42,491.22
2025-06-16,Laptop Bag,Accessories,North,Divya Nair,4,59.94,239.76,104.18,135.58
2025-06-17,Monitor 27 inch,Electronics,South,Neha Patel,3,319.38,958.14,617.65,340.49
2025-06-17,Tablet 10 inch,Electronics,West,Karthik Iyer,3,483.45,1450.35,908.44,541.91
2025-06-17,Webcam HD,Electronics,East,Vikram Singh,9,76.88,691.92,262.26,429.66
2025-06-18,Office Chair Ergonomic,Furniture,Central,Karthik Iyer,12,307.1,3685.2,1908.55,1776.65
2025-06-18,Laptop Bag,Accessories,Central,Vikram Singh,14,55.26,773.64,348.88,424.76
2025-06-18,Pen Set Premium,Office Supplies,South,Neha Patel,36,26.05,937.8,290.16,647.64
2025-06-19,Printer Paper Ream,Office Supplies,East,Priya Sharma,29,10.68,309.72,98.89,210.83
2025-06-19,USB-C Hub,Electronics,Central,Karthik Iyer,10,46.61,466.1,227.29,238.81
2025-06-19,Phone Stand,Accessories,North,Neha Patel,8,20.61,164.88,46.48,118.4
2025-06-19,Mechanical Keyboard,Electronics,Central,Karthik Iyer,3,92.5,277.5,128.83,148.67
2025-06-19,Bookshelf Oak,Furniture,South,Ananya Reddy,11,163.77,1801.47,1033.46,768.01
2025-06-19,Laptop Air 13,Electronics,West,Arjun Mehta,5,794.26,3971.3,2655.95,1315.35
2025-06-19,Tablet 10 inch,Electronics,South,Amit Kumar,3,521.08,1563.24,909.55,653.69
2025-06-19,Power Bank 20000mAh,Accessories,North,Arjun Mehta,28,43.76,1225.28,466.71,758.57
2025-06-20,Office Chair Ergonomic,Furniture,Central,Karthik Iyer,8,324.5,2596.0,1254.06,1341.94
2025-06-20,Bookshelf Oak,Furniture,North,Arjun Mehta,6,185.19,1111.14,581.48,529.66
2025-06-20,Phone Stand,Accessories,West,Ananya Reddy,27,21.09,569.43,168.17,401.26
2025-06-20,Tablet 10 inch,Electronics,East,Priya Sharma,4,524.46,2097.84,1294.69,803.15
2025-06-20,Headphones Wireless,Electronics,West,Vikram Singh,1,160.92,160.92,75.99,84.93
2025-06-20,Mechanical Keyboard,Electronics,West,Sneha Joshi,4,92.25,369.0,162.67,206.33
2025-06-21,Desk Organizer,Office Supplies,Central,Arjun Mehta,38,35.14,1335.32,545.33,789.99
2025-06-21,Office Chair Ergonomic,Furniture,South,Divya Nair,10,300.19,3001.9,1532.88,1469.02
2025-06-21,Filing Cabinet,Furniture,West,Amit Kumar,14,136.85,1915.9,971.0,944.9
2025-06-21,Tablet 10 inch,Electronics,West,Rohan Gupta,1,505.32,505.32,307.4,197.92
2025-06-21,Whiteboard Markers,Office Supplies,East,Vikram Singh,7,15.16,106.12,36.71,69.41
2025-06-21,Standing Desk,Furniture,Central,Rohan Gupta,4,472.0,1888.0,984.89,903.11
2025-06-22,Desk Organizer,Office Supplies,East,Divya Nair,15,36.02,540.3,212.84,327.46
2025-06-22,Laptop Air 13,Electronics,North,Rohan Gupta,1,720.51,720.51,533.6,186.91
2025-06-22,Laptop Air 13,Electronics,West,Priya Sharma,4,738.92,2955.68,2179.62,776.06
2025-06-22,Tablet 10 inch,Electronics,East,Ananya Reddy,2,509.81,1019.62,634.58,385.04
2025-06-22,Stapler Heavy Duty,Office Supplies,South,Ananya Reddy,7,20.08,140.56,50.46,90.1
2025-06-22,Desk Lamp LED,Furniture,Central,Karthik Iyer,5,39.61,198.05,72.06,125.99
2025-06-22,Tablet 10 inch,Electronics,South,Neha Patel,3,520.05,1560.15,966.43,593.72
2025-06-23,Cable Organizer,Accessories,West,Vikram Singh,16,9.05,144.8,50.15,94.65
2025-06-23,Screen Protector,Accessories,West,Vikram Singh,33,16.38,540.54,100.88,439.66
2025-06-23,Webcam HD,Electronics,Central,Priya Sharma,13,76.77,998.01,395.36,602.65
2025-06-24,Tablet 10 inch,Electronics,North,Ananya Reddy,1,495.4,495.4,304.67,190.73
2025-06-24,Notebook A4 Pack,Office Supplies,South,Divya Nair,36,14.08,506.88,150.9,355.98
2025-06-24,USB-C Hub,Electronics,West,Vikram Singh,34,45.57,1549.38,711.34,838.04
2025-06-25,Desk Lamp LED,Furniture,South,Arjun Mehta,4,43.46,173.84,59.89,113.95
2025-06-25,Printer Paper Ream,Office Supplies,South,Neha Patel,9,10.58,95.22,30.12,65.1
2025-06-25,Laptop Air 13,Electronics,Central,Vikram Singh,3,757.18,2271.54,1691.61,579.93
2025-06-25,Desk Organizer,Office Supplies,Central,Ananya Reddy,42,34.24,1438.08,612.85,825.23
2025-06-25,Printer Paper Ream,Office Supplies,South,Neha Patel,27,10.6,286.2,90.25,195.95
2025-06-25,Tablet 10 inch,Electronics,North,Neha Patel,3,464.43,1393.29,972.29,421.0
2025-06-25,Monitor 27 inch,Electronics,East,Ananya Reddy,1,324.2,324.2,204.38,119.82
2025-06-25,Laptop Pro 15,Electronics,South,Vikram Singh,2,812.47,1624.94,1356.67,268.27
2025-06-26,Pen Set Premium,Office Supplies,West,Arjun Mehta,7,25.26,176.82,58.53,118.29
2025-06-26,Standing Desk,Furniture,Central,Sneha Joshi,1,472.04,472.04,253.89,218.15
2025-06-26,Printer Paper Ream,Office Supplies,North,Priya Sharma,2,10.92,21.84,6.8,15.04
2025-06-27,Standing Desk,Furniture,North,Ananya Reddy,3,421.45,1264.35,742.56,521.79
2025-06-27,Laptop Air 13,Electronics,North,Neha Patel,3,732.38,2197.14,1608.92,588.22
2025-06-27,Headphones Wireless,Electronics,North,Arjun Mehta,11,166.95,1836.45,830.86,1005.59
2025-06-27,Whiteboard Markers,Office Supplies,Central,Ananya Reddy,11,15.57,171.27,54.94,116.33
2025-06-27,Desk Lamp LED,Furniture,West,Vikram Singh,30,37.41,1122.3,446.82,675.48
2025-06-28,Pen Set Premium,Office Supplies,North,Amit Kumar,17,23.79,404.43,138.04,266.39
2025-06-28,Wireless Mouse,Electronics,South,Amit Kumar,15,27.74,416.1,171.07,245.03
2025-06-28,Stapler Heavy Duty,Office Supplies,West,Sneha Joshi,10,19.73,197.3,73.32,123.98
2025-06-28,Notebook A4 Pack,Office Supplies,West,Neha Patel,15,11.75,176.25,60.6,115.65
2025-06-28,Monitor 27 inch,Electronics,Central,Neha Patel,2,379.42,758.84,425.36,333.48
2025-06-29,Printer Paper Ream,Office Supplies,North,Priya Sharma,33,10.18,335.94,109.91,226.03
2025-06-29,Power Bank 20000mAh,Accessories,South,Arjun Mehta,26,40.65,1056.9,422.8,634.1
2025-06-29,Mechanical Keyboard,Electronics,Central,Karthik Iyer,7,84.59,592.13,289.68,302.45
2025-06-29,Desk Lamp LED,Furniture,East,Amit Kumar,25,40.08,1002.0,362.24,639.76
2025-06-29,Mechanical Keyboard,Electronics,East,Neha Patel,9,95.86,862.74,392.11,470.63
2025-06-29,Laptop Bag,Accessories,East,Amit Kumar,5,56.58,282.9,121.69,161.21
2025-06-30,Headphones Wireless,Electronics,Central,Karthik Iyer,2,157.25,314.5,144.72,169.78
2025-06-30,Pen Set Premium,Office Supplies,North,Priya Sharma,10,26.9,269.0,77.05,191.95
2025-06-30,Mechanical Keyboard,Electronics,Central,Divya Nair,2,97.66,195.32,80.75,114.57
2025-06-30,Desk Organizer,Office Supplies,West,Vikram Singh,10,31.96,319.6,133.77,185.83
2025-06-30,Phone Stand,Accessories,Central,Priya Sharma,9,21.78,196.02,55.92,140.1
2025-06-30,Pen Set Premium,Office Supplies,South,Sneha Joshi,29,25.22,731.38,222.42,508.96
2025-06-30,Filing Cabinet,Furniture,West,Amit Kumar,15,120.01,1800.15,1044.61,755.54
2025-07-01,Phone Stand,Accessories,West,Divya Nair,38,21.22,806.36,236.43,569.93
2025-07-01,Screen Protector,Accessories,North,Sneha Joshi,2,14.58,29.16,5.87,23.29
2025-07-01,Wireless Mouse,Electronics,South,Rohan Gupta,36,30.6,1101.6,425.62,675.98
2025-07-01,Whiteboard Markers,Office Supplies,West,Ananya Reddy,8,14.87,118.96,39.78,79.18
2025-07-02,Laptop Pro 15,Electronics,Central,Arjun Mehta,3,878.51,2635.53,2028.88,606.65
2025-07-02,Filing Cabinet,Furniture,South,Ananya Reddy,3,136.21,408.63,213.42,195.21
2025-07-02,Whiteboard Markers,Office Supplies,East,Rohan Gupta,18,16.16,290.88,90.46,200.42
2025-07-03,Monitor 27 inch,Electronics,West,Arjun Mehta,4,340.49,1361.96,858.45,503.51
2025-07-03,Laptop Bag,Accessories,Central,Karthik Iyer,7,56.78,397.46,173.17,224.29
2025-07-03,Bookshelf Oak,Furniture,East,Priya Sharma,11,176.87,1945.57,1039.78,905.79
2025-07-03,Laptop Air 13,Electronics,South,Vikram Singh,2,685.38,1370.76,1038.3,332.46
2025-07-03,Webcam HD,Electronics,East,Rohan Gupta,4,75.74,302.96,116.75,186.21
2025-07-03,Office Chair Ergonomic,Furniture,Central,Sneha Joshi,9,306.66,2759.94,1413.65,1346.29
2025-07-04,Bookshelf Oak,Furniture,West,Karthik Iyer,7,177.66,1243.62,645.8,597.82
2025-07-04,Mechanical Keyboard,Electronics,North,Sneha Joshi,7,95.53,668.71,296.72,371.99
2025-07-04,Whiteboard Markers,Office Supplies,South,Sneha Joshi,13,15.61,202.93,64.97,137.96
2025-07-04,USB-C Hub,Electronics,Central,Ananya Reddy,36,51.32,1847.52,811.39,1036.13
2025-07-04,Office Chair Ergonomic,Furniture,East,Arjun Mehta,12,286.15,3433.8,1829.74,1604.06
2025-07-04,Power Bank 20000mAh,Accessories,South,Vikram Singh,33,39.59,1306.47,526.25,780.22
2025-07-04,Filing Cabinet,Furniture,South,Divya Nair,8,138.58,1108.64,551.95,556.69
2025-07-05,Laptop Pro 15,Electronics,East,Neha Patel,3,841.8,2525.4,2041.96,483.44
2025-07-05,Stapler Heavy Duty,Office Supplies,North,Ananya Reddy,2,20.96,41.92,14.54,27.38
2025-07-05,Filing Cabinet,Furniture,South,Rohan Gupta,7,118.54,829.78,486.66,343.12
2025-07-05,Tablet 10 inch,Electronics,Central,Priya Sharma,4,534.75,2139.0,1231.88,907.12
2025-07-05,Stapler Heavy Duty,Office Supplies,East,Neha Patel,5,20.73,103.65,36.13,67.52
2025-07-05,Laptop Air 13,Electronics,West,Ananya Reddy,4,675.75,2703.0,2206.06,496.94
2025-07-06,Bookshelf Oak,Furniture,East,Neha Patel,2,179.04,358.08,198.72,159.36
2025-07-06,Mechanical Keyboard,Electronics,East,Amit Kumar,2,85.88,171.76,87.88,83.88
2025-07-06,Pen Set Premium,Office Supplies,West,Karthik Iyer,26,22.9,595.4,198.1,397.3
2025-07-06,Phone Stand,Accessories,North,Ananya Reddy,33,21.21,699.93,198.2,501.73
2025-07-07,Office Chair Ergonomic,Furniture,East,Sneha Joshi,2,312.8,625.6,311.5,314.1
2025-07-07,Office Chair Ergonomic,Furniture,Central,Vikram Singh,1,274.91,274.91,167.84,107.07
2025-07-08,Office Chair Ergonomic,Furniture,North,Rohan Gupta,14,311.05,4354.7,2308.44,2046.26
2025-07-08,Power Bank 20000mAh,Accessories,West,Neha Patel,3,36.94,110.82,47.5,63.32
2025-07-08,Wireless Mouse,Electronics,West,Karthik Iyer,31,32.47,1006.57,376.05,630.52
2025-07-08,USB-C Hub,Electronics,North,Ananya Reddy,15,51.36,770.4,322.41,447.99
2025-07-08,Laptop Bag,Accessories,Central,Sneha Joshi,7,60.55,423.85,166.37,257.48
2025-07-08,Printer Paper Ream,Office Supplies,West,Sneha Joshi,22,9.62,211.64,77.72,133.92
2025-07-08,Notebook A4 Pack,Office Supplies,South,Karthik Iyer,37,12.24,452.88,144.5,308.38
2025-07-08,Stapler Heavy Duty,Office Supplies,East,Divya Nair,8,19.69,157.52,55.67,101.85
2025-07-08,Desk Organizer,Office Supplies,East,Sneha Joshi,27,36.76,992.52,381.96,610.56
2025-07-08,Laptop Pro 15,Electronics,South,Rohan Gupta,1,970.96,970.96,657.31,313.65
2025-07-09,Pen Set Premium,Office Supplies,Central,Neha Patel,29,25.02,725.58,227.75,497.83
2025-07-10,Laptop Bag,Accessories,West,Priya Sharma,6,60.14,360.84,151.13,209.71
2025-07-10,Webcam HD,Electronics,East,Amit Kumar,15,76.62,1149.3,435.22,714.08
2025-07-10,Phone Stand,Accessories,North,Sneha Joshi,21,21.54,452.34,127.0,325.34
2025-07-10,Laptop Bag,Accessories,East,Amit Kumar,13,55.3,718.9,314.61,404.29
2025-07-10,Phone Stand,Accessories,East,Ananya Reddy,33,18.01,594.33,205.4,388.93
2025-07-10,Power Bank 20000mAh,Accessories,South,Rohan Gupta,30,43.25,1297.5,497.45,800.05
2025-07-10,Tablet 10 inch,Electronics,East,Neha Patel,1,505.83,505.83,323.06,182.77
2025-07-11,Desk Organizer,Office Supplies,South,Arjun Mehta,12,32.53,390.36,170.58,219.78
2025-07-11,Screen Protector,Accessories,East,Karthik Iyer,30,14.53,435.9,91.47,344.43
2025-07-12,Laptop Pro 15,Electronics,Central,Sneha Joshi,3,984.06,2952.18,2005.17,947.01
2025-07-12,Phone Stand,Accessories,West,Karthik Iyer,8,18.41,147.28,49.67,97.61
2025-07-12,Desk Lamp LED,Furniture,South,Priya Sharma,6,37.59,225.54,93.21,132.33
2025-07-12,Pen Set Premium,Office Supplies,South,Amit Kumar,20,25.35,507.0,164.14,342.86
2025-07-13,Headphones Wireless,Electronics,South,Karthik Iyer,8,156.78,1254.24,578.85,675.39
2025-07-13,Pen Set Premium,Office Supplies,Central,Karthik Iyer,34,23.06,784.04,284.84,499.2
2025-07-13,Desk Lamp LED,Furniture,East,Vikram Singh,23,40.56,932.88,359.88,573.0
2025-07-14,Phone Stand,Accessories,North,Divya Nair,40,19.03,761.2,247.51,513.69
2025-07-14,Bookshelf Oak,Furniture,South,Karthik Iyer,12,182.92,2195.04,1175.16,1019.88
2025-07-14,Cable Organizer,Accessories,West,Vikram Singh,24,10.36,248.64,72.84,175.8
2025-07-14,Headphones Wireless,Electronics,South,Arjun Mehta,6,153.14,918.84,452.56,466.28
2025-07-15,Desk Lamp LED,Furniture,North,Sneha Joshi,4,37.62,150.48,60.08,90.4
2025-07-15,Standing Desk,Furniture,West,Ananya Reddy,3,420.78,1262.34,742.37,519.97
2025-07-15,Printer Paper Ream,Office Supplies,South,Ananya Reddy,17,10.57,179.69,61.42,118.27
2025-07-16,Phone Stand,Accessories,East,Priya Sharma,23,18.37,422.51,140.46,282.05
2025-07-16,Tablet 10 inch,Electronics,North,Priya Sharma,3,549.36,1648.08,928.5,719.58
2025-07-16,Laptop Bag,Accessories,South,Arjun Mehta,14,61.01,854.14,337.95,516.19
2025-07-16,Mechanical Keyboard,Electronics,West,Karthik Iyer,12,87.06,1044.72,509.22,535.5
2025-07-16,Wireless Mouse,Electronics,South,Rohan Gupta,35,30.23,1058.05,425.85,632.2
2025-07-16,Laptop Bag,Accessories,West,Sneha Joshi,11,54.54,599.94,272.14,327.8
2025-07-17,Screen Protector,Accessories,Central,Rohan Gupta,28,14.7,411.6,85.52,326.08
2025-07-17,Filing Cabinet,Furniture,North,Ananya Reddy,14,127.11,1779.54,1005.16,774.38
2025-07-17,Phone Stand,Accessories,North,Neha Patel,20,18.12,362.4,114.7,247.7
2025-07-17,Whiteboard Markers,Office Supplies,West,Karthik Iyer,40,14.16,566.4,190.73,375.67
2025-07-17,Tablet 10 inch,Electronics,Central,Arjun Mehta,1,527.58,527.58,321.68,205.9
2025-07-18,Cable Organizer,Accessories,West,Arjun Mehta,41,10.64,436.24,124.55,311.69
2025-07-19,Wireless Mouse,Electronics,West,Vikram Singh,3,32.74,98.22,35.11,63.11
2025-07-19,Pen Set Premium,Office Supplies,South,Ananya Reddy,16,23.17,370.72,124.14,246.58
2025-07-20,Stapler Heavy Duty,Office Supplies,Central,Neha Patel,22,19.49,428.78,158.87,269.91
2025-07-20,Cable Organizer,Accessories,East,Amit Kumar,36,10.05,361.8,105.03,256.77
2025-07-20,Filing Cabinet,Furniture,East,Sneha Joshi,4,125.89,503.56,277.91,225.65
2025-07-20,Headphones Wireless,Electronics,Central,Arjun Mehta,1,167.03,167.03,73.94,93.09
2025-07-20,Mechanical Keyboard,Electronics,West,Ananya Reddy,7,82.2,575.4,294.43,280.97
2025-07-20,Pen Set Premium,Office Supplies,South,Divya Nair,32,26.45,846.4,252.85,593.55
2025-07-21,Standing Desk,Furniture,East,Divya Nair,5,456.3,2281.5,1234.58,1046.92
2025-07-21,Laptop Pro 15,Electronics,North,Amit Kumar,4,960.4,3841.6,2479.39,1362.21
2025-07-22,Standing Desk,Furniture,West,Sneha Joshi,2,437.01,874.02,522.06,351.96
2025-07-22,USB-C Hub,Electronics,West,Ananya Reddy,25,46.06,1151.5,522.79,628.71
2025-07-22,Wireless Mouse,Electronics,South,Sneha Joshi,8,29.64,237.12,95.77,141.35
2025-07-22,Desk Organizer,Office Supplies,North,Ananya Reddy,31,32.64,1011.84,424.29,587.55
2025-07-22,Desk Lamp LED,Furniture,West,Arjun Mehta,7,40.97,286.79,103.25,183.54
2025-07-22,Stapler Heavy Duty,Office Supplies,East,Priya Sharma,27,20.13,543.51,196.1,347.41
2025-07-23,USB-C Hub,Electronics,South,Vikram Singh,6,46.73,280.38,132.64,147.74
2025-07-23,Wireless Mouse,Electronics,North,Neha Patel,6,27.98,167.88,68.81,99.07
2025-07-23,Phone Stand,Accessories,East,Vikram Singh,16,20.6,329.6,93.33,236.27
2025-07-23,Phone Stand,Accessories,North,Neha Patel,9,20.34,183.06,56.01,127.05
2025-07-23,Laptop Air 13,Electronics,South,Vikram Singh,4,723.37,2893.48,2175.57,717.91
2025-07-23,Power Bank 20000mAh,Accessories,North,Amit Kumar,5,41.71,208.55,79.17,129.38
2025-07-23,Mechanical Keyboard,Electronics,Central,Rohan Gupta,5,98.94,494.7,206.77,287.93
2025-07-23,Phone Stand,Accessories,Central,Divya Nair,22,18.83,414.26,131.32,282.94
2025-07-24,Whiteboard Markers,Office Supplies,North,Karthik Iyer,21,14.82,311.22,106.03,205.19
2025-07-24,Bookshelf Oak,Furniture,North,Neha Patel,4,162.64,650.56,373.34,277.22
2025-07-24,Headphones Wireless,Electronics,East,Vikram Singh,10,166.26,1662.6,729.21,933.39
2025-07-24,Mechanical Keyboard,Electronics,Central,Karthik Iyer,3,88.15,264.45,121.02,143.43
2025-07-25,Power Bank 20000mAh,Accessories,West,Neha Patel,5,42.83,214.15,76.92,137.23
2025-07-25,Phone Stand,Accessories,Central,Amit Kumar,40,19.08,763.2,234.06,529.14
2025-07-25,Bookshelf Oak,Furniture,Central,Ananya Reddy,7,187.02,1309.14,669.18,639.96
2025-07-26,Whiteboard Markers,Office Supplies,South,Vikram Singh,25,15.11,377.75,120.85,256.9
2025-07-26,Office Chair Ergonomic,Furniture,North,Divya Nair,10,281.34,2813.4,1605.67,1207.73
2025-07-26,Screen Protector,Accessories,West,Ananya Reddy,17,14.73,250.41,51.62,198.79
2025-07-26,Printer Paper Ream,Office Supplies,Central,Ananya Reddy,25,10.83,270.75,88.63,182.12
2025-07-26,Laptop Pro 15,Electronics,East,Ananya Reddy,1,928.42,928.42,679.86,248.56
2025-07-26,Cable Organizer,Accessories,South,Ananya Reddy,6,9.83,58.98,18.01,40.97
2025-07-26,Webcam HD,Electronics,North,Sneha Joshi,6,75.55,453.3,183.31,269.99
2025-07-26,Headphones Wireless,Electronics,South,Amit Kumar,5,160.76,803.8,377.09,426.71
2025-07-27,Webcam HD,Electronics,Central,Rohan Gupta,11,73.57,809.27,338.83,470.44
2025-07-27,Stapler Heavy Duty,Office Supplies,North,Rohan Gupta,28,18.71,523.88,203.97,319.91
2025-07-27,Laptop Bag,Accessories,West,Neha Patel,5,61.93,309.65,125.63,184.02
2025-07-27,Bookshelf Oak,Furniture,Central,Ananya Reddy,3,190.54,571.62,297.31,274.31
2025-07-28,Standing Desk,Furniture,South,Sneha Joshi,5,468.5,2342.5,1257.61,1084.89
2025-07-28,Office Chair Ergonomic,Furniture,North,Neha Patel,10,288.17,2881.7,1613.48,1268.22
2025-07-28,Webcam HD,Electronics,West,Rohan Gupta,3,76.3,228.9,87.5,141.4
2025-07-28,Webcam HD,Electronics,East,Arjun Mehta,11,71.76,789.36,329.73,459.63
2025-07-28,Laptop Air 13,Electronics,North,Ananya Reddy,3,819.05,2457.15,1593.5,863.65
2025-07-29,Notebook A4 Pack,Office Supplies,North,Divya Nair,38,11.85,450.3,154.47,295.83
2025-07-30,Tablet 10 inch,Electronics,North,Amit Kumar,1,548.68,548.68,323.45,225.23
2025-07-30,Filing Cabinet,Furniture,West,Amit Kumar,11,141.8,1559.8,799.1,760.7
2025-07-30,Bookshelf Oak,Furniture,South,Rohan Gupta,9,191.59,1724.31,837.34,886.97
2025-07-31,Desk Lamp LED,Furniture,North,Sneha Joshi,8,38.46,307.68,118.77,188.91
2025-07-31,Notebook A4 Pack,Office Supplies,North,Rohan Gupta,38,12.99,493.62,146.99,346.63
2025-07-31,Laptop Pro 15,Electronics,Central,Neha Patel,2,875.43,1750.86,1239.27,511.59
2025-07-31,Laptop Pro 15,Electronics,South,Amit Kumar,5,871.5,4357.5,3228.69,1128.81
2025-08-01,Whiteboard Markers,Office Supplies,Central,Neha Patel,12,14.61,175.32,57.97,117.35
2025-08-01,Laptop Pro 15,Electronics,West,Amit Kumar,3,925.53,2776.59,1911.41,865.18
2025-08-01,Power Bank 20000mAh,Accessories,East,Sneha Joshi,1,38.11,38.11,15.6,22.51
2025-08-01,Printer Paper Ream,Office Supplies,East,Karthik Iyer,26,9.51,247.26,93.55,153.71
2025-08-01,Wireless Mouse,Electronics,North,Vikram Singh,9,32.11,288.99,102.64,186.35
2025-08-01,Printer Paper Ream,Office Supplies,West,Divya Nair,35,10.07,352.45,127.08,225.37
2025-08-01,Printer Paper Ream,Office Supplies,South,Amit Kumar,13,10.89,141.57,46.83,94.74
2025-08-01,Wireless Mouse,Electronics,North,Karthik Iyer,29,29.68,860.72,361.41,499.31
2025-08-01,Printer Paper Ream,Office Supplies,South,Vikram Singh,35,10.03,351.05,119.02,232.03
2025-08-02,Mechanical Keyboard,Electronics,North,Rohan Gupta,4,85.01,340.04,171.97,168.07
2025-08-02,Tablet 10 inch,Electronics,North,Arjun Mehta,3,474.35,1423.05,895.21,527.84
2025-08-02,Cable Organizer,Accessories,Central,Rohan Gupta,8,10.07,80.56,23.34,57.22
2025-08-02,Whiteboard Markers,Office Supplies,North,Divya Nair,33,14.74,486.42,158.49,327.93
2025-08-02,Screen Protector,Accessories,East,Sneha Joshi,44,16.43,722.92,133.3,589.62
2025-08-02,Bookshelf Oak,Furniture,South,Ananya Reddy,2,164.42,328.84,189.35,139.49
2025-08-03,USB-C Hub,Electronics,East,Rohan Gupta,1,53.05,53.05,22.27,30.78
2025-08-03,Mechanical Keyboard,Electronics,East,Ananya Reddy,1,87.3,87.3,43.72,43.58
2025-08-03,Desk Lamp LED,Furniture,Central,Arjun Mehta,39,43.9,1712.1,568.23,1143.87
2025-08-03,Monitor 27 inch,Electronics,West,Karthik Iyer,2,356.44,712.88,406.73,306.15
2025-08-03,Monitor 27 inch,Electronics,East,Neha Patel,3,369.21,1107.63,613.13,494.5
2025-08-03,USB-C Hub,Electronics,North,Karthik Iyer,1,49.88,49.88,21.45,28.43
2025-08-04,Stapler Heavy Duty,Office Supplies,West,Arjun Mehta,16,21.39,342.24,116.82,225.42
2025-08-04,Laptop Pro 15,Electronics,North,Karthik Iyer,3,837.28,2511.84,1916.82,595.02
2025-08-04,Wireless Mouse,Electronics,East,Ananya Reddy,22,27.87,613.14,271.87,341.27
2025-08-04,Notebook A4 Pack,Office Supplies,South,Sneha Joshi,42,12.94,543.48,169.84,373.64
2025-08-05,Stapler Heavy Duty,Office Supplies,Central,Priya Sharma,29,18.11,525.19,209.15,316.04
2025-08-05,Office Chair Ergonomic,Furniture,West,Neha Patel,14,320.57,4487.98,2299.47,2188.51
2025-08-06,Cable Organizer,Accessories,Central,Rohan Gupta,17,10.52,178.84,50.57,128.27
2025-08-06,Power Bank 20000mAh,Accessories,West,Ananya Reddy,31,39.58,1226.98,516.69,710.29
2025-08-06,Wireless Mouse,Electronics,Central,Amit Kumar,4,31.71,126.84,46.93,79.91
2025-08-06,Phone Stand,Accessories,East,Ananya Reddy,8,18.89,151.12,46.23,104.89
2025-08-06,Notebook A4 Pack,Office Supplies,West,Rohan Gupta,38,14.21,539.98,153.17,386.81
2025-08-06,Tablet 10 inch,Electronics,East,Arjun Mehta,6,460.64,2763.84,1925.38,838.46
2025-08-07,Laptop Air 13,Electronics,Central,Arjun Mehta,1,816.77,816.77,549.08,267.69
2025-08-07,Pen Set Premium,Office Supplies,East,Vikram Singh,2,24.12,48.24,16.46,31.78
2025-08-07,Desk Organizer,Office Supplies,Central,Vikram Singh,27,37.16,1003.32,391.8,611.52
2025-08-08,Wireless Mouse,Electronics,West,Sneha Joshi,42,29.06,1220.52,523.05,697.47
2025-08-08,Tablet 10 inch,Electronics,Central,Neha Patel,1,518.24,518.24,304.45,213.79
2025-08-08,Standing Desk,Furniture,North,Arjun Mehta,2,446.75,893.5,498.81,394.69
2025-08-08,Desk Organizer,Office Supplies,East,Amit Kumar,43,32.74,1407.82,609.13,798.69
2025-08-08,Mechanical Keyboard,Electronics,East,Arjun Mehta,8,83.64,669.12,338.84,330.28
2025-08-08,Laptop Pro 15,Electronics,South,Amit Kumar,4,812.86,3251.44,2568.83,682.61
2025-08-09,Phone Stand,Accessories,Central,Ananya Reddy,26,18.59,483.34,149.27,334.07
2025-08-09,Monitor 27 inch,Electronics,West,Sneha Joshi,2,371.79,743.58,401.65,341.93
2025-08-09,Standing Desk,Furniture,West,Karthik Iyer,3,446.3,1338.9,728.87,610.03
2025-08-09,Whiteboard Markers,Office Supplies,North,Sneha Joshi,49,16.03,785.47,234.16,551.31
2025-08-09,Desk Lamp LED,Furniture,East,Vikram Singh,7,36.75,257.25,101.53,155.72
2025-08-09,Mechanical Keyboard,Electronics,Central,Priya Sharma,2,98.39,196.78,81.8,114.98
2025-08-09,Laptop Air 13,Electronics,North,Priya Sharma,2,739.15,1478.3,1121.96,356.34
2025-08-10,Standing Desk,Furniture,South,Vikram Singh,2,419.15,838.3,505.1,333.2
2025-08-10,Desk Organizer,Office Supplies,East,Amit Kumar,1,34.28,34.28,13.56,20.72
2025-08-10,Mechanical Keyboard,Electronics,East,Priya Sharma,1,94.96,94.96,40.64,54.32
2025-08-10,Pen Set Premium,Office Supplies,North,Ananya Reddy,19,22.52,427.88,156.02,271.86
2025-08-10,Desk Organizer,Office Supplies,North,Divya Nair,17,34.6,588.2,248.74,339.46
2025-08-11,Desk Lamp LED,Furniture,South,Karthik Iyer,12,39.75,477.0,180.77,296.23
2025-08-11,Cable Organizer,Accessories,West,Priya Sharma,29,9.92,287.68,90.57,197.11
2025-08-11,Pen Set Premium,Office Supplies,East,Rohan Gupta,33,26.26,866.58,254.83,611.75
2025-08-12,Pen Set Premium,Office Supplies,North,Rohan Gupta,7,26.61,186.27,58.47,127.8
2025-08-12,Laptop Air 13,Electronics,South,Neha Patel,1,715.14,715.14,563.68,151.46
2025-08-13,Wireless Mouse,Electronics,Central,Divya Nair,40,29.3,1172.0,483.86,688.14
2025-08-13,Laptop Pro 15,Electronics,East,Neha Patel,1,813.96,813.96,669.63,144.33
2025-08-13,Office Chair Ergonomic,Furniture,North,Priya Sharma,16,286.62,4585.92,2686.55,1899.37
2025-08-13,Cable Organizer,Accessories,West,Ananya Reddy,45,10.53,473.85,136.24,337.61
2025-08-13,Desk Organizer,Office Supplies,South,Amit Kumar,44,35.91,1580.04,596.47,983.57
2025-08-14,Filing Cabinet,Furniture,East,Karthik Iyer,12,117.83,1413.96,810.89,603.07
2025-08-14,Monitor 27 inch,Electronics,Central,Vikram Singh,4,335.21,1340.84,813.72,527.12
2025-08-14,Screen Protector,Accessories,North,Sneha Joshi,2,14.66,29.32,5.91,23.41
2025-08-14,Laptop Bag,Accessories,East,Karthik Iyer,6,55.89,335.34,146.14,189.2
2025-08-14,Laptop Pro 15,Electronics,East,Divya Nair,1,820.61,820.61,665.49,155.12
2025-08-14,Headphones Wireless,Electronics,North,Ananya Reddy,4,171.32,685.28,286.83,398.45
2025-08-15,Laptop Bag,Accessories,South,Vikram Singh,8,55.19,441.52,200.67,240.85
2025-08-15,Bookshelf Oak,Furniture,South,Sneha Joshi,17,167.97,2855.49,1638.34,1217.15
2025-08-16,Office Chair Ergonomic,Furniture,North,Neha Patel,2,273.18,546.36,305.14,241.22
2025-08-16,Standing Desk,Furniture,Central,Arjun Mehta,4,453.86,1815.44,1020.07,795.37
2025-08-17,Webcam HD,Electronics,East,Ananya Reddy,17,73.92,1256.64,528.66,727.98
2025-08-17,Office Chair Ergonomic,Furniture,West,Arjun Mehta,2,277.78,555.56,327.98,227.58
2025-08-17,Printer Paper Ream,Office Supplies,West,Amit Kumar,42,10.31,433.02,140.82,292.2
2025-08-18,Tablet 10 inch,Electronics,North,Divya Nair,4,546.67,2186.68,1219.12,967.56
2025-08-18,Screen Protector,Accessories,East,Sneha Joshi,23,16.4,377.2,70.75,306.45
2025-08-18,Printer Paper Ream,Office Supplies,North,Arjun Mehta,38,9.26,351.88,130.65,221.23
2025-08-18,Cable Organizer,Accessories,South,Priya Sharma,24,9.97,239.28,71.51,167.77
2025-08-18,Bookshelf Oak,Furniture,North,Vikram Singh,17,170.95,2906.15,1625.43,1280.72
2025-08-18,Office Chair Ergonomic,Furniture,North,Neha Patel,3,308.55,925.65,495.64,430.01
2025-08-18,Notebook A4 Pack,Office Supplies,East,Rohan Gupta,7,13.53,94.71,28.57,66.14
2025-08-18,Phone Stand,Accessories,West,Rohan Gupta,1,20.49,20.49,6.05,14.44
2025-08-18,Office Chair Ergonomic,Furniture,East,Ananya Reddy,2,308.27,616.54,329.95,286.59
2025-08-18,Cable Organizer,Accessories,East,Divya Nair,33,10.36,341.88,103.07,238.81
2025-08-19,Bookshelf Oak,Furniture,North,Karthik Iyer,17,179.64,3053.88,1604.26,1449.62
2025-08-19,Wireless Mouse,Electronics,North,Sneha Joshi,24,27.96,671.04,286.83,384.21
2025-08-19,Laptop Bag,Accessories,South,Sneha Joshi,11,61.54,676.94,275.68,401.26
2025-08-19,Cable Organizer,Accessories,Central,Priya Sharma,3,9.73,29.19,9.1,20.09
2025-08-19,Laptop Bag,Accessories,East,Sneha Joshi,16,54.34,869.44,399.96,469.48
2025-08-19,Laptop Bag,Accessories,East,Ananya Reddy,8,57.66,461.28,191.57,269.71
2025-08-19,Laptop Air 13,Electronics,South,Rohan Gupta,1,791.19,791.19,526.03,265.16
2025-08-20,Wireless Mouse,Electronics,Central,Vikram Singh,43,31.36,1348.48,498.63,849.85
2025-08-20,Standing Desk,Furniture,South,Arjun Mehta,3,476.16,1428.48,755.08,673.4
2025-08-20,Bookshelf Oak,Furniture,West,Ananya Reddy,16,191.35,3061.6,1572.4,1489.2
2025-08-20,Pen Set Premium,Office Supplies,West,Ananya Reddy,40,23.33,933.2,318.51,614.69
2025-08-20,Printer Paper Ream,Office Supplies,East,Neha Patel,48,9.83,471.84,169.6,302.24
2025-08-21,Screen Protector,Accessories,South,Priya Sharma,7,13.83,96.81,20.89,75.92
2025-08-21,Webcam HD,Electronics,North,Rohan Gupta,13,75.88,986.44,404.03,582.41
2025-08-21,Screen Protector,Accessories,South,Rohan Gupta,18,16.44,295.92,53.63,242.29
2025-08-22,Cable Organizer,Accessories,South,Divya Nair,33,10.57,348.81,97.21,251.6
2025-08-22,Phone Stand,Accessories,North,Amit Kumar,2,21.56,43.12,12.38,30.74
2025-08-22,Laptop Bag,Accessories,South,Neha Patel,2,54.87,109.74,49.18,60.56
2025-08-23,Wireless Mouse,Electronics,East,Amit Kumar,31,32.71,1014.01,376.72,637.29
2025-08-23,Mechanical Keyboard,Electronics,East,Divya Nair,2,95.78,191.56,84.55,107.01
2025-08-24,Bookshelf Oak,Furniture,South,Vikram Singh,1,172.32,172.32,98.13,74.19
2025-08-24,Laptop Air 13,Electronics,Central,Karthik Iyer,6,817.81,4906.86,3236.28,1670.58
2025-08-24,Laptop Air 13,Electronics,South,Rohan Gupta,3,679.23,2037.69,1630.89,406.8
2025-08-24,Power Bank 20000mAh,Accessories,North,Priya Sharma,28,37.36,1046.08,456.11,589.97
2025-08-24,Laptop Bag,Accessories,Central,Ananya Reddy,2,60.23,120.46,49.64,70.82
2025-08-25,Standing Desk,Furniture,Central,Amit Kumar,4,446.83,1787.32,1032.57,754.75
2025-08-25,Phone Stand,Accessories,West,Sneha Joshi,2,21.79,43.58,11.73,31.85
2025-08-25,Laptop Bag,Accessories,West,Arjun Mehta,2,59.96,119.92,50.71,69.21
2025-08-25,Webcam HD,Electronics,East,Neha Patel,6,72.89,437.34,183.96,253.38
2025-08-26,Laptop Pro 15,Electronics,East,Divya Nair,1,932.09,932.09,681.75,250.34
2025-08-26,Cable Organizer,Accessories,South,Priya Sharma,45,9.27,417.15,135.92,281.23
2025-08-26,Bookshelf Oak,Furniture,South,Divya Nair,17,172.09,2925.53,1655.9,1269.63
2025-08-26,Bookshelf Oak,Furniture,Central,Priya Sharma,13,186.94,2430.22,1231.83,1198.39
2025-08-27,Laptop Air 13,Electronics,North,Neha Patel,2,800.87,1601.74,1093.1,508.64
2025-08-27,Desk Lamp LED,Furniture,South,Vikram Singh,42,42.11,1768.62,655.18,1113.44
2025-08-27,Mechanical Keyboard,Electronics,South,Priya Sharma,3,96.51,289.53,128.46,161.07
2025-08-27,Whiteboard Markers,Office Supplies,East,Sneha Joshi,11,14.51,159.61,54.23,105.38
2025-08-27,Monitor 27 inch,Electronics,Central,Neha Patel,1,366.46,366.46,199.92,166.54
2025-08-27,Webcam HD,Electronics,North,Neha Patel,4,67.47,269.88,119.05,150.83
2025-08-27,Filing Cabinet,Furniture,North,Arjun Mehta,14,132.68,1857.52,956.67,900.85
2025-08-27,Pen Set Premium,Office Supplies,East,Rohan Gupta,48,23.81,1142.88,401.98,740.9
2025-08-28,USB-C Hub,Electronics,West,Arjun Mehta,11,50.01,550.11,244.18,305.93
2025-08-28,Printer Paper Ream,Office Supplies,East,Vikram Singh,16,10.68,170.88,53.63,117.25
2025-08-28,Stapler Heavy Duty,Office Supplies,North,Vikram Singh,7,18.59,130.13,46.91,83.22
2025-08-29,Monitor 27 inch,Electronics,North,Amit Kumar,3,374.59,1123.77,600.71,523.06
2025-08-29,Monitor 27 inch,Electronics,North,Vikram Singh,1,317.22,317.22,206.54,110.68
2025-08-30,Stapler Heavy Duty,Office Supplies,West,Neha Patel,23,19.28,443.44,163.35,280.09
2025-08-30,Printer Paper Ream,Office Supplies,West,Priya Sharma,8,9.31,74.48,29.25,45.23
2025-08-31,Phone Stand,Accessories,North,Priya Sharma,32,19.51,624.32,193.01,431.31
2025-08-31,Office Chair Ergonomic,Furniture,Central,Rohan Gupta,7,311.86,2183.02,1120.39,1062.63
2025-08-31,Pen Set Premium,Office Supplies,North,Divya Nair,23,24.26,557.98,184.23,373.75
2025-08-31,Screen Protector,Accessories,West,Karthik Iyer,19,15.87,301.53,58.98,242.55
2025-08-31,Stapler Heavy Duty,Office Supplies,North,Sneha Joshi,49,20.0,980.0,345.72,634.28
2025-08-31,Filing Cabinet,Furniture,West,Ananya Reddy,1,123.72,123.72,72.62,51.1
2025-08-31,Desk Lamp LED,Furniture,East,Ananya Reddy,37,41.46,1534.02,562.91,971.11
2025-09-01,Cable Organizer,Accessories,South,Ananya Reddy,32,9.44,302.08,98.61,203.47
2025-09-01,Laptop Pro 15,Electronics,West,Divya Nair,1,853.67,853.67,659.67,194.0
2025-09-01,Standing Desk,Furniture,Central,Amit Kumar,2,478.51,957.02,486.03,470.99
2025-09-01,Notebook A4 Pack,Office Supplies,Central,Amit Kumar,16,13.9,222.4,61.83,160.57
2025-09-01,Filing Cabinet,Furniture,Central,Vikram Singh,3,132.4,397.2,201.96,195.24
2025-09-02,USB-C Hub,Electronics,North,Sneha Joshi,21,48.38,1015.98,470.9,545.08
2025-09-02,Wireless Mouse,Electronics,South,Ananya Reddy,18,31.45,566.1,211.83,354.27
2025-09-02,Laptop Bag,Accessories,West,Ananya Reddy,7,63.89,447.23,180.54,266.69
2025-09-02,Screen Protector,Accessories,Central,Priya Sharma,2,13.63,27.26,5.89,21.37
2025-09-03,Laptop Pro 15,Electronics,South,Divya Nair,6,872.13,5232.78,4008.9,1223.88
2025-09-03,Phone Stand,Accessories,East,Sneha Joshi,1,19.19,19.19,5.98,13.21
2025-09-04,Laptop Air 13,Electronics,West,Arjun Mehta,2,709.52,1419.04,1091.98,327.06
2025-09-04,Webcam HD,Electronics,West,Divya Nair,14,73.67,1031.38,436.66,594.72
2025-09-04,Screen Protector,Accessories,East,Karthik Iyer,6,14.4,86.4,18.52,67.88
2025-09-04,Laptop Air 13,Electronics,South,Priya Sharma,2,691.75,1383.5,1073.16,310.34
2025-09-05,Whiteboard Markers,Office Supplies,East,Divya Nair,4,16.33,65.32,20.64,44.68
2025-09-05,Mechanical Keyboard,Electronics,North,Rohan Gupta,4,92.93,371.72,171.6,200.12
2025-09-05,Power Bank 20000mAh,Accessories,East,Karthik Iyer,35,36.45,1275.75,558.53,717.22
2025-09-05,Webcam HD,Electronics,West,Priya Sharma,1,66.42,66.42,29.99,36.43
2025-09-05,Printer Paper Ream,Office Supplies,West,Vikram Singh,40,10.52,420.8,133.99,286.81
2025-09-06,Standing Desk,Furniture,South,Sneha Joshi,4,438.68,1754.72,986.45,768.27
2025-09-06,Printer Paper Ream,Office Supplies,North,Ananya Reddy,44,9.05,398.2,159.73,238.47
2025-09-06,Monitor 27 inch,Electronics,Central,Karthik Iyer,1,354.17,354.17,204.38,149.79
2025-09-06,Monitor 27 inch,Electronics,North,Divya Nair,4,334.23,1336.92,863.54,473.38
2025-09-07,Tablet 10 inch,Electronics,West,Arjun Mehta,3,546.27,1638.81,927.02,711.79
2025-09-07,Desk Lamp LED,Furniture,Central,Divya Nair,48,41.96,2014.08,732.67,1281.41
2025-09-07,Filing Cabinet,Furniture,North,Vikram Singh,3,137.46,412.38,205.65,206.73
2025-09-07,USB-C Hub,Electronics,East,Neha Patel,12,45.58,546.96,275.02,271.94
2025-09-08,Monitor 27 inch,Electronics,Central,Divya Nair,3,320.48,961.44,620.66,340.78
2025-09-08,Desk Lamp LED,Furniture,South,Arjun Mehta,12,38.94,467.28,185.69,281.59
2025-09-08,Wireless Mouse,Electronics,East,Karthik Iyer,22,27.04,594.88,271.99,322.89
2025-09-09,Laptop Pro 15,Electronics,South,Rohan Gupta,1,980.31,980.31,651.26,329.05
2025-09-09,Webcam HD,Electronics,South,Rohan Gupta,3,68.93,206.79,87.94,118.85
2025-09-09,Power Bank 20000mAh,Accessories,West,Arjun Mehta,35,36.55,1279.25,545.76,733.49
2025-09-09,Bookshelf Oak,Furniture,East,Arjun Mehta,3,164.47,493.41,297.8,195.61
2025-09-09,Standing Desk,Furniture,South,Karthik Iyer,6,476.77,2860.62,1463.96,1396.66
2025-09-09,USB-C Hub,Electronics,Central,Priya Sharma,27,45.01,1215.27,620.11,595.16
2025-09-09,Mechanical Keyboard,Electronics,North,Divya Nair,13,88.25,1147.25,534.82,612.43
2025-09-09,Webcam HD,Electronics,North,Ananya Reddy,7,67.75,474.25,200.4,273.85
2025-09-09,USB-C Hub,Electronics,North,Amit Kumar,32,51.63,1652.16,674.88,977.28
2025-09-09,Laptop Bag,Accessories,Central,Vikram Singh,18,57.64,1037.52,449.38,588.14
2025-09-09,Desk Lamp LED,Furniture,West,Ananya Reddy,8,37.22,297.76,117.14,180.62
2025-09-10,Notebook A4 Pack,Office Supplies,East,Arjun Mehta,45,13.94,627.3,185.01,442.29
2025-09-10,Desk Organizer,Office Supplies,West,Neha Patel,42,36.27,1523.34,603.63,919.71
2025-09-10,Wireless Mouse,Electronics,West,Karthik Iyer,22,30.78,677.16,262.55,414.61
2025-09-10,Screen Protector,Accessories,West,Karthik Iyer,12,16.01,192.12,36.81,155.31
2025-09-11,Filing Cabinet,Furniture,East,Neha Patel,8,128.06,1024.48,574.15,450.33
2025-09-11,Monitor 27 inch,Electronics,Central,Priya Sharma,4,363.89,1455.56,801.67,653.89
2025-09-11,Whiteboard Markers,Office Supplies,East,Vikram Singh,26,15.26,396.76,131.05,265.71
2025-09-11,Laptop Air 13,Electronics,North,Sneha Joshi,1,816.01,816.01,537.84,278.17
2025-09-11,Headphones Wireless,Electronics,East,Divya Nair,4,144.76,579.04,314.88,264.16
2025-09-12,Webcam HD,Electronics,East,Arjun Mehta,4,64.57,258.28,115.79,142.49
2025-09-12,Whiteboard Markers,Office Supplies,North,Sneha Joshi,4,14.6,58.4,19.02,39.38
2025-09-12,Monitor 27 inch,Electronics,North,Amit Kumar,4,338.61,1354.44,854.94,499.5
2025-09-12,Screen Protector,Accessories,West,Rohan Gupta,49,16.3,798.7,152.97,645.73
2025-09-12,Notebook A4 Pack,Office Supplies,West,Neha Patel,22,14.26,313.72,88.76,224.96
2025-09-12,Screen Protector,Accessories,Central,Priya Sharma,42,13.76,577.92,127.95,449.97
2025-09-12,Tablet 10 inch,Electronics,North,Divya Nair,2,467.3,934.6,622.27,312.33
2025-09-13,Filing Cabinet,Furniture,North,Arjun Mehta,6,139.54,837.24,426.28,410.96
2025-09-13,USB-C Hub,Electronics,Central,Neha Patel,38,49.85,1894.3,832.4,1061.9
2025-09-13,Headphones Wireless,Electronics,East,Divya Nair,3,164.52,493.56,224.26,269.3
2025-09-14,Laptop Pro 15,Electronics,North,Rohan Gupta,2,873.03,1746.06,1271.82,474.24
2025-09-14,Stapler Heavy Duty,Office Supplies,North,Sneha Joshi,1,20.13,20.13,7.1,13.03
2025-09-14,Stapler Heavy Duty,Office Supplies,East,Rohan Gupta,16,19.54,312.64,111.3,201.34
2025-09-14,Power Bank 20000mAh,Accessories,West,Neha Patel,40,43.27,1730.8,637.34,1093.46
2025-09-14,Tablet 10 inch,Electronics,North,Rohan Gupta,3,504.29,1512.87,890.96,621.91
2025-09-15,Webcam HD,Electronics,East,Karthik Iyer,18,64.49,1160.82,550.2,610.62
2025-09-15,Printer Paper Ream,Office Supplies,East,Amit Kumar,27,10.22,275.94,96.72,179.22
2025-09-15,Laptop Air 13,Electronics,West,Amit Kumar,2,718.1,1436.2,1043.71,392.49
2025-09-16,Office Chair Ergonomic,Furniture,East,Priya Sharma,17,283.96,4827.32,2611.47,2215.85
2025-09-16,Whiteboard Markers,Office Supplies,Central,Arjun Mehta,48,14.84,712.32,232.04,480.28
2025-09-16,Desk Organizer,Office Supplies,East,Priya Sharma,19,37.97,721.43,263.05,458.38
2025-09-16,Office Chair Ergonomic,Furniture,Central,Vikram Singh,17,298.74,5078.58,2804.88,2273.7
2025-09-16,Printer Paper Ream,Office Supplies,West,Vikram Singh,12,9.94,119.28,41.3,77.98
2025-09-17,Phone Stand,Accessories,Central,Sneha Joshi,16,18.38,294.08,93.19,200.89
2025-09-17,Desk Lamp LED,Furniture,West,Divya Nair,44,38.85,1709.4,678.75,1030.65
2025-09-17,Monitor 27 inch,Electronics,South,Divya Nair,2,330.18,660.36,399.69,260.67
2025-09-17,USB-C Hub,Electronics,East,Arjun Mehta,29,45.58,1321.82,658.05,663.77
2025-09-17,Laptop Bag,Accessories,South,Rohan Gupta,3,61.88,185.64,74.05,111.59
2025-09-17,Phone Stand,Accessories,East,Sneha Joshi,11,21.03,231.33,66.34,164.99
2025-09-17,Mechanical Keyboard,Electronics,Central,Sneha Joshi,13,81.95,1065.35,548.86,516.49
2025-09-18,Notebook A4 Pack,Office Supplies,Central,Priya Sharma,27,12.47,336.69,104.07,232.62
2025-09-18,Filing Cabinet,Furniture,Central,Divya Nair,12,124.34,1492.08,855.49,636.59
2025-09-18,Whiteboard Markers,Office Supplies,East,Divya Nair,48,15.59,748.32,238.05,510.27
2025-09-18,Bookshelf Oak,Furniture,East,Neha Patel,9,196.51,1768.59,840.33,928.26
2025-09-18,Desk Organizer,Office Supplies,South,Vikram Singh,42,37.83,1588.86,600.75,988.11
2025-09-18,USB-C Hub,Electronics,West,Neha Patel,31,51.7,1602.7,663.0,939.7
2025-09-19,Printer Paper Ream,Office Supplies,West,Ananya Reddy,42,9.93,417.06,153.24,263.82
2025-09-19,Bookshelf Oak,Furniture,Central,Karthik Iyer,11,185.68,2042.48,1045.51,996.97
2025-09-20,Bookshelf Oak,Furniture,East,Ananya Reddy,6,169.85,1019.1,584.4,434.7
2025-09-20,Tablet 10 inch,Electronics,North,Vikram Singh,6,488.8,2932.8,1931.13,1001.67
2025-09-20,Webcam HD,Electronics,South,Ananya Reddy,16,76.57,1225.12,487.59,737.53
2025-09-21,Tablet 10 inch,Electronics,West,Neha Patel,2,456.86,913.72,644.33,269.39
2025-09-21,Whiteboard Markers,Office Supplies,South,Neha Patel,18,15.64,281.52,86.87,194.65
2025-09-21,Wireless Mouse,Electronics,East,Rohan Gupta,31,31.88,988.28,361.48,626.8
2025-09-22,Webcam HD,Electronics,South,Divya Nair,17,74.01,1258.17,511.3,746.87
2025-09-22,Power Bank 20000mAh,Accessories,North,Divya Nair,22,38.43,845.46,363.38,482.08
2025-09-22,Stapler Heavy Duty,Office Supplies,East,Neha Patel,17,19.22,326.74,114.59,212.15
2025-09-23,Stapler Heavy Duty,Office Supplies,South,Divya Nair,45,21.75,978.75,317.76,660.99
2025-09-23,Filing Cabinet,Furniture,West,Karthik Iyer,11,140.89,1549.79,801.31,748.48
2025-09-23,Monitor 27 inch,Electronics,West,Sneha Joshi,3,381.61,1144.83,617.8,527.03
2025-09-23,Screen Protector,Accessories,Central,Karthik Iyer,18,14.8,266.4,53.8,212.6
2025-09-23,Printer Paper Ream,Office Supplies,West,Rohan Gupta,43,9.86,423.98,148.43,275.55
2025-09-23,Laptop Bag,Accessories,East,Arjun Mehta,2,62.73,125.46,49.48,75.98
2025-09-23,Stapler Heavy Duty,Office Supplies,West,Priya Sharma,43,18.94,814.42,299.95,514.47
2025-09-23,Cable Organizer,Accessories,East,Ananya Reddy,35,10.23,358.05,101.4,256.65
2025-09-24,Screen Protector,Accessories,North,Divya Nair,26,14.42,374.92,81.82,293.1
2025-09-24,Laptop Bag,Accessories,North,Rohan Gupta,2,64.18,128.36,52.01,76.35
2025-09-25,Webcam HD,Electronics,West,Karthik Iyer,13,76.45,993.85,407.01,586.84
2025-09-25,Bookshelf Oak,Furniture,East,Vikram Singh,7,178.13,1246.91,696.62,550.29
2025-09-25,Laptop Bag,Accessories,South,Sneha Joshi,9,65.38,588.42,223.59,364.83
2025-09-25,Office Chair Ergonomic,Furniture,North,Ananya Reddy,17,293.14,4983.38,2686.16,2297.22
2025-09-25,Cable Organizer,Accessories,East,Priya Sharma,17,9.75,165.75,50.75,115.0
2025-09-25,Laptop Bag,Accessories,Central,Rohan Gupta,13,60.77,790.01,321.98,468.03
2025-09-25,USB-C Hub,Electronics,West,Karthik Iyer,8,49.61,396.88,183.36,213.52
2025-09-26,USB-C Hub,Electronics,South,Neha Patel,9,45.4,408.6,194.37,214.23
2025-09-26,Bookshelf Oak,Furniture,Central,Priya Sharma,1,191.18,191.18,97.91,93.27
2025-09-26,Bookshelf Oak,Furniture,South,Neha Patel,9,167.34,1506.06,825.52,680.54
2025-09-26,Laptop Air 13,Electronics,Central,Sneha Joshi,4,812.59,3250.36,2151.58,1098.78
2025-09-26,Notebook A4 Pack,Office Supplies,East,Neha Patel,39,11.87,462.93,162.28,300.65
2025-09-27,Monitor 27 inch,Electronics,South,Arjun Mehta,3,328.01,984.03,631.54,352.49
2025-09-27,Power Bank 20000mAh,Accessories,West,Arjun Mehta,26,36.68,953.68,396.2,557.48
2025-09-27,Wireless Mouse,Electronics,North,Arjun Mehta,7,31.9,223.3,83.36,139.94
2025-09-28,Office Chair Ergonomic,Furniture,North,Divya Nair,2,323.05,646.1,331.29,314.81
2025-09-28,Standing Desk,Furniture,South,Vikram Singh,2,426.07,852.14,477.26,374.88
2025-09-28,Desk Organizer,Office Supplies,Central,Vikram Singh,33,31.81,1049.73,449.7,600.03
2025-09-28,Laptop Pro 15,Electronics,West,Ananya Reddy,2,936.05,1872.1,1286.08,586.02
2025-09-28,Desk Lamp LED,Furniture,Central,Karthik Iyer,11,40.45,444.95,157.17,287.78
2025-09-29,USB-C Hub,Electronics,North,Neha Patel,49,52.24,2559.76,1101.58,1458.18
2025-09-29,Laptop Pro 15,Electronics,North,Sneha Joshi,2,954.82,1909.64,1335.64,574.0
2025-09-30,Filing Cabinet,Furniture,North,Karthik Iyer,17,136.28,2316.76,1182.41,1134.35
2025-09-30,Webcam HD,Electronics,Central,Ananya Reddy,17,76.56,1301.52,528.08,773.44
2025-09-30,Laptop Bag,Accessories,Central,Sneha Joshi,9,63.87,574.83,232.9,341.93
